platform	section	index	key	type	field_x	field_y	description
m87	power	1		sp78	0x200	0x0	DCIn Power
m87	power	2		fp6a	0x200	0x0	DCIn Current
m87	power	3		sp78	0x200	0x0	PBus Power
m87	power	4		fp4c	0x200	0x0	PBus Current
m87	power	5		fp4c	0x200	0x0	PBus Voltage
m87	power	6		sp78	0x200	0x0	CPU Power
m87	power	7		fp6a	0x200	0x0	CPU Current
m87	power	8		fp2e	0x200	0x0	CPU Voltage
m87	power	9		sp78	0x200	0x0	NB 1.05V Power
m87	power	10		fp6a	0x200	0x0	NB 1.05V Current
m87	power	12		sp78	0x200	0x0	GPU Power
m87	power	13		fp6a	0x200	0x0	GPU Current
m87	power	14		fp2e	0x200	0x0	GPU Voltage
m87	power	15		sp78	0x200	0x0	NB 1.25V Power
m87	power	16		fp6a	0x200	0x0	NB 1.25V Current
m87	power	19		sp78	0x200	0x0	GPU Frame Buffer Power
m87	power	20		fp6a	0x200	0x0	GPU Frame Buffer Current
m87	power	21		sp78	0x200	0x0	NB 1.8V Power
m87	power	22		fp6a	0x200	0x0	NB 1.8V Current
m87	power	23		sp78	0x200	0x0	HP Power
m87	power	240		sp78	0x100	0x0	PLIMIT CPU
m87	power	241		sp78	0x100	0x0	PLIMIT GPU
m87	power	242		sp78	0x100	0x0	PLIMIT MEM
m87	power	243		sp78	0x100	0x0	PROCHOT
m87	temp	1	TC0D	sp78	0x200	0x0	CPU Die Temp(TC0D)
m87	temp	2	TC0P	sp78	0x200	0x0	CPU Prox Temp(TC0P)
m87	temp	3	Th1H	sp78	0x200	0x0	Fin Stack Temp(Th1H)
m87	temp	5	TG0H	sp78	0x200	0x0	NB Proximity Temp(TG0H)
m87	temp	6	Th2H	sp78	0x200	0x0	Heat Pipe Temp(Th2H)
m87	temp	7	TW0P	sp78	0x200	0x0	Airport Temp (TW0P)
m87	temp	8	Ts0P	sp78	0x200	0x0	Palm Rest Temp(Ts0P)
m87	temp	9	Tm0P	sp78	0x200	0x0	Charger Prox Temp(Tm0P)
m87	temp	10	TTF0	sp78	0x200	0x0	Fan Target Temp(TTF0)
m87	temp	11	TG0P	sp78	0x200	0x0	GPU Prox Temp(TG0P)
m87	temp	12	TG0D	sp78	0x200	0x0	GPU Die Temp(TG0D)
m87	temp	16		sp78	0x200	0x0	Battery Temp
m88	power	1		sp78	0x200	0x0	DCIn Power
m88	power	2		fp6a	0x200	0x0	DCIn Current
m88	power	3		sp78	0x200	0x0	PBus Power
m88	power	4		fp4c	0x200	0x0	PBus Current
m88	power	5		fp4c	0x200	0x0	PBus Voltage
m88	power	6		sp78	0x200	0x0	CPU Power
m88	power	7		fp6a	0x200	0x0	CPU Current
m88	power	8		fp2e	0x200	0x0	CPU Voltage
m88	power	9		sp78	0x200	0x0	NB 1.05V Power
m88	power	10		fp6a	0x200	0x0	NB 1.05V Current
m88	power	12		sp78	0x200	0x0	GPU Power
m88	power	13		fp6a	0x200	0x0	GPU Current
m88	power	14		fp2e	0x200	0x0	GPU Voltage
m88	power	15		sp78	0x200	0x0	NB 1.25V Power
m88	power	16		fp6a	0x200	0x0	NB 1.25V Current
m88	power	19		sp78	0x200	0x0	GPU Frame Buffer Power
m88	power	20		fp6a	0x200	0x0	GPU Frame Buffer Current
m88	power	21		sp78	0x200	0x0	NB 1.8V Power
m88	power	22		fp6a	0x200	0x0	NB 1.8V Current
m88	power	23		sp78	0x200	0x0	HP Power
m88	power	240		sp78	0x100	0x0	PLIMIT CPU
m88	power	241		sp78	0x100	0x0	PLIMIT GPU
m88	power	242		sp78	0x100	0x0	PLIMIT MEM
m88	power	243		sp78	0x100	0x0	PROCHOT
m88	temp	1	TC0D	sp78	0x200	0x0	CPU Die Temp(TC0D)
m88	temp	2	TC0P	sp78	0x200	0x0	CPU Prox Temp(TC0P)
m88	temp	3	Th1H	sp78	0x200	0x0	Fin Stack Temp(Th1H)
m88	temp	5	TG0H	sp78	0x200	0x0	NB Proximity Temp(TG0H)
m88	temp	6	Th2H	sp78	0x200	0x0	Heat Pipe Temp(Th2H)
m88	temp	7	TW0P	sp78	0x200	0x0	Airport Temp (TW0P)
m88	temp	8	Ts0P	sp78	0x200	0x0	Palm Rest Temp(Ts0P)
m88	temp	9	Tm0P	sp78	0x200	0x0	Charger Prox Temp(Tm0P)
m88	temp	10	TTF0	sp78	0x200	0x0	Fan Target Temp(TTF0)
m88	temp	11	TG0P	sp78	0x200	0x0	GPU Prox Temp(TG0P)
m88	temp	12	TG0D	sp78	0x200	0x0	GPU Die Temp(TG0D)
m88	temp	16		sp78	0x200	0x0	Battery Temp
m98	power	1		spn8	0x200	0x0	DCIn Power
m98	power	2		fp6a	0x200	0x0	DCIn Current
m98	power	3		spn8	0x200	0x0	PBus Power
m98	power	4		fp4c	0x200	0x0	PBus Current
m98	power	5		fp4c	0x200	0x0	PBus Voltage
m98	power	6		spn8	0x200	0x0	CPU Power
m98	power	7		fp6a	0x200	0x0	CPU Current
m98	power	8		fp2e	0x200	0x0	CPU Voltage
m98	power	9		spn8	0x200	0x0	MCP VCore Power
m98	power	10		fp6a	0x200	0x0	MCP VCore Current
m98	power	11		fp2e	0x200	0x0	MCP VCore Voltage
m98	power	12		spn8	0x200	0x0	GPU Power
m98	power	13		fp6a	0x200	0x0	GPU Current
m98	power	14		fp2e	0x200	0x0	GPU Voltage
m98	power	15		spn8	0x200	0x0	MCP DDR Power
m98	power	16		fp6a	0x200	0x0	MCP DDR Current
m98	power	17		spn8	0x200	0x0	CPU 1.05V Power
m98	power	18		fp6a	0x200	0x0	CPU 1.05V Current
m98	power	19		spn8	0x200	0x0	GPU Frame Buffer Power
m98	power	20		fp6a	0x200	0x0	GPU Frame Buffer Current
m98	power	21		spn8	0x200	0x0	CPU High Side Power
m98	power	22		fp6a	0x200	0x0	CPU High Side Current
m98	power	23		spn8	0x200	0x0	HP Power
m98	power	240		sp78	0x100	0x0	PLIMIT CPU
m98	power	241		sp78	0x100	0x0	PLIMIT GPU
m98	power	242		sp78	0x100	0x0	PLIMIT MEM
m98	power	243		sp78	0x100	0x0	PROCHOT
m98	temp	1	TC0D	sp78	0x200	0x0	CPU Die Temp(TC0D)
m98	temp	2	TC0P	sp78	0x200	0x0	CPU Prox Temp(TC0P)
m98	temp	3	Th2H	sp78	0x200	0x0	Fin Stack Temp(Th2H)
m98	temp	4	TN0D	sp78	0x200	0x0	MCP Die Temp(TN0D)
m98	temp	5	TN0P	sp78	0x200	0x0	MCP Prox Temp(TN0P)
m98	temp	6	TG0H	sp78	0x200	0x0	Heat Pipe Temp(TG0H)
m98	temp	7	Ts0S	sp78	0x200	0x0	Heat Pipe Syth Temp(Ts0S)
m98	temp	8	Ts0P	sp78	0x200	0x0	Palm Rest Temp(Ts0P)
m98	temp	9	Tm0P	sp78	0x200	0x0	Batt Charger Prox Temp(Tm0P)
m98	temp	10	TTF0	sp78	0x200	0x0	Fan Target Temp(TTF0)
m98	temp	11	TG0P	sp78	0x200	0x0	GPU Prox Temp(TG0P)
m98	temp	12	TG0D	sp78	0x200	0x0	GPU Die Digital Temp(TG0D)
m98	temp	13	TG0T	sp78	0x200	0x0	GPU Die Analog Temp(TG0T)
m98	temp	14	TG1H	sp78	0x200	0x0	Heat Pipe Temp2(TG1H)
m98	temp	15	TB3T	sp78	0x200	0x0	Battery Ambient Temp (TB3T)
m98	temp	16	TB0T	sp78	0x200	0x0	Battery Temp(TB0T)
m98	temp	17	TB1T	sp78	0x200	0x0	Battery Thermistor 0(TB1T)
m98	temp	18	TB2T	sp78	0x200	0x0	Battery Thermistor 1(TB2T)
m98a	power	1		spn8	0x200	0x0	DCIn Power
m98a	power	2		fp6a	0x200	0x0	DCIn Current
m98a	power	3		spn8	0x200	0x0	PBus Power
m98a	power	4		fp4c	0x200	0x0	PBus Current
m98a	power	5		fp4c	0x200	0x0	PBus Voltage
m98a	power	6		spn8	0x200	0x0	CPU Power
m98a	power	7		fp6a	0x200	0x0	CPU Current
m98a	power	8		fp2e	0x200	0x0	CPU Voltage
m98a	power	9		spn8	0x200	0x0	MCP VCore Power
m98a	power	10		fp6a	0x200	0x0	MCP VCore Current
m98a	power	11		fp2e	0x200	0x0	MCP VCore Voltage
m98a	power	12		spn8	0x200	0x0	GPU Power
m98a	power	13		fp6a	0x200	0x0	GPU Current
m98a	power	14		fp2e	0x200	0x0	GPU Voltage
m98a	power	15		spn8	0x200	0x0	MCP DDR Power
m98a	power	16		fp6a	0x200	0x0	MCP DDR Current
m98a	power	17		spn8	0x200	0x0	CPU 1.05V Power
m98a	power	18		fp6a	0x200	0x0	CPU 1.05V Current
m98a	power	19		spn8	0x200	0x0	GPU Frame Buffer Power
m98a	power	20		fp6a	0x200	0x0	GPU Frame Buffer Current
m98a	power	21		spn8	0x200	0x0	CPU High Side Power
m98a	power	22		fp6a	0x200	0x0	CPU High Side Current
m98a	power	23		spn8	0x200	0x0	HP Power
m98a	power	240		sp78	0x100	0x0	PLIMIT CPU
m98a	power	241		sp78	0x100	0x0	PLIMIT GPU
m98a	power	242		sp78	0x100	0x0	PLIMIT MEM
m98a	power	243		sp78	0x100	0x0	PROCHOT
m98a	temp	1	TC0D	sp78	0x200	0x0	CPU Die Temp(TC0D)
m98a	temp	2	TC0P	sp78	0x200	0x0	CPU Prox Temp(TC0P)
m98a	temp	3	Th2H	sp78	0x200	0x0	Fin Stack Temp(Th2H)
m98a	temp	4	TN0D	sp78	0x200	0x0	MCP Die Temp(TN0D)
m98a	temp	5	TN0P	sp78	0x200	0x0	MCP Prox Temp(TN0P)
m98a	temp	6	TG0H	sp78	0x200	0x0	Heat Pipe Temp(TG0H)
m98a	temp	7	Ts0S	sp78	0x200	0x0	Heat Pipe Syth Temp(Ts0S)
m98a	temp	8	Ts0P	sp78	0x200	0x0	Palm Rest Temp(Ts0P)
m98a	temp	9	Tm0P	sp78	0x200	0x0	Batt Charger Prox Temp(Tm0P)
m98a	temp	10	TTF0	sp78	0x200	0x0	Fan Target Temp(TTF0)
m98a	temp	11	TG0P	sp78	0x200	0x0	GPU Prox Temp(TG0P)
m98a	temp	12	TG0D	sp78	0x200	0x0	GPU Die Digital Temp(TG0D)
m98a	temp	13	TG0T	sp78	0x200	0x0	GPU Die Analog Temp(TG0T)
m98a	temp	14	TG1H	sp78	0x200	0x0	Heat Pipe Temp2(TG1H)
m98a	temp	15	TB3T	sp78	0x200	0x0	Battery Ambient Temp (TB3T)
m98a	temp	16	TB0T	sp78	0x200	0x0	Battery Temp(TB0T)
m98a	temp	17	TB1T	sp78	0x200	0x0	Battery Thermistor 0(TB1T)
m98a	temp	18	TB2T	sp78	0x200	0x0	Battery Thermistor 1(TB2T)
K20	power	1		spn8	0x200	0x0	DCIn Power
K20	power	2		fp6a	0x200	0x0	DCIn Current
K20	power	3		spn8	0x200	0x0	PBus Power
K20	power	4		fp4c	0x200	0x0	PBus Current
K20	power	5		fp4c	0x200	0x0	PBus Voltage
K20	power	6		spn8	0x200	0x0	CPU Power
K20	power	7		fp6a	0x200	0x0	CPU Current
K20	power	8		fp2e	0x200	0x0	CPU Voltage
K20	power	9		spn8	0x200	0x0	MCP VCore Power
K20	power	10		fp6a	0x200	0x0	MCP VCore Current
K20	power	11		fp2e	0x200	0x0	MCP VCore Voltage
K20	power	12		spn8	0x200	0x0	GPU Power
K20	power	13		fp6a	0x200	0x0	GPU Current
K20	power	14		fp2e	0x200	0x0	GPU Voltage
K20	power	15		spn8	0x200	0x0	MCP DDR Power
K20	power	16		fp6a	0x200	0x0	MCP DDR Current
K20	power	17		spn8	0x200	0x0	CPU 1.05V Power
K20	power	18		fp6a	0x200	0x0	CPU 1.05V Current
K20	power	19		spn8	0x200	0x0	GPU Frame Buffer Power
K20	power	20		fp6a	0x200	0x0	GPU Frame Buffer Current
K20	power	21		spn8	0x200	0x0	CPU High Side Power
K20	power	22		fp6a	0x200	0x0	CPU High Side Current
K20	power	23		spn8	0x200	0x0	HP Power
K20	power	240		sp78	0x100	0x0	PLIMIT CPU
K20	power	241		sp78	0x100	0x0	PLIMIT GPU
K20	power	242		sp78	0x100	0x0	PLIMIT MEM
K20	power	243		sp78	0x100	0x0	PROCHOT
K20	temp	1	TC0D	sp78	0x200	0x0	CPU Die Temp(TC0D)
K20	temp	2	TC0P	sp78	0x200	0x0	CPU Prox Temp(TC0P)
K20	temp	3	Th2H	sp78	0x200	0x0	Fin Stack Temp(Th2H)
K20	temp	4	TN0D	sp78	0x200	0x0	MCP Die Temp(TN0D)
K20	temp	5	TN0P	sp78	0x200	0x0	MCP Prox Temp(TN0P)
K20	temp	6	TG0H	sp78	0x200	0x0	Heat Pipe Temp(TG0H)
K20	temp	7	Ts0S	sp78	0x200	0x0	Heat Pipe Syth Temp(Ts0S)
K20	temp	8	Ts0P	sp78	0x200	0x0	Palm Rest Temp(Ts0P)
K20	temp	9	Tm0P	sp78	0x200	0x0	Batt Charger Prox Temp(Tm0P)
K20	temp	10	TTF0	sp78	0x200	0x0	Fan Target Temp(TTF0)
K20	temp	11	TG0P	sp78	0x200	0x0	GPU Prox Temp(TG0P)
K20	temp	12	TG0D	sp78	0x200	0x0	GPU Die Digital Temp(TG0D)
K20	temp	13	TG0T	sp78	0x200	0x0	GPU Die Analog Temp(TG0T)
K20	temp	14	TG1H	sp78	0x200	0x0	Heat Pipe Temp2(TG1H)
K20	temp	15	TB3T	sp78	0x200	0x0	Battery Ambient Temp (TB3T)
K20	temp	16	TB0T	sp78	0x200	0x0	Battery Temp(TB0T)
K20	temp	17	TB1T	sp78	0x200	0x0	Battery Thermistor 0(TB1T)
K20	temp	18	TB2T	sp78	0x200	0x0	Battery Thermistor 1(TB2T)
K19	power	1		fpo8	0x200	0x0	DCIn Power
K19	power	2		fp6a	0x200	0x0	DCIn Current
K19	power	3		fpo8	0x200	0x0	PBus Power
K19	power	4		fp4c	0x200	0x0	PBus Current
K19	power	5		fp4c	0x200	0x0	PBus Voltage
K19	power	6		fpo8	0x200	0x0	CPU Power
K19	power	7		fp6a	0x200	0x0	CPU Current
K19	power	8		fp2e	0x200	0x0	CPU Voltage
K19	power	9		fpo8	0x200	0x0	MCP VCore Power
K19	power	10		fp6a	0x200	0x0	MCP VCore Current
K19	power	11		fp2e	0x200	0x0	MCP VCore Voltage
K19	power	12		fpo8	0x200	0x0	GPU Power
K19	power	13		fp6a	0x200	0x0	GPU Current
K19	power	14		fp2e	0x200	0x0	GPU Voltage
K19	power	15		fpo8	0x200	0x0	MCP DDR Power
K19	power	16		fp6a	0x200	0x0	MCP DDR Current
K19	power	17		fpo8	0x200	0x0	CPU 1.05V Power
K19	power	18		fp6a	0x200	0x0	CPU 1.05V Current
K19	power	19		fpo8	0x200	0x0	GPU 1.8V Power
K19	power	20		fp6a	0x200	0x0	GPU 1.8V Current
K19	power	21		fpo8	0x200	0x0	CPU High Side Power
K19	power	22		fp4c	0x200	0x0	CPU High Sdie Current
K19	power	23		fpo8	0x200	0x0	Heatpipe Power
K19	power	24		fp4c	0x200	0x0	ODD Voltage
K19	power	25		fp4c	0x200	0x0	ODD Current
K19	power	26		fpo8	0x200	0x0	ODD Power
K19	power	27		fp4c	0x200	0x0	Airport Voltage
K19	power	28		fp4c	0x200	0x0	Airport Current
K19	power	29		fpo8	0x200	0x0	Airport Power
K19	power	30		fp4c	0x200	0x0	HDD Current
K19	power	31		fpo8	0x200	0x0	HDD Power
K19	power	32		fp4c	0x200	0x0	DIMM Current
K19	power	33		fpo8	0x200	0x0	DIMM Power
K19	power	34		fp2e	0x200	0x0	Backlight Input Current
K19	power	35		fpo8	0x200	0x0	Backlight Input Power
K19	power	36		fp6a	0x200	0x0	Backlight Output Voltage
K19	power	240		sp78	0x100	0x0	PLIMIT CPU
K19	power	241		sp78	0x100	0x0	PLIMIT GPU
K19	power	242		sp78	0x100	0x0	PLIMIT MEM
K19	power	243		sp78	0x100	0x0	PROCHOT
K19	temp	1	TC0D	sp78	0x200	0x0	CPU Die Temp(TC0D)
K19	temp	2	TC0P	sp78	0x200	0x0	CPU Prox Temp(TC0P)
K19	temp	3	Th1H	sp78	0x200	0x0	Fin Stack Temp(Th1H)
K19	temp	4	TN0D	sp78	0x200	0x0	MCP die temp (TN0D)
K19	temp	5	TN0P	sp78	0x200	0x0	MCP prox temp (TN0P)
K19	temp	6	Th2H	sp78	0x200	0x0	Heat Pipe Temp(Th2H)
K19	temp	7	Ts0S	sp78	0x200	0x0	Heat Pipe Synthetic Temp(Ts0S)
K19	temp	8	Ts0P	sp78	0x200	0x0	Palm Rest Temp(Ts0P)
K19	temp	9	Tm0P	sp78	0x200	0x0	Charger Prox Temp(Tm0P)
K19	temp	10	TTF0	sp78	0x200	0x0	Fan Target Temp(TTF0)
K19	temp	11	TG0P	sp78	0x200	0x0	GPU Prox Temp(TG0P)
K19	temp	12	TG0D	sp78	0x200	0x0	GPU Die Digital Temp(TG0D)
K19	temp	13	TG0T	sp78	0x200	0x0	GPU Die Analog Temp(TG0T)
K19	temp	14		sp78	0x200	0x0	Not Connected
K19	temp	15	TB3T	sp78	0x200	0x0	Battery Temp(TB3T)
K19	temp	16	TB0T	sp78	0x200	0x0	Battery Temp(TB0T)
K19	temp	17	TB1T	sp78	0x200	0x0	Battery Thermistor Temp 0(TB1T)
K19	temp	18	TB2T	sp78	0x200	0x0	Battery Thermistor Temp 1(TB2T)
K19I	power	1		fpo8	0x200	0x0	DCIn Power
K19I	power	2		fp6a	0x200	0x0	DCIn Current
K19I	power	3		fpo8	0x200	0x0	PBus Power
K19I	power	4		fp4c	0x200	0x0	PBus Current
K19I	power	5		fp4c	0x200	0x0	PBus Voltage
K19I	power	6		fpo8	0x200	0x0	CPU Power
K19I	power	7		fp6a	0x200	0x0	CPU Current
K19I	power	8		fp2e	0x200	0x0	CPU Voltage
K19I	power	9		fpo8	0x200	0x0	MCP VCore Power
K19I	power	10		fp6a	0x200	0x0	MCP VCore Current
K19I	power	11		fp2e	0x200	0x0	MCP VCore Voltage
K19I	power	12		fpo8	0x200	0x0	GPU Power
K19I	power	13		fp6a	0x200	0x0	GPU Current
K19I	power	14		fp2e	0x200	0x0	GPU Voltage
K19I	power	15		fpo8	0x200	0x0	MCP DDR Power
K19I	power	16		fp6a	0x200	0x0	MCP DDR Current
K19I	power	17		fpo8	0x200	0x0	CPU 1.05V Power
K19I	power	18		fp6a	0x200	0x0	CPU 1.05V Current
K19I	power	19		fpo8	0x200	0x0	GPU 1.8V Power
K19I	power	20		fp6a	0x200	0x0	GPU 1.8V Current
K19I	power	21		fpo8	0x200	0x0	CPU High Side Power
K19I	power	22		fp4c	0x200	0x0	CPU High Sdie Current
K19I	power	23		fpo8	0x200	0x0	Heatpipe Power
K19I	power	24		fp4c	0x200	0x0	ODD Voltage
K19I	power	25		fp4c	0x200	0x0	ODD Current
K19I	power	26		fpo8	0x200	0x0	ODD Power
K19I	power	27		fp4c	0x200	0x0	Airport Voltage
K19I	power	28		fp4c	0x200	0x0	Airport Current
K19I	power	29		fpo8	0x200	0x0	Airport Power
K19I	power	30		fp4c	0x200	0x0	HDD Current
K19I	power	31		fpo8	0x200	0x0	HDD Power
K19I	power	32		fp4c	0x200	0x0	DIMM Current
K19I	power	33		fpo8	0x200	0x0	DIMM Power
K19I	power	34		fp2e	0x200	0x0	Backlight Input Current
K19I	power	35		fpo8	0x200	0x0	Backlight Input Power
K19I	power	36		fp6a	0x200	0x0	Backlight Output Voltage
K19I	power	240		sp78	0x100	0x0	PLIMIT CPU
K19I	power	241		sp78	0x100	0x0	PLIMIT GPU
K19I	power	242		sp78	0x100	0x0	PLIMIT MEM
K19I	power	243		sp78	0x100	0x0	PROCHOT
K19I	temp	1	TC0D	sp78	0x200	0x0	CPU Die Temp(TC0D)
K19I	temp	2	TC0P	sp78	0x200	0x0	CPU Prox Temp(TC0P)
K19I	temp	3	Th1H	sp78	0x200	0x0	Fin Stack Temp(Th1H)
K19I	temp	4	TN0D	sp78	0x200	0x0	MCP die temp (TN0D)
K19I	temp	5	TN0P	sp78	0x200	0x0	MCP prox temp (TN0P)
K19I	temp	6	Th2H	sp78	0x200	0x0	Heat Pipe Temp(Th2H)
K19I	temp	7	Ts0S	sp78	0x200	0x0	Heat Pipe Synthetic Temp(Ts0S)
K19I	temp	8	Ts0P	sp78	0x200	0x0	Palm Rest Temp(Ts0P)
K19I	temp	9	Tm0P	sp78	0x200	0x0	Charger Prox Temp(Tm0P)
K19I	temp	10	TTF0	sp78	0x200	0x0	Fan Target Temp(TTF0)
K19I	temp	11	TG0P	sp78	0x200	0x0	GPU Prox Temp(TG0P)
K19I	temp	12	TG0D	sp78	0x200	0x0	GPU Die Digital Temp(TG0D)
K19I	temp	13	TG0T	sp78	0x200	0x0	GPU Die Analog Temp(TG0T)
K19I	temp	14		sp78	0x200	0x0	Not Connected
K19I	temp	15	TB3T	sp78	0x200	0x0	Battery Temp(TB3T)
K19I	temp	16	TB0T	sp78	0x200	0x0	Battery Temp(TB0T)
K19I	temp	17	TB1T	sp78	0x200	0x0	Battery Thermistor Temp 0(TB1T)
K19I	temp	18	TB2T	sp78	0x200	0x0	Battery Thermistor Temp 1(TB2T)
K17	power	1		fpo8	0x200	0x0	DCIn Power
K17	power	2		fp6a	0x200	0x0	DCIn Current
K17	power	3	PP0R	fpo8	0x200	0x0	PBus Power (PP0R)
K17	power	4		fp4c	0x200	0x0	PBus Current
K17	power	5		fp4c	0x200	0x0	PBus Voltage
K17	power	6	PC0C	fpo8	0x200	0x0	CPU Power (PC0C)
K17	power	7		fp6a	0x200	0x0	CPU Current
K17	power	8		fp2e	0x200	0x0	CPU Voltage
K17	power	9	PN0R	fpo8	0x200	0x0	MCP VCore Power (PN0R)
K17	power	10		fp6a	0x200	0x0	MCP VCore Current
K17	power	11		fp2e	0x200	0x0	MCP VCore Voltage
K17	power	12	PG0C	fpo8	0x200	0x0	GPU Power (PG0C)
K17	power	13		fp6a	0x200	0x0	GPU Current
K17	power	14		fp2e	0x200	0x0	GPU Voltage
K17	power	15		fpo8	0x200	0x0	CPU DDR Power
K17	power	16		fp6a	0x200	0x0	CPU DDR Current
K17	power	17		fpo8	0x200	0x0	1.05V S0 Power
K17	power	18		fp6a	0x200	0x0	1.05V S0 Current
K17	power	19		fpo8	0x200	0x0	GPU 1.8V Power
K17	power	20		fp6a	0x200	0x0	GPU 1.8V Current
K17	power	21	PC0R	fpo8	0x200	0x0	CPU High Side Power (PC0R)
K17	power	22		fp4c	0x200	0x0	CPU High Sdie Current
K17	power	23	PHPC	fpo8	0x200	0x0	Heatpipe Power (PHPC)
K17	power	24		fp4c	0x200	0x0	ODD Voltage
K17	power	25		fp4c	0x200	0x0	ODD Current
K17	power	26		fpo8	0x200	0x0	ODD Power
K17	power	27		fp4c	0x200	0x0	Airport Voltage
K17	power	28		fp4c	0x200	0x0	Airport Current
K17	power	29		fpo8	0x200	0x0	Airport Power
K17	power	30		fp4c	0x200	0x0	HDD Current
K17	power	31		fpo8	0x200	0x0	HDD Power
K17	power	34		fp2e	0x200	0x0	Backlight Input Power
K17	power	35		fpo8	0x200	0x0	Backlight Input Current
K17	power	36		fp6a	0x200	0x0	Backlight Output Voltage
K17	power	37		fpo8	0x200	0x0	S3 1.5V Power
K17	power	38		fp6a	0x200	0x0	S3 1.5V Current
K17	power	39		fpo8	0x200	0x0	S5 3.3V Power
K17	power	40		fp6a	0x200	0x0	S5 3.3V Current
K17	power	41		fpo8	0x200	0x0	S0 VTT PCH Power
K17	power	42		fp6a	0x200	0x0	S0 VTT PCH Current
K17	power	43		fpo8	0x200	0x0	PCH Core Power
K17	power	44		fp6a	0x200	0x0	PCH Core Current
K17	power	45		fpo8	0x200	0x0	S3 3.3V Power
K17	power	46		fp6a	0x200	0x0	S3 3.3V Current
K17	power	47		fpo8	0x200	0x0	S0 5V Power
K17	power	48		fp6a	0x200	0x0	S0 5V Current
K17	power	49		fpo8	0x200	0x0	S0 3.3V Power
K17	power	50		fp6a	0x200	0x0	S0 3.3V Current
K17	power	51		fpo8	0x200	0x0	GPU 1.1V Power
K17	power	52		fp6a	0x200	0x0	GPU 1.1V Current
K17	power	240		sp78	0x100	0x0	PLIMIT CPU
K17	power	241		sp78	0x100	0x0	PLIMIT GPU
K17	power	242		sp78	0x100	0x0	PLIMIT MEM
K17	power	243		sp78	0x100	0x0	PROCHOT
K17	temp	1	TC0D	sp78	0x200	0x0	CPU Die Temp(TC0D)
K17	temp	2	TC0P	sp78	0x200	0x0	CPU Prox Temp(TC0P)
K17	temp	3	Th1H	sp78	0x200	0x0	Right Fin Stack Temp(Th1H)
K17	temp	4	TG0T	sp78	0x200	0x0	GPU Die Analog Temp(TG0T)
K17	temp	5	TG0D	sp78	0x200	0x0	Right Fin Stack Temp(TG0D)
K17	temp	6	TG0P	sp78	0x200	0x0	Right Fin Stack Temp(TG0P)
K17	temp	7	Ts0P	sp78	0x200	0x0	Palm Rest Temp(Ts0P)
K17	temp	8	Th2H	sp78	0x200	0x0	Left Fin Stack Temp(Th2H)
K17	temp	9	Tm0P	sp78	0x200	0x0	Battery Charger Prox Temp(Tm0P)
K17	temp	10	Ts0S	sp78	0x200	0x0	Heat Pipe Synthetic Temp(Ts0S)
K17	temp	11	TB0T	sp78	0x200	0x0	Battery Temp(TB0T)
K17	temp	12	TB1T	sp78	0x200	0x0	Battery Thermistor Temp 0(TB1T)
K17	temp	13	TB2T	sp78	0x200	0x0	Battery Thermistor Temp 1(TB2T)
K17	temp	14	TC1C	sp78	0x200	0x0	Max of CPU Core vs. Mem Ctlr/IG PECI Temps(TC1C)
K17	temp	15	TPCD	sp78	0x200	0x0	PCH Die Temp(TPCD)
K17	temp	16	TC0C	sp78	0x200	0x0	CPU Core PECI Temp(TC0C)
K17	temp	17	TMCD	sp78	0x200	0x0	Memory Controller/Integrated Graphics PECI Temp(TMCD)
K17	temp	18	TP0P	sp78	0x200	0x0	PCH Prox Temp(TP0P)
K18	power	1		sp78	0x200	0x0	DCIn Power
K18	power	2		sp3c	0x200	0x0	DCIn Current
K18	power	3		sp78	0x200	0x0	PBus Power
K18	power	4		sp4b	0x200	0x0	PBus Current
K18	power	5		sp4b	0x200	0x0	PBus Voltage
K18	power	6		sp78	0x200	0x0	CPU Power
K18	power	7		sp69	0x200	0x0	CPU Current
K18	power	8		sp1e	0x200	0x0	CPU Voltage
K18	power	9		sp78	0x200	0x0	NB Int GPU Power
K18	power	10		sp69	0x200	0x0	NB Int GPU Current
K18	power	11		sp1e	0x200	0x0	NB Int GPU Voltage
K18	power	12		sp78	0x200	0x0	GPU Power
K18	power	13		sp69	0x200	0x0	GPU Current
K18	power	14		sp1e	0x200	0x0	GPU Voltage
K18	power	15		sp78	0x200	0x0	CPU DDR Power
K18	power	16		sp69	0x200	0x0	CPU DDR Current
K18	power	17		sp78	0x200	0x0	1.05V S0 Power
K18	power	18		sp69	0x200	0x0	1.05V S0 Current
K18	power	37		sp1e	0x200	0x0	1.05V S0 Voltage
K18	power	19		sp78	0x200	0x0	GPU 1.8V Power
K18	power	20		sp69	0x200	0x0	GPU 1.8V Current
K18	power	21		sp78	0x200	0x0	CPU High Side Power
K18	power	22		sp4b	0x200	0x0	CPU High Sdie Current
K18	power	23		sp78	0x200	0x0	Heatpipe Power
K18	power	24		sp5a	0x200	0x0	ODD Voltage
K18	power	25		sp2d	0x200	0x0	ODD Current
K18	power	26		sp78	0x200	0x0	ODD Power
K18	power	27		fp4c	0x200	0x0	Airport Voltage
K18	power	28		sp2d	0x200	0x0	Airport Current
K18	power	29		sp78	0x200	0x0	Airport Power
K18	power	30		sp4b	0x200	0x0	HDD Current
K18	power	31		sp78	0x200	0x0	HDD Power
K18	power	34		sp78	0x200	0x0	Backlight Input Power
K18	power	35		sp2d	0x200	0x0	Backlight Input Current
K18	power	36		sp69	0x200	0x0	Backlight Output Voltage
K18	power	240		sp78	0x100	0x0	PLIMIT CPU
K18	power	241		sp78	0x100	0x0	PLIMIT GPU
K18	power	242		sp78	0x100	0x0	PLIMIT MEM
K18	power	243		sp78	0x100	0x0	PROCHOT
K18	temp	1	TC0D	sp78	0x200	0x0	CPU Die Temp(TC0D)
K18	temp	2	TC0P	sp78	0x200	0x0	CPU Prox Temp(TC0P)
K18	temp	3	Th1H	sp78	0x200	0x0	Right Fin Stack Temp(Th1H)
K18	temp	4	TG0T	sp78	0x200	0x0	GPU Die Analog Temp(TG0T)
K18	temp	5	TG0D	sp78	0x200	0x0	Right Fin Stack Temp(TG0D)
K18	temp	6	TG0P	sp78	0x200	0x0	Right Fin Stack Temp(TG0P)
K18	temp	7	Ts0P	sp78	0x200	0x0	Palm Rest Temp(Ts0P)
K18	temp	8	Th2H	sp78	0x200	0x0	Left Fin Stack Temp(Th2H)
K18	temp	9	Tm0P	sp78	0x200	0x0	Battery Charger Prox Temp(Tm0P)
K18	temp	10	Ts0S	sp78	0x200	0x0	Heat Pipe Synthetic Temp(Ts0S)
K18	temp	11	TB0T	sp78	0x200	0x0	Battery Temp(TB0T)
K18	temp	12	TB1T	sp78	0x200	0x0	Battery Thermistor Temp 0(TB1T)
K18	temp	13	TB2T	sp78	0x200	0x0	Battery Thermistor Temp 1(TB2T)
K18	temp	14	TC1C	sp78	0x200	0x0	Max of CPU Core vs. Mem Ctlr/IG PECI Temps(TC1C)
K18	temp	15	TPCD	sp78	0x200	0x0	PCH Die Temp(TPCD)
K18	temp	16	TC0C	sp78	0x200	0x0	CPU Core PECI Temp(TC0C)
K18	temp	17	TMCD	sp78	0x200	0x0	Memory Controller/Integrated Graphics PECI Temp(TMCD)
D2	power	1	PHPC	sp87	0x200	0x0	HP Power (Watts) (PHPC)
D2	power	2	PC0R	sp87	0x200	0x0	CPU Computing High Side Power (Watts) (PC0R)
D2	power	3	PG0R	sp87	0x200	0x0	Ext GPU Ext GPU High Side Power (Watts) (PG0R)
D2	power	4	PO0R	sp87	0x200	0x0	Other High Side Power   (Watts) (PO0R)
D2	power	5	PDTR	sp87	0x200	0x0	DC-In total power  (Watts) (PDTR)
D2	power	6	PPBR	sp96	0x200	0x0	PBus on battery power (Watts) (PPBR)
D2	power	7	PHDC	sp78	0x200	0x0	HDD Power  (Watts) (PHDC)
D2	power	8	PC0C	sp96	0x200	0x0	CPU Core Power (Watts) (PC0C)
D2	power	9	PM0R	sp78	0x200	0x0	DDR Power (Watts) (PM0R)
D2	power	10	PC1C	sp87	0x200	0x0	CPU VCCIO 1.05V S0 Power (Watts) (PC1C)
D2	power	11	PN0R	sp78	0x200	0x0	NB Int GPU Power (Watts) (PN0R)
D2	power	12	PC2C	sp87	0x200	0x0	CPU VCCSA Power (Watts) (PC2C)
D2	power	13	PG0C	sp78	0x200	0x0	Ext GPU Power (Watts) (PG0C)
D2	power	14	PBLC	sp78	0x200	0x0	Backlight Input Power   (Watts) (PBLC)
D2	power	15	PG3C	sp78	0x200	0x0	Ext GPU 1.35V Power (Watts) (PG3C)
D2	power	16	PTPR	sp87	0x200	0x0	T25 - Track Pad Power (Watts) (PTPR)
D2	power	17	PSBC	sp87	0x200	0x0	PCH core Power (DEBUG) (Watts) (PSBC)
D2	power	18	PAPC	sp78	0x200	0x0	Airport Power   (watts) (PAPC)
D2	power	19	PHSC	sp78	0x200	0x0	Thunderbolt Power (Watts) (PHSC)
D2	power	20	PG1C	sp78	0x200	0x0	Ext GPU 1.8V Power (DEBUG) (Watts) (PG1C)
D2	power	21	PC3C	sp87	0x200	0x0	CPU DDR Power (Watts) (PC3C)
D2	power	22	PLDC	sp87	0x200	0x0	LCD Driver Power (Watts) (PLDC)
D2	power	23	PG2C	sp78	0x200	0x0	Ext GPU 1.0V Power  (DEBUG) (Watts) (PG2C)
D2	power	24	VC0C	sp1e	0x200	0x0	CPU Core voltage. (Volts) (VC0C)
D2	power	25	IC0C	sp87	0x200	0x0	CPU Core current. (Amps) (IC0C)
D2	power	26	IG0R	sp4b	0x200	0x0	Ext GPU High Side current. (Amps) (IG0R)
D2	power	27	VD0R	sp5a	0x200	0x0	DC In voltage. (Volts) (VD0R)
D2	power	28	ID0R	sp3c	0x200	0x0	DC In rail current. (Amps) (ID0R)
D2	power	29	VP0R	sp4b	0x200	0x0	PBus rail voltage. (Volts) (VP0R)
D2	power	30	IHDC	sp4b	0x200	0x0	HDD Current  (Amps) (IHDC)
D2	power	31	IPBR	sp5a	0x200	0x0	PBus on battery current. (Amps) (IPBR)
D2	power	32	IC0R	sp4b	0x200	0x0	CPU Computing High Side current. (Amps) (IC0R)
D2	power	33	IO0R	sp4b	0x200	0x0	Other High Side current.  (Amps) (IO0R)
D2	power	34	IM0C	sp5a	0x200	0x0	DDR current. (Amps) (IM0C)
D2	power	35	IC1C	sp69	0x200	0x0	VCCIO 1.05V S0  current. (Amps) (IC1C)
D2	power	36	VN0C	sp1e	0x200	0x0	NB Int GPU voltage. (Volts) (VN0C)
D2	power	37	IC2C	sp69	0x200	0x0	VCCSA S0  current. (Amps) (IC2C)
D2	power	38	VG0C	sp1e	0x200	0x0	Ext GPU Core voltage. (Volts) (VG0C)
D2	power	39	IG0C	sp69	0x200	0x0	Ext GPU Core current. (Amps) (IG0C)
D2	power	40	VBLC	sp69	0x200	0x0	Backlight Output Voltage.  (Volts) (VBLC)
D2	power	41	IBLC	sp1e	0x200	0x0	Backlight Current.  (Amps) (IBLC)
D2	power	42	IN0C	sp69	0x200	0x0	NB Int GPU current. (Amps) (IN0C)
D2	power	43	IG3C	sp4b	0x200	0x0	Ext GPU  1.35 V current. (Amps) (IG3C)
D2	power	44	ITPC	sp4b	0x200	0x0	T25 - Track Pad Current  (Amps) (ITPC)
D2	power	45	ISBC	sp4b	0x200	0x0	PCH core  Current (Amps) (ISBC)
D2	power	46	IAPC	sp4b	0x200	0x0	Airport Current (Amps) (IAPC)
D2	power	47	IHSC	sp4b	0x200	0x0	Thunderbolt Current  (Amps) (IHSC)
D2	power	48	IG1C	sp4b	0x200	0x0	Ext GPU 1.8V current. (DEBUG) (Amps) (IG1C)
D2	power	49	VCRP	sp78	0x200	0x0	CPU Ripple voltage. (DEBUG) (Volts) (VCRP)
D2	power	50	IC3C	sp4b	0x200	0x0	CPU DDR Current (Debug)  (Amps) (IC3C)
D2	power	51	ILDC	sp4b	0x200	0x0	LCD Driver Current (Debug)  (Amps) (ILDC)
D2	power	52	IG2C	sp4b	0x200	0x0	Ext GPU 1.0V current. (DEBUG) (Amps) (IG2C)
D2	power	220	PHPC	sp87	0x200	0x0	HP Power (PHPC)
D2	power	221	PTHC	sp87	0x200	0x0	HP Power Target (PTHC)
D2	power	222	MSLT	ui16	0x200	0x0	HP Power Throttle (MSLT)
D2	power	240	MSTc	ui8 	0x100	0x0	CPU Plimit (MSTc)
D2	power	241	MSTg	ui8 	0x100	0x0	GPU Plimit (MSTg)
D2	power	242	MSTm	ui8 	0x100	0x0	MEM Plimit (MSTm)
D2	power	243	MSTi	ui8 	0x100	0x0	2nd GPU Plimit (MSTi)
D2	power	244	MSTf	ui8 	0x100	0x0	Forced Idle Limit (MSTf)
D2	temp	1	PCPT	sp87	0x200	0x0	CPU package total power (PECI) (Watts) (PCPT)
D2	temp	2	PCPC	sp87	0x200	0x0	CPU package core power (PECI) (Watts) (PCPC)
D2	temp	3	PCPG	sp87	0x200	0x0	CPU package Gfx power (PECI) (Watts) (PCPG)
D2	temp	4	TCXC	sp78	0x200	0x0	CPU PECI die temp  (DegC) (TCXC)
D2	temp	5	TC0P	sp78	0x200	0x0	CPU proximity temp (DegC) (TC0P)
D2	temp	6	TP0P	sp78	0x200	0x0	PCH Proxmity temp (DegC) (TP0P)
D2	temp	7	Ta0P	sp78	0x200	0x0	DCIn Air flow Temperature (DegC) (Ta0P)
D2	temp	8	Th1H	sp78	0x200	0x0	Right Fin stack temp (DegC) (Th1H)
D2	temp	9	TG0D	sp78	0x200	0x0	GPU Die Analog temp (DegC) (TG0D)
D2	temp	10	TG0P	sp78	0x200	0x0	GPU proximity temp (DegC) (TG0P)
D2	temp	11	Th2H	sp78	0x200	0x0	Left Fin stack temp (DegC) (Th2H)
D2	temp	12	TM0P	sp78	0x200	0x0	Dimm Proximity temp(DegC) (TM0P)
D2	temp	13	TW0P	sp78	0x200	0x0	Airport Temp (DegC) (TW0P)
D2	temp	14	Ts0P	sp78	0x200	0x0	Palm Rest Temp (DegC) (Ts0P)
D2	temp	15	TPCD	sp78	0x200	0x0	PCH Die temp (DegC) (TPCD)
D2	temp	16	TS0P	sp78	0x200	0x0	Speaker Proximity Temp (DegC) (TS0P)
D2	temp	17	TS0D	sp78	0x200	0x0	Speaker Remote Temp (DegC) (TS0D)
D2	temp	18	TS1P	sp78	0x200	0x0	Speaker Proximity 2 Temp (DegC) (TS1P)
D2	temp	19	TS1D	sp78	0x200	0x0	Speaker Remote 2 Temp (DegC) (TS1D)
D2	temp	20	MST1	sp87	0x200	0x0	Audio ScratchPad register (MST1)
D2	temp	21	MST2	sp87	0x200	0x0	Audio ScratchPad2 register (MST2)
D2	temp	22	Ts0S	sp78	0x200	0x0	Synthetic bottom skin (DegC) (Ts0S)
D2	temp	23	TC0E	sp78	0x200	0x0	CPU die Virtual temp (DegC) (TC0E)
D2	temp	24	TCTD	sp78	0x200	0x0	CPU PECI die temp Trend (DegC) (TCTD)
D2	temp	25	TC0F	sp78	0x200	0x0	CPU PECI die temp filtered then adjusted (DegC) (TC0F)
D2	temp	26	TMBS	sp78	0x200	0x0	DIMM Bandwidth Estimate (DegC) (TMBS)
D2	temp	27	TM0S	sp78	0x200	0x0	Synthetic DIMM Estimate(DegC) (TM0S)
D2	temp	28	Ts1S	sp78	0x200	0x0	Synthetic Top skin (DegC) (Ts1S)
D2	temp	29	TH0A	sp78	0x200	0x0	SSD Temp A (DegC) (TH0A)
D2	temp	30	TH0B	sp78	0x200	0x0	SSD Temp B  (DegC) (TH0B)
D2	temp	220	F0Ac	fpe2	0x200	0x0	Fan0 Actual RPM(F0Ac)
D2	temp	221	F1Ac	fpe2	0x200	0x0	Fan1 Actual RPM(F1Ac)
D2	temp	239	PSTR	sp87	0x200	0x0	System Total Power Consumed (Delayed 1 Second) (Watts) (PSTR)
D2	temp	240	B0FC	ui16	0x200	0x0	Battery full charge capacity. (mAh) (B0FC)
D2	temp	241	B0RM	ui16	0x200	0x0	Battery remain capacity. (mAh) (B0RM)
D2	temp	242	CHBI	ui16	0x200	0x0	Battery charge current. (mAh) (CHBI)
D2	temp	243	B0AC	si16	0x200	0x0	Battery Actual current. (A) (B0AC)
D2	temp	244	B0AV	ui16	0x200	0x0	Battery Actual Voltage. (V) (B0AV)
J15	power	1	PHPC	sp87	0x200	0x0	HP Power (Watts) (PHPC)
J15	power	2	PC0R	sp96	0x200	0x0	CPU Computing High Side Power (Watts) (PC0R)
J15	power	3	PG0R	sp87	0x200	0x0	Ext GPU High Side Power (Watts) (PG0R)
J15	power	4	PO0R	sp87	0x200	0x0	Other High Side Power   (Watts) (PO0R)
J15	power	5	PO0R	sp87	0x200	0x0	Other High Side Power   (Watts) (PO0R)
J15	power	6	PDTR	sp87	0x200	0x0	DC-In total power  (Watts) (PDTR)
J15	power	7	PPBR	sp96	0x200	0x0	PBus on battery power (Watts) (PPBR)
J15	power	8	PHDC	sp78	0x200	0x0	SSD Power  (Watts) (PHDC)
J15	power	9	PC0C	spa5	0x200	0x0	CPU Core Package Power (Watts) (PC0C)
J15	power	10	PM0R	sp78	0x200	0x0	DDR Power (Watts) (PM0R)
J15	power	11	PC3C	sp87	0x200	0x0	CPU DDR Power (Watts) (PC3C)
J15	power	12	PG0C	sp78	0x200	0x0	Ext GPU Power (Watts) (PG0C)
J15	power	13	PG1C	sp78	0x200	0x0	Ext GPU Frame Buffer Power  (Watts) (PG1C)
J15	power	14	PG2C	sp78	0x200	0x0	Ext GPU 1.05V Power (Watts) (PG2C)
J15	power	15	PBLC	sp78	0x200	0x0	Backlight Input Power   (Watts) (PBLC)
J15	power	16	PSBC	sp87	0x200	0x0	PCH core Power (Watts) (PSBC)
J15	power	17	PAPC	sp78	0x200	0x0	Airport Power   (watts) (PAPC)
J15	power	18	PHSC	sp78	0x200	0x0	Thunderbolt Power (Watts) (PHSC)
J15	power	19	VC0C	sp2d	0x200	0x0	CPU Package Core voltage. (Volts) (VC0C)
J15	power	20	IC0C	sp87	0x200	0x0	CPU Package Core current. (Amps) (IC0C)
J15	power	21	IG0R	sp4b	0x200	0x0	Ext GPU High Side current. (Amps) (IG0R)
J15	power	22	VD0R	sp5a	0x200	0x0	DC In voltage. (Volts) (VD0R)
J15	power	23	ID0R	sp4b	0x200	0x0	DC In rail current. (Amps) (ID0R)
J15	power	24	VP0R	sp4b	0x200	0x0	PBus rail voltage. (Volts) (VP0R)
J15	power	25	IHDC	sp4b	0x200	0x0	SSD Current  (Amps) (IHDC)
J15	power	26	IPBR	sp5a	0x200	0x0	PBus on battery current. (Amps) (IPBR)
J15	power	27	IC0R	sp5a	0x200	0x0	CPU Computing High Side current. (Amps) (IC0R)
J15	power	28	IO0R	sp4b	0x200	0x0	Other High Side current.  (Amps) (IO0R)
J15	power	29	IM0C	sp5a	0x200	0x0	DDR current. (Amps) (IM0C)
J15	power	30	IC3C	sp69	0x200	0x0	CPU DDR Current  (Amps) (IC3C)
J15	power	31	ILDC	sp1e	0x200	0x0	LCD Panel Current  (Amps) (ILDC)
J15	power	32	VG0C	sp1e	0x200	0x0	Ext GPU Core voltage. (Volts) (VG0C)
J15	power	33	IG0C	sp69	0x200	0x0	Ext GPU Core current. (Amps) (IG0C)
J15	power	34	VBLC	sp69	0x200	0x0	Backlight Output Boosted Voltage.  (Volts) (VBLC)
J15	power	35	IBLC	sp1e	0x200	0x0	LCD Backlight Current.  (Amps) (IBLC)
J15	power	36	VG1C	sp2d	0x200	0x0	Ext GPU Frame Buffer Voltage. (Volts) (VG1C)
J15	power	37	IG1C	sp69	0x200	0x0	Ext GPU Frame Buffer current.  (Amps) (IG1C)
J15	power	38	IG2C	sp4b	0x200	0x0	Ext GPU 1.05V current. (Amps) (IG2C)
J15	power	39	ISBC	sp4b	0x200	0x0	PCH core  Current (Amps) (ISBC)
J15	power	40	IAPC	sp4b	0x200	0x0	Airport Current (Amps) (IAPC)
J15	power	41	IHSC	sp4b	0x200	0x0	Thunderbolt Current  (Amps) (IHSC)
J15	power	220	PHPC	sp87	0x200	0x0	HP Power (PHPC)
J15	power	221	PTHC	sp87	0x200	0x0	HP Power Target (PTHC)
J15	power	222	MSLT	ui16	0x200	0x0	HP Power Throttle (MSLT)
J15	power	223	PZ1F	sp87	0x200	0x0	Zone 1 Filtered Power (PZ1F)
J15	power	224	PZ1E	sp87	0x200	0x0	Zone 1 Target Power (PZ1E)
J15	power	225	PZ1T	ui16	0x200	0x0	Zone 1 Abstract Throttle (PZ1T)
J15	power	226	PZ2F	sp87	0x200	0x0	Zone 1 Filtered Power (PZ2F)
J15	power	227	PZ2E	sp87	0x200	0x0	Zone 1 Target Power (PZ2E)
J15	power	228	PZ2T	ui16	0x200	0x0	Zone 1 Abstract Throttle (PZ2T)
J15	power	229	PZ3F	sp87	0x200	0x0	Zone 1 Filtered Power (PZ3F)
J15	power	230	PZ3E	sp87	0x200	0x0	Zone 1 Target Power (PZ3E)
J15	power	231	PZ3T	ui16	0x200	0x0	Zone 1 Abstract Throttle (PZ3T)
J15	power	240	MSTc	ui8 	0x100	0x0	CPU Plimit (MSTc)
J15	power	241	MSTg	ui8 	0x100	0x0	GPU Plimit (MSTg)
J15	power	242	MSTm	ui8 	0x100	0x0	MEM Plimit (MSTm)
J15	power	243	MSTi	ui8 	0x100	0x0	2nd GPU Plimit (MSTi)
J15	power	244	MSTf	ui8 	0x100	0x0	Forced Idle Limit (MSTf)
J15	temp	1	Ts0P	sp78	0x200	0x0	Palm Rest Temp (DegC) (Ts0P)
J15	temp	2	TCXC	sp78	0x200	0x0	CPU PECI die temp  (DegC) (TCXC)
J15	temp	3	TC0P	sp78	0x200	0x0	CPU proximity temp (DegC) (TC0P)
J15	temp	4	TM0P	sp78	0x200	0x0	Dimm Proximity temp(DegC) (TM0P)
J15	temp	5	TP0P	sp78	0x200	0x0	PCH Proxmity temp (DegC) (TP0P)
J15	temp	6	Ta0P	sp78	0x200	0x0	DCIn Air flow Temperature (DegC) (Ta0P)
J15	temp	7	TG0D	sp78	0x200	0x0	GPU Die Analog temp (DegC) (TG0D)
J15	temp	8	Th1H	sp78	0x200	0x0	Right Fin stack temp (DegC) (Th1H)
J15	temp	9	Th2H	sp78	0x200	0x0	Left Fin stack temp (DegC) (Th2H)
J15	temp	10	TG1d	sp78	0x200	0x0	GPU digital die temp Raw (without offset) (DegC) (TG1d)
J15	temp	11	TW0P	sp78	0x200	0x0	Airport Temp (DegC) (TW0P)
J15	temp	12	TPCD	sp78	0x200	0x0	PCH Die temp (DegC) (TPCD)
J15	temp	13	TC1C	sp78	0x200	0x0	CPU Core 0 temp (PECI) (DegC) (TC1C)
J15	temp	14	TC2C	sp78	0x200	0x0	CPU Core 1 temp (PECI) (DegC) (TC2C)
J15	temp	15	TC3C	sp78	0x200	0x0	CPU Core 2 temp (PECI) (DegC) (TC3C)
J15	temp	16	TC4C	sp78	0x200	0x0	CPU Core 3 temp (PECI) (DegC) (TC4C)
J15	temp	17	PCPT	sp87	0x200	0x0	CPU package total power (PECI) (Watts) (PCPT)
J15	temp	18	PCPC	sp87	0x200	0x0	CPU package core power (PECI) (Watts) (PCPC)
J15	temp	19	PCPG	sp87	0x200	0x0	CPU package Gfx power (PECI) (Watts) (PCPG)
J15	temp	20	Ts0S	sp78	0x200	0x0	Synthetic bottom skin (DegC) (Ts0S)
J15	temp	21	Ts1S	sp78	0x200	0x0	Synthetic Top skin (DegC) (Ts1S)
J15	temp	22	TC0E	sp78	0x200	0x0	CPU die Virtual temp (DegC) (TC0E)
J15	temp	23	TCTD	sp78	0x200	0x0	CPU PECI die temp Trend (DegC) (TCTD)
J15	temp	24	TC0F	sp78	0x200	0x0	CPU PECI die temp filtered then adjusted (DegC) (TC0F)
J15	temp	25	TMBS	sp78	0x200	0x0	DIMM Bandwidth Estimate (DegC) (TMBS)
J15	temp	26	TM0S	sp78	0x200	0x0	Synthetic DIMM Estimate(DegC) (TM0S)
J15	temp	27	TH0A	sp78	0x200	0x0	SSD Temp A (DegC) (TH0A)
J15	temp	28	TH0B	sp78	0x200	0x0	SSD Temp B  (DegC) (TH0B)
J15	temp	29	TG0P	sp78	0x200	0x0	GPU proximity temp (DegC) (TG0P)
J15	temp	30	TG1D	sp78	0x200	0x0	GPU digital die temp (DegC) (TG1D)
J15	temp	31	TG1F	sp78	0x200	0x0	GPU digital die temp filtered (DegC) (TG1F)
J15	temp	32	TaSP	sp78	0x200	0x0	DCIn Air flow Adjusted Temperature (DegC) (TaSP)
J15	temp	33	TH0V	sp78	0x200	0x0	SSD Temp B Foreign Drive Prediction   (DegC) (TH0V)
J15	temp	220	F0Ac	fpe2	0x200	0x0	Fan0 Actual RPM(F0Ac)
J15	temp	221	F1Ac	fpe2	0x200	0x0	Fan1 Actual RPM(F1Ac)
J15	temp	239	PSTR	sp87	0x200	0x0	System Total Power Consumed (Delayed 1 Second) (Watts) (PSTR)
J15	temp	240	B0FC	ui16	0x200	0x0	Battery full charge capacity. (mAh) (B0FC)
J15	temp	241	B0RM	ui16	0x200	0x0	Battery remain capacity. (mAh) (B0RM)
J15	temp	242	CHBI	ui16	0x200	0x0	Battery charge current. (mAh) (CHBI)
J15	temp	243	B0AC	ui16	0x200	0x0	Battery Actual current. (mA) (B0AC)
J15	temp	244	B0AV	ui16	0x200	0x0	Battery Actual Voltage. (mV) (B0AV)
J45	power	1	PC0C	spa5	0x200	0x0	CPU Core Package Power (Includes Integrated Graphics Power) (Watts) (PC0C)
J45	power	2	PDTR	sp87	0x200	0x0	DC-In total power  (Watts) (PDTR)
J45	power	3	PPBR	sp96	0x200	0x0	PBus on battery power (Watts) (PPBR)
J45	power	4	PHDC	sp78	0x200	0x0	SSD Power  (Watts) (PHDC)
J45	power	5	PC0R	sp96	0x200	0x0	CPU Computing High Side Power (Watts) (PC0R)
J45	power	6	PO3R	sp87	0x200	0x0	Other 3.3V High Side Power   (Watts) (PO3R)
J45	power	7	PM0R	sp78	0x200	0x0	DDR Power (Watts) (PM0R)
J45	power	8	PC3C	sp87	0x200	0x0	CPU DDR Power (Watts) (PC3C)
J45	power	9	PO5R	sp87	0x200	0x0	Other 5V High Side Power   (Watts) (PO5R)
J45	power	10	PLDC	sp87	0x200	0x0	LCD Panel Power (Watts) (PLDC)
J45	power	11	PBLC	sp78	0x200	0x0	Backlight Input Power   (Watts) (PBLC)
J45	power	12	PCMC	sp87	0x200	0x0	S2 Camera Power (Watts) (PCMC)
J45	power	13	PAPC	sp78	0x200	0x0	Airport Power   (Watts) (PAPC)
J45	power	14	PHSC	sp78	0x200	0x0	Thunderbolt Power (Watts) (PHSC)
J45	power	15	PTPC	sp87	0x200	0x0	T101 Boost/PBus Accuator Power (Watts) (PTPC)
J45	power	16	VC0C	sp2d	0x200	0x0	CPU Package Core Voltage. (Volts) (VC0C)
J45	power	17	IC0C	sp87	0x200	0x0	CPU Package Core current. (Amps) (IC0C)
J45	power	18	VD0R	sp5a	0x200	0x0	DC In Voltage. (Volts) (VD0R)
J45	power	19	ID0R	sp4b	0x200	0x0	DC In rail current. (Amps) (ID0R)
J45	power	20	VP0R	sp4b	0x200	0x0	PBus rail Voltage. (Volts) (VP0R)
J45	power	21	IHDC	sp4b	0x200	0x0	SSD Current  (Amps) (IHDC)
J45	power	22	IPBR	sp5a	0x200	0x0	PBus on battery current. (Amps) (IPBR)
J45	power	23	IC0R	sp5a	0x200	0x0	CPU Computing High Side current. (Amps) (IC0R)
J45	power	24	IO3R	sp4b	0x200	0x0	Other 3.3V High Side current.  (Amps) (IO3R)
J45	power	25	IM0C	sp5a	0x200	0x0	DDR current. (Amps) (IM0C)
J45	power	26	IC3C	sp69	0x200	0x0	CPU DDR Current  (Amps) (IC3C)
J45	power	27	ILDC	sp1e	0x200	0x0	LCD Panel Current  (Amps) (ILDC)
J45	power	28	IO5R	sp4b	0x200	0x0	Other 5V High Side current.  (Amps) (IO5R)
J45	power	29	VTPC	sp69	0x200	0x0	T101 Boost/PBus Accuator Voltage. (Volts) (VTPC)
J45	power	30	IBLC	sp1e	0x200	0x0	LCD Backlight Current.  (Amps) (IBLC)
J45	power	31	ICMC	sp4b	0x200	0x0	S2 Camera Current  (Amps) (ICMC)
J45	power	32	ITPC	sp4b	0x200	0x0	T101 Boost/PBus Accuator Current  (Amps) (ITPC)
J45	power	33	IAPC	sp4b	0x200	0x0	Airport Current (Amps) (IAPC)
J45	power	34	IHSC	sp4b	0x200	0x0	Thunderbolt Current  (Amps) (IHSC)
J45	power	220	PZ0F	flt 	0x400	0x0	Zone 0 Filtered Power (PZ0F)
J45	power	221	PTHC	flt 	0x400	0x0	HP Power Target (PTHC)
J45	power	222	MSLT	flt 	0x400	0x0	HP Power Throttle (MSLT)
J45	power	240	MSTc	ui8 	0x100	0x0	CPU Plimit (MSTc)
J45	power	241	MSTg	ui8 	0x100	0x0	GPU Plimit (MSTg)
J45	power	242	MSTm	ui8 	0x100	0x0	MEM Plimit (MSTm)
J45	power	244	MSTf	ui8 	0x100	0x0	Forced Idle Limit (MSTf)
J45	temp	1	Ts0P	sp78	0x200	0x0	Palm Rest Temp (DegC) (Ts0P)
J45	temp	2	TC0P	sp78	0x200	0x0	CPU proximity temp (DegC) (TC0P)
J45	temp	3	TM0P	sp78	0x200	0x0	Dimm Proximity temp(DegC) (TM0P)
J45	temp	4	TP0P	sp78	0x200	0x0	PCH Proxmity temp (DegC) (TP0P)
J45	temp	5	Ta0P	sp78	0x200	0x0	DCIn Air flow Temperature (DegC) (Ta0P)
J45	temp	6	Th1H	sp78	0x200	0x0	Right Fin stack temp (DegC) (Th1H)
J45	temp	7	Th2H	sp78	0x200	0x0	Left Fin stack temp (DegC) (Th2H)
J45	temp	8	TC1C	sp78	0x200	0x0	CPU Core 0 temp (PECI) (DegC) (TC1C)
J45	temp	9	TC2C	sp78	0x200	0x0	CPU Core 1 temp (PECI) (DegC) (TC2C)
J45	temp	10	TC3C	sp78	0x200	0x0	CPU Core 2 temp (PECI) (DegC) (TC3C)
J45	temp	11	TC4C	sp78	0x200	0x0	CPU Core 3 temp (PECI) (DegC) (TC4C)
J45	temp	12	TCXC	sp78	0x200	0x0	CPU PECI die temp  (DegC) (TCXC)
J45	temp	13	TCGC	sp78	0x200	0x0	CPU Gfx Core temp (PECI) (DegC) (TCGC)
J45	temp	14	TCSA	sp78	0x200	0x0	CPU System Agent Core temp (PECI) (DegC) (TCSA)
J45	temp	15	PCPT	sp87	0x200	0x0	CPU package total power (PECI) (Watts) (PCPT)
J45	temp	16	PCPC	sp87	0x200	0x0	CPU package core power (PECI) (Watts) (PCPC)
J45	temp	17	PCPG	sp87	0x200	0x0	CPU package Gfx power (PECI) (Watts) (PCPG)
J45	temp	18	TW0P	sp78	0x200	0x0	Airport Temp (DegC) (TW0P)
J45	temp	19	TH0a	sp78	0x200	0x0	Drive0 (SSD Gumstick) OOB v3 raw temp A (DegC) (TH0a)
J45	temp	20	TH0b	sp78	0x200	0x0	Drive0 (SSD Gumstick) OOB v3 raw temp B (DegC) (TH0b)
J45	temp	21	TH0c	sp78	0x200	0x0	Drive0 (SSD Gumstick) OOB v3 raw temp C (DegC) (TH0c)
J45	temp	22	TH0x	sp78	0x200	0x0	Drive0 (SSD Gumstick) OOB v3 raw temp Max (DegC) (TH0x)
J45	temp	23	Ts0S	sp78	0x200	0x0	Synthetic bottom skin (DegC) (Ts0S)
J45	temp	24	Ts1S	sp78	0x200	0x0	Synthetic Top skin (DegC) (Ts1S)
J45	temp	25	TC0E	sp78	0x200	0x0	CPU die Virtual temp (DegC) (TC0E)
J45	temp	26	TM0S	sp78	0x200	0x0	Synthetic DIMM Estimate(DegC) (TM0S)
J45	temp	27	TMBS	sp78	0x200	0x0	DIMM Bandwidth Estimate (DegC) (TMBS)
J45	temp	28	TH0V	sp78	0x200	0x0	SSD Temp B Foreign Drive Prediction   (DegC) (TH0V)
J45	temp	220	F0Ac	fpe2	0x200	0x0	Fan0 Actual RPM(F0Ac)
J45	temp	221	F1Ac	fpe2	0x200	0x0	Fan1 Actual RPM(F1Ac)
J45	temp	239	PSTR	sp87	0x200	0x0	System Total Power Consumed (Delayed 1 Second) (Watts) (PSTR)
J45	temp	240	B0FC	ui16	0x200	0x0	Battery full charge capacity. (mAh) (B0FC)
J45	temp	241	B0RM	ui16	0x200	0x0	Battery remain capacity. (mAh) (B0RM)
J45	temp	242	CHBI	ui16	0x200	0x0	Battery charge current. (mAh) (CHBI)
J45	temp	243	B0AC	si16	0x200	0x0	Battery Actual current. (A) (B0AC)
J45	temp	244	B0AV	ui16	0x200	0x0	Battery Actual Voltage. (V) (B0AV)
J53	power	1	VC0C	sp2d	0x200	0x0	CPU Package Core Voltage. (Volts) (VC0C)
J53	power	2	IC0C	sp87	0x200	0x0	CPU Package Core current. (Amps) (IC0C)
J53	power	3	ITPC	sp4b	0x200	0x0	T101 Accuator Current  (Amps) (ITPC)
J53	power	4	VD0R	sp5a	0x200	0x0	DC In Voltage. (Volts) (VD0R)
J53	power	5	ID0R	sp4b	0x200	0x0	DC In rail current. (Amps) (ID0R)
J53	power	6	VP0R	sp4b	0x200	0x0	PBus rail Voltage. (Volts) (VP0R)
J53	power	7	IHDC	sp4b	0x200	0x0	SSD Current  (Amps) (IHDC)
J53	power	8	IPBR	sp5a	0x200	0x0	PBus on battery current. (Amps) (IPBR)
J53	power	9	IC0R	sp5a	0x200	0x0	CPU Computing High Side current. (Amps) (IC0R)
J53	power	10	IO3R	sp4b	0x200	0x0	Other 3.3V High Side current.  (Amps) (IO3R)
J53	power	11	IM0C	sp5a	0x200	0x0	DDR current. (Amps) (IM0C)
J53	power	12	IC3C	sp69	0x200	0x0	CPU DDR Current  (Amps) (IC3C)
J53	power	13	ILDC	sp1e	0x200	0x0	LCD Panel Current  (Amps) (ILDC)
J53	power	14	IO5R	sp4b	0x200	0x0	Other 5V High Side current.  (Amps) (IO5R)
J53	power	15	IBLC	sp1e	0x200	0x0	LCD Backlight Current.  (Amps) (IBLC)
J53	power	16	ICMC	sp4b	0x200	0x0	S2 Camera Current  (Amps) (ICMC)
J53	power	17	VTPC	sp69	0x200	0x0	T101 Accuator Voltage. (Volts) (VTPC)
J53	power	18	IAPC	sp4b	0x200	0x0	Airport Current (Amps) (IAPC)
J53	power	19	IHSC	sp4b	0x200	0x0	Thunderbolt Current  (Amps) (IHSC)
J53	power	20	PC0C	spa5	0x200	0x0	CPU Core Package Power (Includes Integrated Graphics Power) (Watts) (PC0C)
J53	power	21	PDTR	sp87	0x200	0x0	DC-In total power  (Watts) (PDTR)
J53	power	22	PPBR	sp96	0x200	0x0	PBus on battery power (Watts) (PPBR)
J53	power	23	PHDC	sp78	0x200	0x0	SSD Power  (Watts) (PHDC)
J53	power	24	PC0R	sp96	0x200	0x0	CPU Computing High Side Power (Watts) (PC0R)
J53	power	25	PO3R	sp87	0x200	0x0	Other 3.3V High Side Power   (Watts) (PO3R)
J53	power	26	PM0R	sp78	0x200	0x0	DDR Power (Watts) (PM0R)
J53	power	27	PC3C	sp87	0x200	0x0	CPU DDR Power (Watts) (PC3C)
J53	power	28	PO5R	sp87	0x200	0x0	Other 5V High Side Power   (Watts) (PO5R)
J53	power	29	PLDC	sp78	0x200	0x0	LCD Panel Power (Watts) (PLDC)
J53	power	30	PBLC	sp78	0x200	0x0	Backlight Input Power   (Watts) (PBLC)
J53	power	31	PCMC	sp87	0x200	0x0	S2 Camera Power (Watts) (PCMC)
J53	power	32	PAPC	sp78	0x200	0x0	Airport Power   (Watts) (PAPC)
J53	power	33	PHSC	sp78	0x200	0x0	Thunderbolt Power (Watts) (PHSC)
J53	power	34	PTPC	spa5	0x200	0x0	T101 Accuator Power (Watts) (PTPC)
J53	power	35	PHPC	sp87	0x200	0x0	HP Power (Watts) (PHPC)
J53	power	220	PZ0F	flt 	0x400	0x0	Zone 0 Filtered Power (PZ0F)
J53	power	221	PZ0E	flt 	0x400	0x0	Zone 0 Target Power (PZ0E)
J53	power	222	PZ0T	flt 	0x400	0x0	Zone 0 Abstract Throttle (PZ0T)
J53	power	223	PZ1F	flt 	0x400	0x0	Zone 1 Filtered Power (PZ1F)
J53	power	224	PZ1E	flt 	0x400	0x0	Zone 1 Target Power (PZ1E)
J53	power	225	PZ1T	flt 	0x400	0x0	Zone 1 Abstract Throttle (PZ1T)
J53	power	240	MSTc	ui8 	0x100	0x0	CPU Plimit (MSTc)
J53	power	241	MSTg	ui8 	0x100	0x0	GPU Plimit (MSTg)
J53	power	244	MSTf	ui8 	0x100	0x0	Forced Idle Limit (MSTf)
J53	temp	1	Ts0P	sp78	0x200	0x0	Palm Rest Temp (DegC) (Ts0P)
J53	temp	2	TC0P	sp78	0x200	0x0	CPU proximity temp (DegC) (TC0P)
J53	temp	3	TM0P	sp78	0x200	0x0	Dimm Proximity temp(DegC) (TM0P)
J53	temp	4	TP0P	sp78	0x200	0x0	PCH Proxmity temp (DegC) (TP0P)
J53	temp	5	Ta0P	sp78	0x200	0x0	DCIn Air flow Temperature (DegC) (Ta0P)
J53	temp	6	Th1H	sp78	0x200	0x0	Right Fin stack temp (DegC) (Th1H)
J53	temp	7	Th2H	sp78	0x200	0x0	Left Fin stack temp (DegC) (Th2H)
J53	temp	8	TPCD	sp78	0x200	0x0	PCH Die temp (DegC) (TPCD)
J53	temp	9	TC1C	sp78	0x200	0x0	CPU Core 0 temp (PECI) (DegC) (TC1C)
J53	temp	10	TC2C	sp78	0x200	0x0	CPU Core 1 temp (PECI) (DegC) (TC2C)
J53	temp	11	TC3C	sp78	0x200	0x0	CPU Core 2 temp (PECI) (DegC) (TC3C)
J53	temp	12	TC4C	sp78	0x200	0x0	CPU Core 3 temp (PECI) (DegC) (TC4C)
J53	temp	13	TCXC	sp78	0x200	0x0	CPU PECI die temp  (DegC) (TCXC)
J53	temp	14	TCGC	sp78	0x200	0x0	CPU Gfx Core temp (PECI) (DegC) (TCGC)
J53	temp	15	TCSA	sp78	0x200	0x0	CPU System Agent Core temp (PECI) (DegC) (TCSA)
J53	temp	16	PCPT	sp87	0x200	0x0	CPU package total power (PECI) (Watts) (PCPT)
J53	temp	17	PCPC	sp87	0x200	0x0	CPU package core power (PECI) (Watts) (PCPC)
J53	temp	18	PCPG	sp87	0x200	0x0	CPU package Gfx power (PECI) (Watts) (PCPG)
J53	temp	19	TW0P	sp78	0x200	0x0	Airport Temp (DegC) (TW0P)
J53	temp	20	TH0a	sp78	0x200	0x0	Drive0 (SSD Gumstick) OOB v3 raw temp A (DegC) (TH0a)
J53	temp	21	TH0b	sp78	0x200	0x0	Drive0 (SSD Gumstick) OOB v3 raw temp B (DegC) (TH0b)
J53	temp	22	TH0c	sp78	0x200	0x0	Drive0 (SSD Gumstick) OOB v3 raw temp C (DegC) (TH0c)
J53	temp	23	TH0x	sp78	0x200	0x0	Drive0 (SSD Gumstick) OOB v3 raw temp Max (DegC) (TH0x)
J53	temp	24	TCMc	sp78	0x200	0x0	CPU eDRAM Hot Indicator(PECI) (DegC) (TCMc)
J53	temp	25	Ts1P	sp78	0x200	0x0	Palm Rest Temp 2 (DegC) (Ts1P)
J53	temp	26	TBXT	sp78	0x200	0x0	Battery temp (Same as TB0T) (DegC) (TBXT)
J53	temp	27	Ts0S	sp78	0x200	0x0	Synthetic bottom skin (DegC) (Ts0S)
J53	temp	28	Ts1S	sp78	0x200	0x0	Synthetic Top skin (DegC) (Ts1S)
J53	temp	29	IBAC	sp78	0x200	0x0	Battery Current (Amps) (IBAC)
J53	temp	30	TC0E	sp78	0x200	0x0	CPU die Virtual temp (DegC) (TC0E)
J53	temp	31	TCTD	sp78	0x200	0x0	CPU PECI die temp Trend (DegC) (TCTD)
J53	temp	32	TCFC	ui16	0x200	0x0	CPU PECI die temp filter coeff (TCFC)
J53	temp	33	TC0F	sp78	0x200	0x0	CPU PECI die temp filtered then adjusted (DegC) (TC0F)
J53	temp	34	TM0S	sp78	0x200	0x0	Synthetic DIMM Estimate(DegC) (TM0S)
J53	temp	35	TaSP	sp78	0x200	0x0	DCIn Air flow Adjusted Temperature (DegC) (TaSP)
J53	temp	36	TH0V	sp78	0x200	0x0	SSD Temp B Foreign Drive Prediction   (DegC) (TH0V)
J53	temp	37	TH0A	sp78	0x200	0x0	SSD Temp A (DegC) (TH0A)
J53	temp	38	TH0B	sp78	0x200	0x0	SSD Temp B  (DegC) (TH0B)
J53	temp	39	TH0R	sp78	0x200	0x0	Drive 0 OOBv3 relative cooked temp Max (DegC) (TH0R)
J53	temp	40	TH0F	sp78	0x200	0x0	Drive 0 OOBv3 relative cooked temp Max Filtered (DegC) (TH0F)
J53	temp	220	F0Ac	fpe2	0x200	0x0	Fan0 Actual RPM(F0Ac)
J53	temp	221	F1Ac	fpe2	0x200	0x0	Fan1 Actual RPM(F1Ac)
J53	temp	239	PSTR	sp87	0x200	0x0	System Total Power Consumed (Delayed 1 Second) (Watts) (PSTR)
J53	temp	240	B0FC	ui16	0x200	0x0	Battery full charge capacity. (mAh) (B0FC)
J53	temp	241	B0RM	ui16	0x200	0x0	Battery remain capacity. (mAh) (B0RM)
J53	temp	242	CHBI	ui16	0x200	0x0	Battery charge current. (mAh) (CHBI)
J53	temp	243	B0AC	si16	0x200	0x0	Battery Actual current. (A) (B0AC)
J53	temp	244	B0AV	ui16	0x200	0x0	Battery Actual Voltage. (V) (B0AV)
J45G	power	1	PC0C	spa5	0x200	0x0	CPU Core Package Power (Includes Integrated Graphics Power) (Watts) (PC0C)
J45G	power	2	PG0R	sp87	0x200	0x0	Ext GPU High Side Power (Watts) (PG0R)
J45G	power	3	PDTR	sp87	0x200	0x0	DC-In total power  (Watts) (PDTR)
J45G	power	4	PPBR	sp96	0x200	0x0	PBus on battery power (Watts) (PPBR)
J45G	power	5	PHDC	sp78	0x200	0x0	SSD Power  (Watts) (PHDC)
J45G	power	6	PC0R	sp96	0x200	0x0	CPU Computing High Side Power (Watts) (PC0R)
J45G	power	7	PO3R	sp87	0x200	0x0	Other 3.3V High Side Power   (Watts) (PO3R)
J45G	power	8	PM0R	sp78	0x200	0x0	DDR Power (Watts) (PM0R)
J45G	power	9	PC3C	sp87	0x200	0x0	CPU DDR Power (Watts) (PC3C)
J45G	power	10	PLDC	sp87	0x200	0x0	LCD Panel Power (Watts) (PLDC)
J45G	power	11	PG0C	sp78	0x200	0x0	Ext GPU Power (Watts) (PG0C)
J45G	power	12	PBLC	sp78	0x200	0x0	Backlight Input Power   (Watts) (PBLC)
J45G	power	13	PG1C	sp87	0x200	0x0	Ext GPU Frame Buffer Power  (Watts) (PG1C)
J45G	power	14	PG2C	sp78	0x200	0x0	Ext GPU 1.05V Power (Watts) (PG2C)
J45G	power	15	PCMC	sp87	0x200	0x0	S2 Camera Power (Watts) (PCMC)
J45G	power	16	PAPC	sp78	0x200	0x0	Airport Power   (Watts) (PAPC)
J45G	power	17	PHSC	sp78	0x200	0x0	Thunderbolt Power (Watts) (PHSC)
J45G	power	18	PO5R	sp87	0x200	0x0	Other 5V High Side Power   (Watts) (PO5R)
J45G	power	19	VC0C	sp2d	0x200	0x0	CPU Package Core voltage. (Volts) (VC0C)
J45G	power	20	IC0C	sp87	0x200	0x0	CPU Package Core current. (Amps) (IC0C)
J45G	power	21	IG0R	sp4b	0x200	0x0	Ext GPU High Side current. (Amps) (IG0R)
J45G	power	22	VD0R	sp5a	0x200	0x0	DC In voltage. (Volts) (VD0R)
J45G	power	23	ID0R	sp4b	0x200	0x0	DC In rail current. (Amps) (ID0R)
J45G	power	24	VP0R	sp4b	0x200	0x0	PBus rail voltage. (Volts) (VP0R)
J45G	power	25	IHDC	sp4b	0x200	0x0	SSD Current  (Amps) (IHDC)
J45G	power	26	IPBR	sp5a	0x200	0x0	PBus on battery current. (Amps) (IPBR)
J45G	power	27	IC0R	sp5a	0x200	0x0	CPU Computing High Side current. (Amps) (IC0R)
J45G	power	28	IO3R	sp4b	0x200	0x0	Other 3.3V High Side current.  (Amps) (IO3R)
J45G	power	29	IM0C	sp5a	0x200	0x0	DDR current. (Amps) (IM0C)
J45G	power	30	IC3C	sp69	0x200	0x0	CPU DDR Current  (Amps) (IC3C)
J45G	power	31	ILDC	sp1e	0x200	0x0	LCD Panel Current  (Amps) (ILDC)
J45G	power	32	IO5R	sp4b	0x200	0x0	Other 5V High Side current.  (Amps) (IO5R)
J45G	power	33	VG0C	sp1e	0x200	0x0	Ext GPU Core voltage. (Volts) (VG0C)
J45G	power	34	IG0C	sp69	0x200	0x0	Ext GPU Core current. (Amps) (IG0C)
J45G	power	35	IBLC	sp1e	0x200	0x0	LCD Backlight Current.  (Amps) (IBLC)
J45G	power	36	VG1C	sp2d	0x200	0x0	Ext GPU Frame Buffer Voltage. (Volts) (VG1C)
J45G	power	37	IG1C	sp69	0x200	0x0	Ext GPU Frame Buffer current.  (Amps) (IG1C)
J45G	power	38	ICMC	sp4b	0x200	0x0	S2 Camera Current  (Amps) (ICMC)
J45G	power	39	IG2C	sp4b	0x200	0x0	Ext GPU 1.05V current. (Amps) (IG2C)
J45G	power	40	IAPC	sp4b	0x200	0x0	Airport Current (Amps) (IAPC)
J45G	power	41	IHSC	sp2d	0x200	0x0	Thunderbolt Current  (Amps) (IHSC)
J45G	power	220	PZ0F	flt 	0x400	0x0	Zone 0 Filtered Power (PZ0F)
J45G	power	221	PTHC	flt 	0x400	0x0	HP Power Target (PTHC)
J45G	power	222	MSLT	ui16	0x200	0x0	HP Power Throttle (MSLT)
J45G	power	223	PZ1F	flt 	0x400	0x0	Zone 1 Filtered Power (PZ1F)
J45G	power	224	PZ1E	flt 	0x400	0x0	Zone 1 Target Power (PZ1E)
J45G	power	225	PZ1T	ui16	0x200	0x0	Zone 1 Abstract Throttle (PZ1T)
J45G	power	226	PZ2F	flt 	0x400	0x0	Zone 2 Filtered Power (PZ2F)
J45G	power	227	PZ2E	flt 	0x400	0x0	Zone 2 Target Power (PZ2E)
J45G	power	228	PZ2T	ui16	0x200	0x0	Zone 2 Abstract Throttle (PZ2T)
J45G	power	229	PZ3F	flt 	0x400	0x0	Zone 3 Filtered Power (PZ3F)
J45G	power	230	PZ3E	flt 	0x400	0x0	Zone 3 Target Power (PZ3E)
J45G	power	231	PZ3T	ui16	0x200	0x0	Zone 3 Abstract Throttle (PZ3T)
J45G	power	240	MSTc	ui8 	0x100	0x0	CPU Plimit (MSTc)
J45G	power	241	MSTg	ui8 	0x100	0x0	GPU Plimit (MSTg)
J45G	power	243	MSTi	ui8 	0x100	0x0	2nd GPU Plimit (MSTi)
J45G	power	244	MSTf	ui8 	0x100	0x0	Forced Idle Limit (MSTf)
J45G	temp	1	Ts0P	sp78	0x200	0x0	Palm Rest Temp (DegC) (Ts0P)
J45G	temp	2	TC0P	sp78	0x200	0x0	CPU proximity temp (DegC) (TC0P)
J45G	temp	3	TM0P	sp78	0x200	0x0	Dimm Proximity temp(DegC) (TM0P)
J45G	temp	4	TP0P	sp78	0x200	0x0	PCH Proxmity temp (DegC) (TP0P)
J45G	temp	5	Ta0P	sp78	0x200	0x0	DCIn Air flow Temperature (DegC) (Ta0P)
J45G	temp	6	TG0D	sp78	0x200	0x0	GPU Die Analog temp (DegC) (TG0D)
J45G	temp	7	Th1H	sp78	0x200	0x0	Right Fin stack temp (DegC) (Th1H)
J45G	temp	8	Th2H	sp78	0x200	0x0	Left Fin stack temp (DegC) (Th2H)
J45G	temp	9	TG1d	sp78	0x200	0x0	GPU digital die temp Raw (without offset) (DegC) (TG1d)
J45G	temp	10	TC1C	sp78	0x200	0x0	CPU Core 0 temp (PECI) (DegC) (TC1C)
J45G	temp	11	TC2C	sp78	0x200	0x0	CPU Core 1 temp (PECI) (DegC) (TC2C)
J45G	temp	12	TC3C	sp78	0x200	0x0	CPU Core 2 temp (PECI) (DegC) (TC3C)
J45G	temp	13	TC4C	sp78	0x200	0x0	CPU Core 3 temp (PECI) (DegC) (TC4C)
J45G	temp	14	TPCD	sp78	0x200	0x0	PCH Die temp (DegC) (TPCD)
J45G	temp	15	TCXC	sp78	0x200	0x0	CPU PECI die temp  (DegC) (TCXC)
J45G	temp	16	TCGC	sp78	0x200	0x0	CPU Gfx Core temp (PECI) (DegC) (TCGC)
J45G	temp	17	TCSA	sp78	0x200	0x0	CPU System Agent Core temp (PECI) (DegC) (TCSA)
J45G	temp	18	PCPT	sp87	0x200	0x0	CPU package total power (PECI) (Watts) (PCPT)
J45G	temp	19	PCPC	sp87	0x200	0x0	CPU package core power (PECI) (Watts) (PCPC)
J45G	temp	20	PCPG	sp87	0x200	0x0	CPU package Gfx power (PECI) (Watts) (PCPG)
J45G	temp	21	TW0P	sp78	0x200	0x0	Airport Temp (DegC) (TW0P)
J45G	temp	22	TH0a	sp78	0x200	0x0	Drive0 (SSD Gumstick) OOB v3 raw temp A (DegC) (TH0a)
J45G	temp	23	TH0b	sp78	0x200	0x0	Drive0 (SSD Gumstick) OOB v3 raw temp B (DegC) (TH0b)
J45G	temp	24	TH0c	sp78	0x200	0x0	Drive0 (SSD Gumstick) OOB v3 raw temp C (DegC) (TH0c)
J45G	temp	25	Ts0S	sp78	0x200	0x0	Synthetic bottom skin (DegC) (Ts0S)
J45G	temp	26	Ts1S	sp78	0x200	0x0	Synthetic Top skin (DegC) (Ts1S)
J45G	temp	27	TG0P	sp78	0x200	0x0	GPU proximity temp (DegC) (TG0P)
J45G	temp	28	TC0E	sp78	0x200	0x0	CPU die Virtual temp (DegC) (TC0E)
J45G	temp	29	TM0S	sp78	0x200	0x0	Synthetic DIMM Estimate(DegC) (TM0S)
J45G	temp	30	TMBS	sp78	0x200	0x0	DIMM Bandwidth Estimate (DegC) (TMBS)
J45G	temp	31	TH0R	sp78	0x200	0x0	Drive 0 OOBv3 relative cooked temp Max (DegC) (TH0R)
J45G	temp	32	TH0V	sp78	0x200	0x0	SSD Temp B Foreign Drive Prediction   (DegC) (TH0V)
J45G	temp	220	F0Ac	fpe2	0x200	0x0	Fan0 Actual RPM(F0Ac)
J45G	temp	221	F1Ac	fpe2	0x200	0x0	Fan1 Actual RPM(F1Ac)
J45G	temp	239	PSTR	sp87	0x200	0x0	System Total Power Consumed (Delayed 1 Second) (Watts) (PSTR)
J45G	temp	240	B0FC	ui16	0x200	0x0	Battery full charge capacity. (mAh) (B0FC)
J45G	temp	241	B0RM	ui16	0x200	0x0	Battery remain capacity. (mAh) (B0RM)
J45G	temp	242	CHBI	ui16	0x200	0x0	Battery charge current. (mAh) (CHBI)
J45G	temp	243	B0AC	si16	0x200	0x0	Battery Actual current. (A) (B0AC)
J45G	temp	244	B0AV	ui16	0x200	0x0	Battery Actual Voltage. (V) (B0AV)
M96	power	1		fpo8	0x200	0x0	DCIn Power
M96	power	2		fp6a	0x200	0x0	DCIn Current
M96	power	3		fp2e	0x200	0x0	DCIn Voltage
M96	power	4		fpo8	0x200	0x0	PBus Power
M96	power	5		fp4c	0x200	0x0	PBus Current
M96	power	6		fp4c	0x200	0x0	PBus Voltage
M96	power	7		fpo8	0x200	0x0	CPU Power
M96	power	10		fpo8	0x200	0x0	MCP VCore Power
M96	power	11		fp6a	0x200	0x0	MCP VCore Current
M96	power	12		fp2e	0x200	0x0	MCP VCore Voltage
M96	power	15		fpo8	0x200	0x0	Zone Target Power
M96	power	23		fpo8	0x200	0x0	Chipset Power
M96	power	24		fp6a	0x200	0x0	Chipset VCore Current
M96	power	240		sp78	0x100	0x0	PLIMIT CPU
M96	power	241		sp78	0x100	0x0	PLIMIT GPU
M96	power	242		sp78	0x100	0x0	PLIMIT MEM
M96	power	243		sp78	0x100	0x0	PROCHOT
M96	temp	1	TC0D	sp78	0x200	0x0	CPU Die Temp(TC0D)
M96	temp	4	TN0D	sp78	0x200	0x0	MCP die temp (TN0D)
M96	temp	5	TVFP	sp78	0x200	0x0	Filtered Vent proximity (TVFP)
M96	temp	7	Th0P	sp78	0x200	0x0	Heat Spreader proximity temp (Th0P) 
M96	temp	8	TV0P	sp78	0x200	0x0	Vent proximity temp (TV0P)
M96	temp	9	Ts0P	sp78	0x200	0x0	Palm rest skin temp (Ts0P)
M96	temp	10	Ts0S	sp78	0x200	0x0	Synthetic, bottom case, skin temp (Ts0S)
M96	temp	11	TW0P	sp78	0x200	0x0	Wireless card temp (TW0P)
M96	temp	12	Tp0P	sp78	0x200	0x0	Power supply proximity temp (Tp0P)
M96	temp	13	Tp1P	sp78	0x200	0x0	Secondary power supply proximity (Tp1P)
M96	temp	14	TpFP	sp78	0x200	0x0	Filtered Power supply 1 proximity (TpFP)
M96	temp	16	TB0T	sp78	0x200	0x0	Battery Temp (TB0T)
M96	temp	17	TB1T	sp78	0x200	0x0	Battery Thermistor Temp 1 (TB1T)
M96	temp	18	TB2T	sp78	0x200	0x0	Battery Thermistor Temp 2 (TB2T)
M97	power	1		fpo8	0x200	0x0	DCIn Power
M97	power	2		fp6a	0x200	0x0	DCIn Current
M97	power	3		fpo8	0x200	0x0	PBus Power
M97	power	4		fp4c	0x200	0x0	PBus Current
M97	power	5		fp4c	0x200	0x0	PBus Voltage
M97	power	6		fpo8	0x200	0x0	CPU Power
M97	power	7		fp6a	0x200	0x0	CPU Current
M97	power	8		fp2e	0x200	0x0	CPU Voltage
M97	power	9		fpo8	0x200	0x0	MCP VCore Power
M97	power	10		fp6a	0x200	0x0	MCP VCore Current
M97	power	11		fp2e	0x200	0x0	MCP VCore Voltage
M97	power	15		fpo8	0x200	0x0	MCP DDR Power
M97	power	16		fp6a	0x200	0x0	MCP DDR Current
M97	power	23		fpo8	0x200	0x0	Heatpipe Power
M97	power	240		sp78	0x100	0x0	PLIMIT CPU
M97	power	241		sp78	0x100	0x0	PLIMIT GPU
M97	power	242		sp78	0x100	0x0	PLIMIT MEM
M97	power	243		sp78	0x100	0x0	PROCHOT
M97	temp	1	TC0D	sp78	0x200	0x0	CPU Die Temp(TC0D)
M97	temp	2	TC0P	sp78	0x200	0x0	CPU Prox Temp(TC0P)
M97	temp	3	THFH	sp78	0x200	0x0	Fin Stack Temp(THFH)
M97	temp	4	TN0D	sp78	0x200	0x0	MCP Die Temp(TN0D)
M97	temp	5	TN0P	sp78	0x200	0x0	MCP Prox Temp(TN0P)
M97	temp	6	TTF0	sp78	0x200	0x0	Fan Target Temp(TTF0)
M97	temp	7	TG0H	sp78	0x200	0x0	Heat Pipe Temp(TG0H)
M97	temp	8	TTF0	sp78	0x200	0x0	Fan Target Temp(TTF0)
M97	temp	9	Ts0P	sp78	0x200	0x0	Palm Rest Temp(Ts0P)
M97	temp	10	Ts0S	sp78	0x200	0x0	Bottom Case Synthetic Temp(Ts0S)
M97	temp	12	TB0T	sp78	0x200	0x0	Battery Temp(TB0T)
M97	temp	11	TB3T	sp78	0x200	0x0	Battery Ambient Temp (TB3T)
M97	temp	13	TB1T	sp78	0x200	0x0	Battery Thermistor 0(TB1T)
M97	temp	14	TB2T	sp78	0x200	0x0	Battery Thermistor 1(TB2T)
M97a	power	1		fpo8	0x200	0x0	DCIn Power
M97a	power	2		fp6a	0x200	0x0	DCIn Current
M97a	power	3		fpo8	0x200	0x0	PBus Power
M97a	power	4		fp4c	0x200	0x0	PBus Current
M97a	power	5		fp4c	0x200	0x0	PBus Voltage
M97a	power	6		fpo8	0x200	0x0	CPU Power
M97a	power	7		fp6a	0x200	0x0	CPU Current
M97a	power	8		fp2e	0x200	0x0	CPU Voltage
M97a	power	9		fpo8	0x200	0x0	MCP VCore Power
M97a	power	10		fp6a	0x200	0x0	MCP VCore Current
M97a	power	11		fp2e	0x200	0x0	MCP VCore Voltage
M97a	power	15		fpo8	0x200	0x0	MCP DDR Power
M97a	power	16		fp6a	0x200	0x0	MCP DDR Current
M97a	power	23		fpo8	0x200	0x0	Heatpipe Power
M97a	power	240		sp78	0x100	0x0	PLIMIT CPU
M97a	power	241		sp78	0x100	0x0	PLIMIT GPU
M97a	power	242		sp78	0x100	0x0	PLIMIT MEM
M97a	power	243		sp78	0x100	0x0	PROCHOT
M97a	temp	1	TC0D	sp78	0x200	0x0	CPU Die Temp(TC0D)
M97a	temp	2	TC0P	sp78	0x200	0x0	CPU Prox Temp(TC0P)
M97a	temp	3	THFH	sp78	0x200	0x0	Fin Stack Temp(THFH)
M97a	temp	4	TN0D	sp78	0x200	0x0	MCP Die Temp(TN0D)
M97a	temp	5	TN0P	sp78	0x200	0x0	MCP Prox Temp(TN0P)
M97a	temp	6	TTF0	sp78	0x200	0x0	Fan Target Temp(TTF0)
M97a	temp	7	TG0H	sp78	0x200	0x0	Heat Pipe Temp(TG0H)
M97a	temp	8	TTF0	sp78	0x200	0x0	Fan Target Temp(TTF0)
M97a	temp	9	Ts0P	sp78	0x200	0x0	Palm Rest Temp(Ts0P)
M97a	temp	10	Ts0S	sp78	0x200	0x0	Bottom Case Synthetic Temp(Ts0S)
M97a	temp	12	TB0T	sp78	0x200	0x0	Battery Temp(TB0T)
M97a	temp	11	TB3T	sp78	0x200	0x0	Battery Ambient Temp (TB3T)
M97a	temp	13	TB1T	sp78	0x200	0x0	Battery Thermistor 0(TB1T)
M97a	temp	14	TB2T	sp78	0x200	0x0	Battery Thermistor 1(TB2T)
K24	power	1		fpo8	0x200	0x0	DCIn Power
K24	power	2		fp6a	0x200	0x0	DCIn Current
K24	power	3		fpo8	0x200	0x0	PBus Power
K24	power	4		fp4c	0x200	0x0	PBus Current
K24	power	5		fp4c	0x200	0x0	PBus Voltage
K24	power	6		fpo8	0x200	0x0	CPU Power
K24	power	7		fp6a	0x200	0x0	CPU Current
K24	power	8		fp2e	0x200	0x0	CPU Voltage
K24	power	9		fpo8	0x200	0x0	MCP VCore Power
K24	power	10		fp6a	0x200	0x0	MCP VCore Current
K24	power	11		fp2e	0x200	0x0	MCP VCore Voltage
K24	power	15		fpo8	0x200	0x0	MCP DDR Power
K24	power	16		fp6a	0x200	0x0	MCP DDR Current
K24	power	23		fpo8	0x200	0x0	Heatpipe Power
K24	power	240		sp78	0x100	0x0	PLIMIT CPU
K24	power	241		sp78	0x100	0x0	PLIMIT GPU
K24	power	242		sp78	0x100	0x0	PLIMIT MEM
K24	power	243		sp78	0x100	0x0	PROCHOT
K24	temp	1	TC0D	sp78	0x200	0x0	CPU Die Temp(TC0D)
K24	temp	2	TC0P	sp78	0x200	0x0	CPU Prox Temp(TC0P)
K24	temp	3	THFH	sp78	0x200	0x0	Fin Stack Temp(THFH)
K24	temp	4	TN0D	sp78	0x200	0x0	MCP Die Temp(TN0D)
K24	temp	5	TN0P	sp78	0x200	0x0	MCP Prox Temp(TN0P)
K24	temp	6	TTF0	sp78	0x200	0x0	Fan Target Temp(TTF0)
K24	temp	7	TG0H	sp78	0x200	0x0	Heat Pipe Temp(TG0H)
K24	temp	8	TTF0	sp78	0x200	0x0	Fan Target Temp(TTF0)
K24	temp	9	Ts0P	sp78	0x200	0x0	Palm Rest Temp(Ts0P)
K24	temp	10	Ts0S	sp78	0x200	0x0	Bottom Case Synthetic Temp(Ts0S)
K24	temp	12	TB0T	sp78	0x200	0x0	Battery Temp(TB0T)
K24	temp	11	TB3T	sp78	0x200	0x0	Battery Ambient Temp (TB3T)
K24	temp	13	TB1T	sp78	0x200	0x0	Battery Thermistor 0(TB1T)
K24	temp	14	TB2T	sp78	0x200	0x0	Battery Thermistor 1(TB2T)
K36b	power	1		fpo8	0x200	0x0	DCIn Power
K36b	power	2		fp6a	0x200	0x0	DCIn Current
K36b	power	3		fpo8	0x200	0x0	PBus Power
K36b	power	4		fp4c	0x200	0x0	PBus Current
K36b	power	5		fp4c	0x200	0x0	PBus Voltage
K36b	power	6		fpo8	0x200	0x0	CPU Power
K36b	power	7		fp6a	0x200	0x0	CPU Current
K36b	power	8		fp2e	0x200	0x0	CPU Voltage
K36b	power	9		fpo8	0x200	0x0	MCP VCore Power
K36b	power	10		fp6a	0x200	0x0	MCP VCore Current
K36b	power	11		fp2e	0x200	0x0	MCP VCore Voltage
K36b	power	15		fpo8	0x200	0x0	MCP DDR Power
K36b	power	16		fp6a	0x200	0x0	MCP DDR Current
K36b	power	23		fpo8	0x200	0x0	Heatpipe Power
K36b	power	240		sp78	0x100	0x0	PLIMIT CPU
K36b	power	241		sp78	0x100	0x0	PLIMIT GPU
K36b	power	242		sp78	0x100	0x0	PLIMIT MEM
K36b	power	243		sp78	0x100	0x0	PROCHOT
K36b	temp	1	TC0D	sp78	0x200	0x0	CPU Die Temp(TC0D)
K36b	temp	2	TC0P	sp78	0x200	0x0	CPU Prox Temp(TC0P)
K36b	temp	3	THFH	sp78	0x200	0x0	Fin Stack Temp(THFH)
K36b	temp	4	TN0D	sp78	0x200	0x0	MCP Die Temp(TN0D)
K36b	temp	5	TN0P	sp78	0x200	0x0	MCP Prox Temp(TN0P)
K36b	temp	6	TTF0	sp78	0x200	0x0	Fan Target Temp(TTF0)
K36b	temp	7	TG0H	sp78	0x200	0x0	Heat Pipe Temp(TG0H)
K36b	temp	8	TTF0	sp78	0x200	0x0	Fan Target Temp(TTF0)
K36b	temp	9	Ts0P	sp78	0x200	0x0	Palm Rest Temp(Ts0P)
K36b	temp	10	Ts0S	sp78	0x200	0x0	Bottom Case Synthetic Temp(Ts0S)
K36b	temp	12	TB0T	sp78	0x200	0x0	Battery Temp(TB0T)
K36b	temp	11	TB3T	sp78	0x200	0x0	Battery Ambient Temp (TB3T)
K36b	temp	13	TB1T	sp78	0x200	0x0	Battery Thermistor 0(TB1T)
K36b	temp	14	TB2T	sp78	0x200	0x0	Battery Thermistor 1(TB2T)
K84	power	1		fpo8	0x200	0x0	DCIn Power
K84	power	2		fp6a	0x200	0x0	DCIn Current
K84	power	3		fpo8	0x200	0x0	PBus Power
K84	power	4		fp4c	0x200	0x0	PBus Current
K84	power	5		fp4c	0x200	0x0	PBus Voltage
K84	power	6		fpo8	0x200	0x0	CPU Power
K84	power	7		fp6a	0x200	0x0	CPU Current
K84	power	8		fp2e	0x200	0x0	CPU Voltage
K84	power	9		fpo8	0x200	0x0	MCP VCore Power
K84	power	10		fp6a	0x200	0x0	MCP VCore Current
K84	power	11		fp2e	0x200	0x0	MCP VCore Voltage
K84	power	12		fpo8	0x200	0x0	MCP DDR Power
K84	power	13		fp6a	0x200	0x0	MCP DDR Current
K84	power	14		fpo8	0x200	0x0	CPU Highside Power
K84	power	15		fp6a	0x200	0x0	CPU Highside Current
K84	power	16		fpo8	0x200	0x0	Heatpipe Power
K84	power	240		sp78	0x100	0x0	PLIMIT CPU
K84	power	241		sp78	0x100	0x0	PLIMIT GPU
K84	power	242		sp78	0x100	0x0	PLIMIT MEM
K84	power	243		sp78	0x100	0x0	PROCHOT
K84	temp	1	TC0D	sp78	0x200	0x0	CPU Die Temp(TC0D)
K84	temp	2	TC0P	sp78	0x200	0x0	CPU Prox Temp(TC0P)
K84	temp	3	TN0D	sp78	0x200	0x0	MCP Die Temp(TN0D)
K84	temp	4	TN0P	sp78	0x200	0x0	MCP Prox Temp(TN0P)
K84	temp	5	TN1D	sp78	0x200	0x0	MCP Die2 Temp(TN1D)
K84	temp	6	TH0P	sp78	0x200	0x0	HDD Proximity Temp(TH0P)
K84	temp	7	Th1H	sp78	0x200	0x0	Fin Stack Temp(Th1H)
K84	temp	8	Ts0P	sp78	0x200	0x0	Palm Rest Temp(Ts0P)
K84	temp	9	Ts0S	sp78	0x200	0x0	Bottom Case Synthetic Temp(Ts0S)
K84	temp	10	TB0T	sp78	0x200	0x0	Battery Temp(TB0T)
K84	temp	11	TB1T	sp78	0x200	0x0	Battery Thermistor 0(TB1T)
K84	temp	12	TB2T	sp78	0x200	0x0	Battery Thermistor 1(TB2T)
K84	temp	13	PZBL	sp78	0x200	0x0	Backlight Power(PZBL)
K84	temp	14	PZOD	sp78	0x200	0x0	ODD Power(PZOD)
K84	temp	15	PZAP	sp78	0x200	0x0	Airport Power(PZAP)
K84	temp	16	PZHD	sp78	0x200	0x0	HDD Power(PZHD)
K84	temp	17	PZHD	sp78	0x200	0x0	DIMM Power(PZHD)
K84	temp	18	VZOD	sp78	0x200	0x0	ODD Voltage(VZOD)
K84	temp	19	IZOD	sp78	0x200	0x0	ODD Current(IZOD)
K84	temp	20	VZAP	sp78	0x200	0x0	Airport Voltage(VZAP)
K84	temp	21	IZOP	sp78	0x200	0x0	Airport Current(IZOP)
K84	temp	22	IZHD	sp78	0x200	0x0	HDD Current(IZHD)
K84	temp	23	IZDM	sp78	0x200	0x0	DIMM Current(IZDM)
K84	temp	24	IZBL	sp78	0x200	0x0	Backlight Current(IZBL)
K84	temp	25	VZBL	sp78	0x200	0x0	Backlight Voltage(VZBL)
K87	power	1		fpo8	0x200	0x0	DCIn Power
K87	power	2		fp6a	0x200	0x0	DCIn Current
K87	power	3		fpo8	0x200	0x0	PBus Power
K87	power	4		fp4c	0x200	0x0	PBus Current
K87	power	5		fp4c	0x200	0x0	PBus Voltage
K87	power	6		fpo8	0x200	0x0	CPU Power
K87	power	7		fp6a	0x200	0x0	CPU Current
K87	power	8		fp2e	0x200	0x0	CPU Voltage
K87	power	9		fpo8	0x200	0x0	MCP VCore Power
K87	power	10		fp6a	0x200	0x0	MCP VCore Current
K87	power	11		fp2e	0x200	0x0	MCP VCore Voltage
K87	power	12		fpo8	0x200	0x0	MCP DDR Power
K87	power	13		fp6a	0x200	0x0	MCP DDR Current
K87	power	14		fpo8	0x200	0x0	CPU Highside Power
K87	power	15		fp6a	0x200	0x0	CPU Highside Current
K87	power	16		fpo8	0x200	0x0	Heatpipe Power
K87	power	240		sp78	0x100	0x0	PLIMIT CPU
K87	power	241		sp78	0x100	0x0	PLIMIT GPU
K87	power	242		sp78	0x100	0x0	PLIMIT MEM
K87	power	243		sp78	0x100	0x0	PROCHOT
K87	temp	1	TC0D	sp78	0x200	0x0	CPU Die Temp(TC0D)
K87	temp	2	TC0P	sp78	0x200	0x0	CPU Prox Temp(TC0P)
K87	temp	3	TN0D	sp78	0x200	0x0	MCP Die Temp(TN0D)
K87	temp	4	TN0P	sp78	0x200	0x0	MCP Prox Temp(TN0P)
K87	temp	5	TN1D	sp78	0x200	0x0	MCP Die2 Temp(TN1D)
K87	temp	6	TH0P	sp78	0x200	0x0	HDD Proximity Temp(TH0P)
K87	temp	7	Th1H	sp78	0x200	0x0	Fin Stack Temp(Th1H)
K87	temp	8	Ts0P	sp78	0x200	0x0	Palm Rest Temp(Ts0P)
K87	temp	9	Ts0S	sp78	0x200	0x0	Bottom Case Synthetic Temp(Ts0S)
K87	temp	10	TB0T	sp78	0x200	0x0	Battery Temp(TB0T)
K87	temp	11	TB1T	sp78	0x200	0x0	Battery Thermistor 0(TB1T)
K87	temp	12	TB2T	sp78	0x200	0x0	Battery Thermistor 1(TB2T)
K87	temp	13	PZBL	sp78	0x200	0x0	Backlight Power(PZBL)
K87	temp	14	PZOD	sp78	0x200	0x0	ODD Power(PZOD)
K87	temp	15	PZAP	sp78	0x200	0x0	Airport Power(PZAP)
K87	temp	16	PZHD	sp78	0x200	0x0	HDD Power(PZHD)
K87	temp	17	PZHD	sp78	0x200	0x0	DIMM Power(PZHD)
K87	temp	18	VZOD	sp78	0x200	0x0	ODD Voltage(VZOD)
K87	temp	19	IZOD	sp78	0x200	0x0	ODD Current(IZOD)
K87	temp	20	VZAP	sp78	0x200	0x0	Airport Voltage(VZAP)
K87	temp	21	IZOP	sp78	0x200	0x0	Airport Current(IZOP)
K87	temp	22	IZHD	sp78	0x200	0x0	HDD Current(IZHD)
K87	temp	23	IZDM	sp78	0x200	0x0	DIMM Current(IZDM)
K87	temp	24	IZBL	sp78	0x200	0x0	Backlight Current(IZBL)
K87	temp	25	VZBL	sp78	0x200	0x0	Backlight Voltage(VZBL)
K69	power	1		fpo8	0x200	0x0	DCIn Power
K69	power	2		fp6a	0x200	0x0	DCIn Current
K69	power	3		fpo8	0x200	0x0	PBus Power
K69	power	4		fp4c	0x200	0x0	PBus Current
K69	power	5		fp4c	0x200	0x0	PBus Voltage
K69	power	6		fpo8	0x200	0x0	CPU Power
K69	power	7		fp6a	0x200	0x0	CPU Current
K69	power	8		fp2e	0x200	0x0	CPU Voltage
K69	power	9		fpo8	0x200	0x0	MCP VCore Power
K69	power	10		fp6a	0x200	0x0	MCP VCore Current
K69	power	11		fp2e	0x200	0x0	MCP VCore Voltage
K69	power	12		fpo8	0x200	0x0	MCP DDR Power
K69	power	13		fp6a	0x200	0x0	MCP DDR Current
K69	power	14		fpo8	0x200	0x0	CPU Highside Power
K69	power	15		fp6a	0x200	0x0	CPU Highside Current
K69	power	16		fpo8	0x200	0x0	Heatpipe Power
K69	power	240		sp78	0x100	0x0	PLIMIT CPU
K69	power	241		sp78	0x100	0x0	PLIMIT GPU
K69	power	242		sp78	0x100	0x0	PLIMIT MEM
K69	power	243		sp78	0x100	0x0	PROCHOT
K69	temp	1	TC0D	sp78	0x200	0x0	CPU Die Temp(TC0D)
K69	temp	2	TC0P	sp78	0x200	0x0	CPU Prox Temp(TC0P)
K69	temp	3	TN0D	sp78	0x200	0x0	MCP Die Temp(TN0D)
K69	temp	4	TN0P	sp78	0x200	0x0	MCP Prox Temp(TN0P)
K69	temp	5	Th1H	sp78	0x200	0x0	Fin Stack Temp(Th1H)
K69	temp	6	Ts0P	sp78	0x200	0x0	Palm Rest Temp(Ts0P)
K69	temp	7	Ts0S	sp78	0x200	0x0	Bottom Case Synthetic Temp(Ts0S)
K69	temp	8	TB0T	sp78	0x200	0x0	Battery Temp(TB0T)
K69	temp	9	TB1T	sp78	0x200	0x0	Battery Thermistor 0(TB1T)
K69	temp	10	TB2T	sp78	0x200	0x0	Battery Thermistor 1(TB2T)
K69	temp	11	PZBL	sp78	0x200	0x0	Backlight Power(PZBL)
K69	temp	12	PZOD	sp78	0x200	0x0	ODD Power(PZOD)
K69	temp	13	PZAP	sp78	0x200	0x0	Airport Power(PZAP)
K69	temp	14	PZHD	sp78	0x200	0x0	HDD Power(PZHD)
K69	temp	15	PZHD	sp78	0x200	0x0	DIMM Power(PZHD)
K69	temp	16	VZOD	sp78	0x200	0x0	ODD Voltage(VZOD)
K69	temp	17	IZOD	sp78	0x200	0x0	ODD Current(IZOD)
K69	temp	18	VZAP	sp78	0x200	0x0	Airport Voltage(VZAP)
K69	temp	19	IZOP	sp78	0x200	0x0	Airport Current(IZOP)
K69	temp	20	IZHD	sp78	0x200	0x0	HDD Current(IZHD)
K69	temp	21	IZDM	sp78	0x200	0x0	1.5V S3 Current(IZDM)
K69	temp	22	IZBL	sp78	0x200	0x0	Backlight Current(IZBL)
K69	temp	23	VZBL	sp78	0x200	0x0	Backlight Voltage(VZBL)
K6	power	1		fpo8	0x200	0x0	DCIn Power
K6	power	2		fp6a	0x200	0x0	DCIn Current
K6	power	3		fpo8	0x200	0x0	PBus Power
K6	power	4		fp4c	0x200	0x0	PBus Current
K6	power	5		fp4c	0x200	0x0	PBus Voltage
K6	power	6		fpo8	0x200	0x0	CPU Power
K6	power	7		fp6a	0x200	0x0	CPU Current
K6	power	8		fp2e	0x200	0x0	CPU Voltage
K6	power	9		fpo8	0x200	0x0	MCP VCore Power
K6	power	10		fp6a	0x200	0x0	MCP VCore Current
K6	power	11		fp2e	0x200	0x0	MCP VCore Voltage
K6	power	12		fpo8	0x200	0x0	MCP DDR Power
K6	power	13		fp6a	0x200	0x0	MCP DDR Current
K6	power	14		fpo8	0x200	0x0	CPU Highside Power
K6	power	15		fp6a	0x200	0x0	CPU Highside Current
K6	power	16		fpo8	0x200	0x0	Heatpipe Power
K6	power	240		sp78	0x100	0x0	PLIMIT CPU
K6	power	241		sp78	0x100	0x0	PLIMIT GPU
K6	power	242		sp78	0x100	0x0	PLIMIT MEM
K6	power	243		sp78	0x100	0x0	PROCHOT
K6	temp	1	TC0D	sp78	0x200	0x0	CPU Die Temp(TC0D)
K6	temp	2	TC0P	sp78	0x200	0x0	CPU Prox Temp(TC0P)
K6	temp	3	TN0D	sp78	0x200	0x0	MCP Die Temp(TN0D)
K6	temp	4	TN0P	sp78	0x200	0x0	MCP Prox Temp(TN0P)
K6	temp	5	Th1H	sp78	0x200	0x0	Fin Stack Temp(Th1H)
K6	temp	6	Ts0P	sp78	0x200	0x0	Palm Rest Temp(Ts0P)
K6	temp	7	Ts0S	sp78	0x200	0x0	Bottom Case Synthetic Temp(Ts0S)
K6	temp	8	TB0T	sp78	0x200	0x0	Battery Temp(TB0T)
K6	temp	9	TB1T	sp78	0x200	0x0	Battery Thermistor 0(TB1T)
K6	temp	10	TB2T	sp78	0x200	0x0	Battery Thermistor 1(TB2T)
K91F	power	1	PC0C	sp96	0x200	0x0	CPU Core Power (Watts) (PC0C)
K91F	power	2	PG0C	sp78	0x200	0x0	Ext GPU Power (Watts) (PG0C)
K91F	power	3	PN0R	sp78	0x200	0x0	NB Int GPU Power (Watts) (PN0R)
K91F	power	4	PM0R	sp78	0x200	0x0	DDR Power (Watts) (PM0R)
K91F	power	5	PC1C	sp87	0x200	0x0	CPU VCCIO 1.05V S0 Power (Watts) (PC1C)
K91F	power	6	PC2C	sp87	0x200	0x0	CPU VCCSA Power (Watts) (PC2C)
K91F	power	7	PD0R	sp87	0x200	0x0	DC-In rail Power  (Watts) (PD0R)
K91F	power	8	PP0R	sp96	0x200	0x0	PBus rail Power (Watts) (PP0R)
K91F	power	9	PC0R	sp87	0x200	0x0	CPU Computing High Side Power (Watts) (PC0R)
K91F	power	10	PG0R	sp87	0x200	0x0	Ext GPU Ext GPU High Side Power (Watts) (PG0R)
K91F	power	11	PO0R	sp87	0x200	0x0	Other High Side Power   (Watts) (PO0R)
K91F	power	12	PHPC	sp87	0x200	0x0	HP Power (Watts) (PHPC)
K91F	power	13	PBLC	sp78	0x200	0x0	Backlight Input Power  (DEBUG) (Watts) (PBLC)
K91F	power	14	PG1C	sp78	0x200	0x0	Ext GPU 1.8V Power  (DEBUG)  (Watts) (PG1C)
K91F	power	15	PAPC	sp78	0x200	0x0	Airport Power  (DEBUG) (watts) (PAPC)
K91F	power	17	PG2C	sp78	0x200	0x0	Ext GPU 1.0V Power  (DEBUG) (Watts) (PG2C)
K91F	power	18	PHDC	sp78	0x200	0x0	HDD Power  (DEBUG) (Watts) (PHDC)
K91F	power	19	PG3C	sp78	0x200	0x0	Ext GPU VRAM & I/O Power  (DEBUG) (Watts) (PG3C)
K91F	power	20	VC0C	sp1e	0x200	0x0	CPU Core voltage. (Volts) (VC0C)
K91F	power	21	IC0C	sp87	0x200	0x0	CPU Core current. (Amps) (IC0C)
K91F	power	22	VG0C	sp1e	0x200	0x0	Ext GPU Core voltage. (Volts) (VG0C)
K91F	power	23	IG0C	sp69	0x200	0x0	Ext GPU Core current. (Amps) (IG0C)
K91F	power	24	IC0R	sp4b	0x200	0x0	CPU Computing High Side current. (Amps) (IC0R)
K91F	power	25	IG0R	sp4b	0x200	0x0	Ext GPU High Side current. (Amps) (IG0R)
K91F	power	26	IO0R	sp4b	0x200	0x0	Other High Side current.  (Amps) (IO0R)
K91F	power	27	VN0R	sp1e	0x200	0x0	NB Int GPU voltage. (Volts) (VN0R)
K91F	power	28	IN0C	sp69	0x200	0x0	NB Int GPU current. (Amps) (IN0C)
K91F	power	29	IM0C	sp5a	0x200	0x0	DDR current. (Amps) (IM0C)
K91F	power	30	IC1C	sp69	0x200	0x0	VCCIO 1.05V S0  current. (Amps) (IC1C)
K91F	power	31	IC2C	sp69	0x200	0x0	VCCSA S0  current. (Amps) (IC2C)
K91F	power	32	VD0R	sp5a	0x200	0x0	DC In voltage. (Volts) (VD0R)
K91F	power	33	ID0R	sp3c	0x200	0x0	DC In rail current. (Amps) (ID0R)
K91F	power	34	VP0R	sp4b	0x200	0x0	PBus rail voltage. (Volts) (VP0R)
K91F	power	35	IB0R	sp5a	0x200	0x0	Battery Discharge Current MLB . (Amps) (IB0R)
K91F	power	36	IBLC	sp1e	0x200	0x0	Backlight Current. (DEBUG) (Amps) (IBLC)
K91F	power	37	IG1C	sp5a	0x200	0x0	Ext GPU  1.8 V current. (DEBUG) (Amps) (IG1C)
K91F	power	38	VCRP	sp5a	0x200	0x0	CPU Ripple Voltage (DEBUG) (Volts) (VCRP)
K91F	power	39	IODC	sp4b	0x200	0x0	ODD Current (DEBUG) (Amps) (IODC)
K91F	power	40	IG2C	sp4b	0x200	0x0	Ext GPU 1.0V current. (DEBUG) (Amps) (IG2C)
K91F	power	41	IHDC	sp4b	0x200	0x0	HDD Current (DEBUG) (Amps) (IHDC)
K91F	power	42	IG3C	sp4b	0x200	0x0	Ext GPU VRAM & I/O current. (DEBUG) (Amps) (IG3C)
K91F	power	43	VBLC	sp69	0x200	0x0	Backlight Output Voltage. (DEBUG) (Volts) (VBLC)
K91F	power	220	PHPC	sp87	0x200	0x0	HP Power (PHPC)
K91F	power	221	PTHC	sp87	0x200	0x0	HP Power Target (PTHC)
K91F	power	222	MSLT	ui16	0x200	0x0	HP Power Throttle (MSLT)
K91F	power	240	MSTc	ui8 	0x100	0x0	CPU Plimit (MSTc)
K91F	power	241	MSTg	ui8 	0x100	0x0	GPU Plimit (MSTg)
K91F	power	242	MSTm	ui8 	0x100	0x0	MEM Plimit (MSTm)
K91F	power	243	MSTi	ui8 	0x100	0x0	2nd GPU Plimit (MSTi)
K91F	power	244	MSTf	ui8 	0x100	0x0	Forced Idle Limit (MSTf)
K91F	temp	1	PCPT	sp87	0x200	0x0	CPU total package power via PECI (Watts) (PCPT)
K91F	temp	2	PCPC	sp87	0x200	0x0	CPU core power via PECI (Watts) (PCPC)
K91F	temp	3	PCPG	sp87	0x200	0x0	CPU Gfx power via PECI (Watts) (PCPG)
K91F	temp	4	TC0C	sp78	0x200	0x0	CPU Core PECI temp (DegC) (SIS! force bit 7) (TC0C)
K91F	temp	5	TC0D	sp78	0x200	0x0	CPU die temp (DegC) (TC0D)
K91F	temp	6	TC0P	sp78	0x200	0x0	CPU proximity temp (DegC) (TC0P)
K91F	temp	7	TP0P	sp78	0x200	0x0	PCH Proxmity temp (DegC) (TP0P)
K91F	temp	8	Tm0P	sp78	0x200	0x0	Battery Charge Proximity temp (DegC) (Tm0P)
K91F	temp	9	Th1H	sp78	0x200	0x0	Right Fin stack temp (DegC) (Th1H)
K91F	temp	10	TG0D	sp78	0x200	0x0	GPU Die Analog temp (DegC) (TG0D)
K91F	temp	11	TG0P	sp78	0x200	0x0	GPU proximity temp (DegC) (TG0P)
K91F	temp	12	Th2H	sp78	0x200	0x0	Left Fin stack temp (DegC) (Th2H)
K91F	temp	13	TG1D	sp78	0x200	0x0	GPU Die Digital temp (DegC) (TG1D)
K91F	temp	14	TW0P	sp78	0x200	0x0	Airport Temp (DegC) (TW0P)
K91F	temp	15	THSP	sp78	0x200	0x0	T29 Proxmity temp (DegC) (THSP)
K91F	temp	16	Ts0P	sp78	0x200	0x0	Palm Rest Temp (DegC) (Ts0P)
K91F	temp	17	Ts0S	sp78	0x200	0x0	Synthetic bottom skin (DegC) (Ts0S)
K91F	temp	18	TC1C	sp78	0x200	0x0	Max of CPU Core vs. Mem Ctlr/IG PECI temps (DegC) (SIS! force bit 5) (TC1C)
K91F	temp	19	TPCD	sp78	0x200	0x0	PCH Die temp (DegC) (SIS! force bit 6) (TPCD)
K91F	temp	220	F0Ac	fpe2	0x200	0x0	Fan0 Actual RPM(F0Ac)
K91F	temp	221	F1Ac	fpe2	0x200	0x0	Fan1 Actual RPM(F1Ac)
K91F	temp	240	B0FC	ui16	0x200	0x0	Battery full charge capacity. (mAh) (B0FC)
K91F	temp	241	B0RM	ui16	0x200	0x0	Battery remain capacity. (mAh) (B0RM)
K91F	temp	242	CHBI	ui16	0x200	0x0	Battery charge current. (mAh) (CHBI)
K91F	temp	243	B0AC	ui16	0x200	0x0	Battery Actual current. (mA) (B0AC)
K91F	temp	244	B0AV	ui16	0x200	0x0	Battery Actual Voltage. (mV) (B0AV)
K92	power	1	PC0R	sp87	0x200	0x0	CPU High Side Power (Watts) (PC0R)
K92	power	2	PG0R	sp78	0x200	0x0	Ext GPU Ext GPU High Side Power (Watts) (PG0R)
K92	power	3	PB0R	sp87	0x200	0x0	Battery Discharge Power MLB (IB0R * VP0R)  (Watts) (PB0R)
K92	power	4	PC0C	sp87	0x200	0x0	CPU core Power (Watts) (PC0C)
K92	power	5	PG0C	sp78	0x200	0x0	GPU core Power (Watts) (PG0C)
K92	power	6	PN0C	sp78	0x200	0x0	NB Int GPU Power (Watts) (PN0C)
K92	power	7	PM0R	sp78	0x200	0x0	DDR Power (Watts) (PM0R)
K92	power	8	PC1C	sp87	0x200	0x0	CPU VCCIO 1.05V S0 Power (Watts) (PC1C)
K92	power	9	PC2C	sp87	0x200	0x0	CPU VCCSA Power (Watts) (PC2C)
K92	power	10	PD0R	sp78	0x200	0x0	DCIN/Adapter rail Power (Watts) (PD0R)
K92	power	11	PO0R	sp87	0x200	0x0	Other High Side Power   (Watts) (PO0R)
K92	power	12	PBLC	sp78	0x200	0x0	Backlight Power (DEBUG) (Watts) (PBLC)
K92	power	13	PG1C	sp78	0x200	0x0	Ext GPU 1.8V Power  (DEBUG) (Watts) (PG1C)
K92	power	14	PAPC	sp78	0x200	0x0	Airport  Power (DEBUG) (Watts) (PAPC)
K92	power	15	PG2C	sp78	0x200	0x0	Ext GPU 1.0V Power  (DEBUG) (Watts) (PG2C)
K92	power	16	PHDC	sp78	0x200	0x0	HDD Power (DEBUG) (Watts) (PHDC)
K92	power	17	PG3C	sp78	0x200	0x0	Ext GPU VRAM & I/O Power  (DEBUG) (Watts) (PG3C)
K92	power	18	PM1C	sp78	0x200	0x0	DDR 1.5V Power (DEBUG) (Watts) (PM1C)
K92	power	19	PR0R	sp78	0x200	0x0	S0 5.0V Power (DEBUG) (Watts) (PR0R)
K92	power	20	PR3R	sp78	0x200	0x0	S5 3.30V Power (DEBUG) (Watts) (PR3R)
K92	power	21	PR2R	sp78	0x200	0x0	S3 5.0V Power (DEBUG) (Watts) (PR2R)
K92	power	22	PR1R	sp78	0x200	0x0	S3 3.30V Power (DEBUG) (Watts) (PR1R)
K92	power	23	PSBC	sp78	0x200	0x0	PCH core Power (DEBUG) (Watts) (PSBC)
K92	power	24	VC0C	sp5a	0x200	0x0	CPU Core Voltage (Volts) (VC0C)
K92	power	25	IC0C	sp78	0x200	0x0	CPU Core Current (Amps) (IC0C)
K92	power	26	VG0C	sp5a	0x200	0x0	GPU Core Voltage (Volts) (VG0C)
K92	power	27	IG0C	sp5a	0x200	0x0	Ext GPU Core Current (Amps) (IG0C)
K92	power	28	IC0R	sp5a	0x200	0x0	CPU High Side Current (Amps) (IC0R)
K92	power	29	IG0R	sp5a	0x200	0x0	Ext GPU High Side Current. (Amps) (IG0R)
K92	power	30	IO0R	sp5a	0x200	0x0	Other High Side Current (Amps) (IO0R)
K92	power	31	VN0C	sp5a	0x200	0x0	GFX Voltage (Volts) (VN0C)
K92	power	32	IN0C	sp5a	0x200	0x0	GFX core Current (Amps) (IN0C)
K92	power	33	IM0C	sp5a	0x200	0x0	DDR3 Current (Amps) (IM0C)
K92	power	34	IC1C	sp5a	0x200	0x0	CPU VCCIO Current (Amps) (IC1C)
K92	power	35	IC2C	sp5a	0x200	0x0	CPU VCCSA Current (Amps) (IC2C)
K92	power	36	VD0R	sp5a	0x200	0x0	Adapter Voltage (Volts) (VD0R)
K92	power	37	ID0R	sp5a	0x200	0x0	DCIN/Adapter Current (Amps) (ID0R)
K92	power	38	VP0R	sp5a	0x200	0x0	PBus Voltage  (Volts) (VP0R)
K92	power	39	IB0R	sp5a	0x200	0x0	Battery Discharge Current MLB  (Amps) (IB0R)
K92	power	40	IBLC	sp5a	0x200	0x0	Backlight  Current (DEBUG) (Amps) (IBLC)
K92	power	41	IG1C	sp5a	0x200	0x0	Ext GPU 1.8V Current (DEBUG) (Amps) (IG1C)
K92	power	42	IAPC	sp5a	0x200	0x0	Airport  Current (DEBUG) (Amps) (IAPC)
K92	power	43	VCRP	sp5a	0x200	0x0	CPU Ripple (Volts) (VCRP)
K92	power	44	IG2C	sp5a	0x200	0x0	Ext GPU 1.0V Current (DEBUG) (Amps) (IG2C)
K92	power	45	IHDC	sp5a	0x200	0x0	HDD  Current (DEBUG) (Amps) (IHDC)
K92	power	46	IG3C	sp5a	0x200	0x0	Ext GPU VRAM & I/O current Current (DEBUG) (Amps) (IG3C)
K92	power	47	VBLC	sp69	0x200	0x0	Backlight  Voltage (DEBUG) (Volts) (VBLC)
K92	power	48	IM1C	sp5a	0x200	0x0	DDR 1.5V  Current (DEBUG) (Amps) (IM1C)
K92	power	49	IR0C	sp5a	0x200	0x0	S0 5.0V Current (DEBUG) (Amps) (IR0C)
K92	power	50	IR3C	sp5a	0x200	0x0	S5 3.30V Current (DEBUG) (Amps) (IR3C)
K92	power	51	IR2C	sp5a	0x200	0x0	S3 5.0V Current (DEBUG) (Amps) (IR2C)
K92	power	52	IR1C	sp5a	0x200	0x0	S3 3.30V Current (DEBUG) (Amps) (IR1C)
K92	power	53	ISBC	sp5a	0x200	0x0	PCH core  Current (DEBUG) (Amps) (ISBC)
K92	power	54	VAPC	sp5a	0x200	0x0	Airport  Voltage (DEBUG) (Volts) (VAPC)
K92	power	55	VODC	sp5a	0x200	0x0	ODD  Voltage (DEBUG) (Volts) (VODC)
K92	power	220	PHPC	sp87	0x200	0x0	HP Power (PHPC)
K92	power	221	PTHC	sp87	0x200	0x0	HP Power Target (PTHC)
K92	power	222	MSLT	ui16	0x200	0x0	HP Power Throttle (MSLT)
K92	power	240	MSTc	ui8 	0x100	0x0	CPU Plimit (MSTc)
K92	power	241	MSTg	ui8 	0x100	0x0	GPU Plimit (MSTg)
K92	power	242	MSTm	ui8 	0x100	0x0	MEM Plimit (MSTm)
K92	power	243	MSTi	ui8 	0x100	0x0	2nd GPU Plimit (MSTi)
K92	power	244	MSTf	ui8 	0x100	0x0	Forced Idle Limit (MSTf)
K92	temp	1	Ts0S	sp78	0x200	0x0	Synthetic bottom skin (DegC) (Ts0S)
K92	temp	2	PCPT	sp87	0x200	0x0	CPU total package power via PECI (Watts) (PCPT)
K92	temp	3	PCPC	sp87	0x200	0x0	CPU core power via PECI (Watts) (PCPC)
K92	temp	4	PCPG	sp87	0x200	0x0	CPU Gfx power via PECI (Watts) (PCPG)
K92	temp	5	TC0C	sp78	0x200	0x0	CPU Core PECI temp (DegC) (TC0C)
K92	temp	6	TC0D	sp78	0x200	0x0	CPU die temp (DegC) (TC0D)
K92	temp	7	TC0P	sp78	0x200	0x0	CPU proximity temp (DegC) (TC0P)
K92	temp	8	TP0P	sp78	0x200	0x0	PCH Proximity temp (DegC) (TP0P)
K92	temp	9	TG0P	sp78	0x200	0x0	GPU proximity temp (DegC) (TG0P)
K92	temp	10	TG0D	sp78	0x200	0x0	GPU Die Analog temp (DegC) (TG0D)
K92	temp	11	Th2H	sp78	0x200	0x0	Left Fin stack temp (DegC) (Th2H)
K92	temp	12	Th1H	sp78	0x200	0x0	Right Fin stack temp (DegC) (Th1H)
K92	temp	13	Ts0P	sp78	0x200	0x0	Palm Rest Temp (DegC) (Ts0P)
K92	temp	14	TW0P	sp78	0x200	0x0	Wireless card temp (DegC) (TW0P)
K92	temp	15	THSP	sp78	0x200	0x0	T29 proximity temp (DegC) (THSP)
K92	temp	16	TG1D	sp78	0x200	0x0	GPU Die Digital temp (DegC) (TG1D)
K92	temp	17	TPCD	sp78	0x200	0x0	PCH Die temp (DegC) (TPCD)
K92	temp	18	FRD0	ui16	0x200	0x0	gasi16TmFastRawData array entry 0 (FRD0)
K92	temp	19	FRD1	ui16	0x200	0x0	gasi16TmFastRawData array entry 1 (FRD1)
K92	temp	20	FRD2	ui16	0x200	0x0	gasi16TmFastRawData array entry 2 (FRD2)
K92	temp	21	FRD3	ui16	0x200	0x0	gasi16TmFastRawData array entry 3 (FRD3)
K92	temp	220	F0Ac	fpe2	0x200	0x0	Fan0 Actual RPM(F0Ac)
K92	temp	221	F1Ac	fpe2	0x200	0x0	Fan1 Actual RPM(F1Ac)
K92	temp	240	B0FC	ui16	0x200	0x0	Battery full charge capacity. (mAh) (B0FC)
K92	temp	241	B0RM	ui16	0x200	0x0	Battery remain capacity. (mAh) (B0RM)
K92	temp	242	CHBI	ui16	0x200	0x0	Battery charge current. (mAh) (CHBI)
K92	temp	243	B0AC	ui16	0x200	0x0	Battery Actual current. (mA) (B0AC)
K92	temp	244	B0AV	ui16	0x200	0x0	Battery Actual Voltage. (mV) (B0AV)
K90I	power	1	PB0R	sp78	0x200	0x0	Battery Discharge Power MLB (IB0R * VP0R)  (Watts) (PB0R)
K90I	power	2	PD0R	sp78	0x200	0x0	DCIN/Adapter Rail Power (Watts) (PD0R)
K90I	power	3	PC0C	sp78	0x200	0x0	Load-side CPU Power (Watts) (PC0C)
K90I	power	4	PN0C	sp78	0x200	0x0	Load-side AXG Core Power (Watts) (PN0C)
K90I	power	5	PC0R	sp78	0x200	0x0	High-Side Compute Power (Watts) (PC0R)
K90I	power	6	PO0R	sp78	0x200	0x0	High-side 5v 3.3v Rail Power (Watts) (PO0R)
K90I	power	7	IC0C	sp69	0x200	0x0	CPU Core Current (Amps) (IC0C)
K90I	power	8	VC0C	sp3c	0x200	0x0	CPU Core Voltage (Volts) (VC0C)
K90I	power	9	VN0R	sp3c	0x200	0x0	AGX Core Voltage (Volts) (VN0R)
K90I	power	10	IN0C	sp5a	0x200	0x0	AGX Core Current (Amps) (IN0C)
K90I	power	11	IC1C	sp5a	0x200	0x0	CPU VCCIO Current (Amps) (IC1C)
K90I	power	12	VD0R	sp5a	0x200	0x0	Adapter Voltage (Volts) (VD0R)
K90I	power	13	ID0R	sp5a	0x200	0x0	DCIN/Adapter Current (Amps) (ID0R)
K90I	power	14	VP0R	sp4b	0x200	0x0	PBus Voltage  (Volts) (VP0R)
K90I	power	15	IB0R	sp5a	0x200	0x0	Battery Discharge Current MLB (Amps) (IB0R)
K90I	power	16	IC0R	sp5a	0x200	0x0	CPU High Compute Current (IC0R)
K90I	power	17	IO0R	sp4b	0x200	0x0	Other High Side current. (Amps) (IO0R)
K90I	power	220	PHPC	sp78	0x200	0x0	HP Power (PHPC)
K90I	power	221	PTHC	sp78	0x200	0x0	HP Power Target (PTHC)
K90I	power	222	MSLT	ui16	0x200	0x0	HP Power Throttle (MSLT)
K90I	power	240	MSTc	ui8 	0x100	0x0	CPU Plimit (MSTc)
K90I	power	241	MSTg	ui8 	0x100	0x0	GPU Plimit (MSTg)
K90I	power	242	MSTm	ui8 	0x100	0x0	MEM Plimit (MSTm)
K90I	power	244	MSTf	ui8 	0x100	0x0	Forced Idle Limit (MSTf)
K90I	temp	1	PCPT	sp78	0x200	0x0	CPU package total power (PECI) (Watts) (PCPT)
K90I	temp	2	PCPC	sp78	0x200	0x0	CPU package core power (PECI) (Watts) (PCPC)
K90I	temp	3	PCPG	sp78	0x200	0x0	CPU package Gfx power (PECI) (Watts) (PCPG)
K90I	temp	4	TC0C	sp78	0x200	0x0	CPU Core PECI temp (DegC) (TC0C)
K90I	temp	5	TC0D	sp78	0x200	0x0	CPU die temp (DegC) (TC0D)
K90I	temp	6	TC0P	sp78	0x200	0x0	CPU proximity temp (DegC) (TC0P)
K90I	temp	7	Th1H	sp78	0x200	0x0	Fin stack temp (DegC) (Th1H)
K90I	temp	8	TP0P	sp78	0x200	0x0	PCH proximity temp (DegC) (TP0P)
K90I	temp	9	TW0P	sp78	0x200	0x0	Airport Temp (DegC) (TW0P)
K90I	temp	10	Ts0P	sp78	0x200	0x0	Trackpad (DegC) (Ts0P)
K90I	temp	11	TPCD	sp78	0x200	0x0	PCH digital die temp (DegC) (SIS! force bit ) (TPCD)
K90I	temp	12	Ts0S	sp78	0x200	0x0	Synthetic bottom skin (DegC) (Ts0S)
K90I	temp	13		sp78	0x200	0x0	Unused
K90I	temp	220	F0Ac	fpe2	0x200	0x0	Fan0 Actual RPM(F0Ac)
K90I	temp	221	F1Ac	fpe2	0x200	0x0	Fan1 Actual RPM(F1Ac)
K90I	temp	240	B0FC	ui16	0x200	0x0	Battery full charge capacity. (mAh) (B0FC)
K90I	temp	241	B0RM	ui16	0x200	0x0	Battery remain capacity. (mAh) (B0RM)
K90I	temp	242	CHBI	ui16	0x200	0x0	Battery charge current. (mAh) (CHBI)
K90I	temp	243	B0AC	ui16	0x200	0x0	Battery Actual current. (mA) (B0AC)
K90I	temp	244	B0AV	ui16	0x200	0x0	Battery Actual Voltage. (mV) (B0AV)
K21	power	1	PB0R	sp78	0x200	0x0	Battery Discharge Power MLB (IB0R * VP0R)  (Watts) (PB0R)
K21	power	2	PD0R	sp78	0x200	0x0	DCIN/Adapter rail Power (Watts) (PD0R)
K21	power	3	PC0C	sp78	0x200	0x0	CPU core Power (Watts) (PC0C)
K21	power	4	PN0C	sp78	0x200	0x0	NB Int GPU Power (Watts) (PN0C)
K21	power	5	PC0R	sp78	0x200	0x0	CPU High Side Power (Watts) (PC0R)
K21	power	6	PM0R	sp78	0x200	0x0	DDR Power (Watts) (PM0R)
K21	power	7	PC1C	sp78	0x200	0x0	CPU VCCIO 1.05V S0 Power (Watts) (PC1C)
K21	power	8	PZAP	sp78	0x200	0x0	Airport  Power (DEBUG) (Watts) (PZAP)
K21	power	9	PZHD	sp78	0x200	0x0	SSD Power (DEBUG) (Watts) (PZHD)
K21	power	10	PZBL	sp78	0x200	0x0	Backlight Power (DEBUG) (Watts) (PZBL)
K21	power	11	VC0C	sp5a	0x200	0x0	CPU Core Voltage (Volts) (VC0C)
K21	power	12	IC0C	sp78	0x200	0x0	CPU Core Current (Amps) (IC0C)
K21	power	13	VD0R	sp5a	0x200	0x0	Adapter Voltage (Volts) (VD0R)
K21	power	14	ID0R	sp5a	0x200	0x0	DCIN/Adapter Current (Amps) (ID0R)
K21	power	15	VN0C	sp5a	0x200	0x0	GFX Voltage (Volts) (VN0C)
K21	power	16	IN0C	sp5a	0x200	0x0	GFX core Current (Amps) (IN0C)
K21	power	17	IC1C	sp5a	0x200	0x0	CPU VCCIO Current (Amps) (IC1C)
K21	power	18	IZBL	sp5a	0x200	0x0	Backlight  Current (DEBUG) (Amps) (IZBL)
K21	power	19	IZAP	sp5a	0x200	0x0	Airport  Current (DEBUG) (Amps) (IZAP)
K21	power	20	IZHD	sp5a	0x200	0x0	SSD  Current (DEBUG) (Amps) (IZHD)
K21	power	21	VP0R	sp5a	0x200	0x0	PBus Voltage  (Volts) (VP0R)
K21	power	22	IB0R	sp5a	0x200	0x0	Battery Discharge Current MLB  (Amps) (IB0R)
K21	power	23	IC0R	sp5a	0x200	0x0	CPU High Side Current (Amps) (IC0R)
K21	power	24	IM0R	sp5a	0x200	0x0	DDR3 Current (Amps) (IM0R)
K21	power	220	PHPC	sp78	0x200	0x0	HP Power (PHPC)
K21	power	221	PTHC	sp78	0x200	0x0	HP Power Target (PTHC)
K21	power	222	MSLT	ui16	0x200	0x0	HP Power Throttle (MSLT)
K21	power	240	MSTc	ui8 	0x100	0x0	CPU Plimit (MSTc)
K21	power	241	MSTg	ui8 	0x100	0x0	GPU Plimit (MSTg)
K21	power	242	MSTm	ui8 	0x100	0x0	MEM Plimit (MSTm)
K21	power	244	MSTf	ui8 	0x100	0x0	Forced Idle Limit (MSTf)
K21	temp	1	PCPT	sp78	0x200	0x0	CPU package total power (PECI) (Watts) (PCPT)
K21	temp	2	PCPC	sp78	0x200	0x0	CPU package core power (PECI) (Watts) (PCPC)
K21	temp	3	PCPG	sp78	0x200	0x0	CPU package Gfx power (PECI) (Watts) (PCPG)
K21	temp	4	TC0P	sp78	0x200	0x0	CPU proximity temp (DegC) (TC0P)
K21	temp	5	TC0D	sp78	0x200	0x0	CPU die temp (DegC) (TC0D)
K21	temp	6	TM0P	sp78	0x200	0x0	Memory proximity (DegC) (TM0P)
K21	temp	7	Ta0P	sp78	0x200	0x0	air flow temp (DegC) (Ta0P)
K21	temp	8	Th1H	sp78	0x200	0x0	Fin stack temp (DegC) (Th1H)
K21	temp	9	Tm0P	sp78	0x200	0x0	MLB top side temp  (DegC) (Tm0P)
K21	temp	10	Tm1P	sp78	0x200	0x0	MLB bottom side temp  (DegC) (Tm1P)
K21	temp	11	Ts0P	sp78	0x200	0x0	Palm Rest Temp (DegC) (Ts0P)
K21	temp	12	THSP	sp78	0x200	0x0	T29 proximity temp (DegC) (THSP)
K21	temp	13	TC1C	sp78	0x200	0x0	CPU Core 0 temp (PECI) (DegC) (TC1C)
K21	temp	14	TC2C	sp78	0x200	0x0	CPU Core 1 temp (PECI) (DegC) (TC2C)
K21	temp	15	TC0C	sp78	0x200	0x0	CPU Core PECI temp (DegC) (TC0C)
K21	temp	16	TCGC	sp78	0x200	0x0	CPU Gfx Core temp (PECI) (DegC) (TCGC)
K21	temp	17	TCSA	sp78	0x200	0x0	CPU System Agent Core temp (PECI) (DegC) (TCSA)
K21	temp	18	Ts0S	sp78	0x200	0x0	Synthetic bottom skin (DegC) (Ts0S)
K21	temp	19	TC0E	sp78	0x200	0x0	CPU die Virtual temp (DegC) (TC0E)
K21	temp	20	TCTD	sp78	0x200	0x0	CPU PECI die temp Trend (DegC) (TCTD)
K21	temp	21	TC0F	sp78	0x200	0x0	CPU PECI die temp filtered then adjusted (DegC) (TC0F)
K21	temp	22	TC0J	sp78	0x200	0x0	CPU PECI die temp max error filtered output used in TC0F=TC0E+TC0G (DegC) (TC0J)
K21	temp	23	VC1R	sp5a	0x200	0x0	CPU High Side Voltage from EMC1704 (Volts) (VC1R)
K21	temp	24	IC1R	sp5a	0x200	0x0	CPU High Side Current from EMC1704 (Amps) (IC1R)
K21	temp	25	PC1R	sp78	0x200	0x0	CPU High Side Power from EMC1704 (Watts) (PC1R)
K21	temp	26	TH0O	sp78	0x200	0x0	Hard Disk out-of-band virtual temperature (DegC) (TH0O)
K21	temp	27	TH0F	sp78	0x200	0x0	Cooked and filtered SSD OOB temperature (SIT! force bit 7) (TH0F)
K21	temp	220	F0Ac	fpe2	0x200	0x0	Fan0 Actual RPM(F0Ac)
K21	temp	240	B0FC	ui16	0x200	0x0	Battery full charge capacity. (mAh) (B0FC)
K21	temp	241	B0RM	ui16	0x200	0x0	Battery remain capacity. (mAh) (B0RM)
K21	temp	242	CHBI	ui16	0x200	0x0	Battery charge current. (mAh) (CHBI)
K21	temp	243	B0AC	ui16	0x200	0x0	Battery Actual current. (mA) (B0AC)
K21	temp	244	B0AV	ui16	0x200	0x0	Battery Actual Voltage. (mV) (B0AV)
K78	power	1	PB0R	sp78	0x200	0x0	Battery Discharge Power MLB (IB0R * VP0R)  (Watts) (PB0R)
K78	power	2	PD0R	sp78	0x200	0x0	DCIN/Adapter rail Power (Watts) (PD0R)
K78	power	3	PC0C	sp78	0x200	0x0	CPU core Power (Watts) (PC0C)
K78	power	4	PN0C	sp78	0x200	0x0	NB Int GPU Power (Watts) (PN0C)
K78	power	5	PC0R	sp78	0x200	0x0	CPU High Side Power (Watts) (PC0R)
K78	power	6	PM0R	sp78	0x200	0x0	DDR Power (Watts) (PM0R)
K78	power	7	PC1C	sp78	0x200	0x0	CPU VCCIO 1.05V S0 Power (Watts) (PC1C)
K78	power	8	PZAP	sp78	0x200	0x0	Airport  Power (DEBUG) (Watts) (PZAP)
K78	power	9	PZHD	sp78	0x200	0x0	SSD Power (DEBUG) (Watts) (PZHD)
K78	power	10	PZBL	sp78	0x200	0x0	Backlight Power (DEBUG) (Watts) (PZBL)
K78	power	11	VC0C	sp5a	0x200	0x0	CPU Core Voltage (Volts) (VC0C)
K78	power	12	IC0C	sp78	0x200	0x0	CPU Core Current (Amps) (IC0C)
K78	power	13	VD0R	sp5a	0x200	0x0	Adapter Voltage (Volts) (VD0R)
K78	power	14	ID0R	sp5a	0x200	0x0	DCIN/Adapter Current (Amps) (ID0R)
K78	power	15	VN0C	sp5a	0x200	0x0	GFX Voltage (Volts) (VN0C)
K78	power	16	IN0C	sp5a	0x200	0x0	GFX core Current (Amps) (IN0C)
K78	power	17	IC1C	sp5a	0x200	0x0	CPU VCCIO Current (Amps) (IC1C)
K78	power	18	IZBL	sp5a	0x200	0x0	Backlight  Current (DEBUG) (Amps) (IZBL)
K78	power	19	IZAP	sp5a	0x200	0x0	Airport  Current (DEBUG) (Amps) (IZAP)
K78	power	20	IZHD	sp5a	0x200	0x0	SSD  Current (DEBUG) (Amps) (IZHD)
K78	power	21	VP0R	sp5a	0x200	0x0	PBus Voltage  (Volts) (VP0R)
K78	power	22	IB0R	sp5a	0x200	0x0	Battery Discharge Current MLB  (Amps) (IB0R)
K78	power	23	IC0R	sp5a	0x200	0x0	CPU High Side Current (Amps) (IC0R)
K78	power	24	IM0R	sp5a	0x200	0x0	DDR3 Current (Amps) (IM0R)
K78	power	220	PHPC	sp78	0x200	0x0	HP Power (PHPC)
K78	power	221	PTHC	sp78	0x200	0x0	HP Power Target (PTHC)
K78	power	222	MSLT	ui16	0x200	0x0	HP Power Throttle (MSLT)
K78	power	240	MSTc	ui8 	0x100	0x0	CPU Plimit (MSTc)
K78	power	241	MSTg	ui8 	0x100	0x0	GPU Plimit (MSTg)
K78	power	242	MSTm	ui8 	0x100	0x0	MEM Plimit (MSTm)
K78	power	244	MSTf	ui8 	0x100	0x0	Forced Idle Limit (MSTf)
K78	temp	1	PCPT	sp78	0x200	0x0	CPU package total power (PECI) (Watts) (PCPT)
K78	temp	2	PCPC	sp78	0x200	0x0	CPU package core power (PECI) (Watts) (PCPC)
K78	temp	3	PCPG	sp78	0x200	0x0	CPU package Gfx power (PECI) (Watts) (PCPG)
K78	temp	4	TC0P	sp78	0x200	0x0	CPU proximity temp (DegC) (TC0P)
K78	temp	5	TC0D	sp78	0x200	0x0	CPU die temp (DegC) (TC0D)
K78	temp	6	TM0P	sp78	0x200	0x0	Memory proximity (DegC) (TM0P)
K78	temp	7	Ta0P	sp78	0x200	0x0	air flow temp (DegC) (Ta0P)
K78	temp	8	Th1H	sp78	0x200	0x0	Fin stack temp (DegC) (Th1H)
K78	temp	9	Tm0P	sp78	0x200	0x0	MLB top side temp  (DegC) (Tm0P)
K78	temp	10	Tm1P	sp78	0x200	0x0	MLB bottom side temp  (DegC) (Tm1P)
K78	temp	11	Ts0P	sp78	0x200	0x0	Palm Rest Temp (DegC) (Ts0P)
K78	temp	12	THSP	sp78	0x200	0x0	T29 proximity temp (DegC) (THSP)
K78	temp	13	TC1C	sp78	0x200	0x0	CPU Core 0 temp (PECI) (DegC) (TC1C)
K78	temp	14	TC2C	sp78	0x200	0x0	CPU Core 1 temp (PECI) (DegC) (TC2C)
K78	temp	15	TC0C	sp78	0x200	0x0	CPU Core PECI temp (DegC) (TC0C)
K78	temp	16	TCGC	sp78	0x200	0x0	CPU Gfx Core temp (PECI) (DegC) (TCGC)
K78	temp	17	TCSA	sp78	0x200	0x0	CPU System Agent Core temp (PECI) (DegC) (TCSA)
K78	temp	18	Ts0S	sp78	0x200	0x0	Synthetic bottom skin (DegC) (Ts0S)
K78	temp	19	TC0E	sp78	0x200	0x0	CPU die Virtual temp (DegC) (TC0E)
K78	temp	20	TCTD	sp78	0x200	0x0	CPU PECI die temp Trend (DegC) (TCTD)
K78	temp	21	TC0F	sp78	0x200	0x0	CPU PECI die temp filtered then adjusted (DegC) (TC0F)
K78	temp	22	TC0J	sp78	0x200	0x0	CPU PECI die temp max error filtered output used in TC0F=TC0E+TC0G (DegC) (TC0J)
K78	temp	23	VC1R	sp5a	0x200	0x0	CPU High Side Voltage from EMC1704 (Volts) (VC1R)
K78	temp	24	IC1R	sp5a	0x200	0x0	CPU High Side Current from EMC1704 (Amps) (IC1R)
K78	temp	25	PC1R	sp78	0x200	0x0	CPU High Side Power from EMC1704 (Watts) (PC1R)
K78	temp	26	TH0O	sp78	0x200	0x0	Hard Disk out-of-band virtual temperature (DegC) (TH0O)
K78	temp	27	TH0F	sp78	0x200	0x0	Cooked and filtered SSD OOB temperature (SIT! force bit 7) (TH0F)
K78	temp	220	F0Ac	fpe2	0x200	0x0	Fan0 Actual RPM(F0Ac)
K78	temp	240	B0FC	ui16	0x200	0x0	Battery full charge capacity. (mAh) (B0FC)
K78	temp	241	B0RM	ui16	0x200	0x0	Battery remain capacity. (mAh) (B0RM)
K78	temp	242	CHBI	ui16	0x200	0x0	Battery charge current. (mAh) (CHBI)
K78	temp	243	B0AC	ui16	0x200	0x0	Battery Actual current. (mA) (B0AC)
K78	temp	244	B0AV	ui16	0x200	0x0	Battery Actual Voltage. (mV) (B0AV)
J40G	power	1	PHPC	sp78	0x200	0x0	Average Thermal Control Power (SPS! force bit 13) (Watts) (PHPC)
J40G	power	2	PC0R	sp78	0x200	0x0	Average CPU High side power (IC0R * VD0R) (SPS! force bit 10) (Watts) (PC0R)
J40G	power	3	PG0R	sp78	0x200	0x0	Average GPU High side power (IG0R * VD0R) (SPS! force bit 10) (Watts) (PG0R)
J40G	power	4	PD0R	sp78	0x200	0x0	Average DC In rail power (ID0R * VD0R) (SPS! force bit 10) (Watts) (PD0R)
J40G	power	5	PC0C	sp78	0x200	0x0	Average CPU Vcore power (IC0C * VC0C) (SPS! force bit 12) (Watts) (PC0C)
J40G	power	6	PN0R	sp78	0x200	0x0	Average GFX Vcore power (IN0R * VN0R) (SPS! force bit 12) (Watts) (PN0R)
J40G	power	7	PG0C	sp78	0x200	0x0	Average GPU Vcore power (IG0C * VG0C) (SPS! force bit 12) (Watts) (PG0C)
J40G	power	8	PM0C	sp78	0x200	0x0	Average Memory power (IM0C * 1.5V) (SPS! force bit 12) (Watts) (PM0C)
J40G	power	9	PC1C	sp78	0x200	0x0	Average CPU VCCIO power (IC1C * 1.05V) (SPS! force bit 12) (Watts) (PC1C)
J40G	power	10	PD1R	sp78	0x200	0x0	Average CPU 1V5 power (ID1R * 1.5V) (SPS! force bit 10) (Watts) (PD1R)
J40G	power	11	PN1R	sp78	0x200	0x0	Average PCH 1V05 power (IN1R * 1.05V) (SPS! force bit 12) (Watts) (PN1R)
J40G	power	12	VC0C	sp1e	0x200	0x0	CPU Vcore voltage. (SPS! force bit 1) (Volts) (VC0C)
J40G	power	13	IC0C	sp87	0x200	0x0	CPU Vcore average current. (SPS! force bit 0) (Amps) (IC0C)
J40G	power	14	Vp0C	sp2d	0x200	0x0	ACDC cooked temp (Volts) (Vp0C)
J40G	power	15	VG0C	sp1e	0x200	0x0	GPU Vcore voltage. (SPS! force bit 8) (Volts) (VG0C)
J40G	power	16	IG0C	sp69	0x200	0x0	GPU Vcore average current. (SPS! force bit 0) (Amps) (IG0C)
J40G	power	17	VN0R	sp1e	0x200	0x0	GFX Vcore voltage. (SPS! force bit 8) (Volts) (VN0R)
J40G	power	18	IN0R	sp69	0x200	0x0	GFX Vcore average current. (SPS! force bit 0) (Amps) (IN0R)
J40G	power	19	IM0C	sp5a	0x200	0x0	Memory average current. (SPS! force bit 2) (Amps) (IM0C)
J40G	power	20	IC1C	sp5a	0x200	0x0	CPU VCCIO current. (SPS! force bit 0) (Amps) (IC1C)
J40G	power	21	ID1R	sp5a	0x200	0x0	CPU 1V5 average current. (SPS! force bit 3) (Amps) (ID1R)
J40G	power	22	VD0R	sp4b	0x200	0x0	DC In voltage. (SPS! force bit 4) (Volts) (VD0R)
J40G	power	23	ID0R	sp5a	0x200	0x0	DC In Average current. (SPS! force bit 3) (Amps) (ID0R)
J40G	power	24	VC2C	sp0f	0x200	0x0	CPU VCCSA voltage. (SPS! force bit 1) (Volts) (VC2C)
J40G	power	25	IC2C	sp5a	0x200	0x0	CPU VCCSA current. (SPS! force bit 0) (Amps) (IC2C)
J40G	power	26	IC0R	sp4b	0x200	0x0	CPU High side average current. (SPS! force bit 5) (Amps) (IC0R)
J40G	power	27	IG0R	sp3c	0x200	0x0	GPU High side average current. (SPS! force bit 5) (Amps) (IG0R)
J40G	power	28	IN1R	sp5a	0x200	0x0	PCH 1V05 average current. (SPS! force bit 7) (Amps) (IN1R)
J40G	power	220	PHPC	sp87	0x200	0x0	HP Power (PHPC)
J40G	power	221	PTHC	sp87	0x200	0x0	HP Power Target (PTHC)
J40G	power	222	MSLT	ui16	0x200	0x0	HP Power Throttle (MSLT)
J40G	power	240	MSTc	ui8 	0x100	0x0	CPU Plimit (MSTc)
J40G	power	241	MSTg	ui8 	0x100	0x0	GPU Plimit (MSTg)
J40G	power	242	MSTm	ui8 	0x100	0x0	MEM Plimit (MSTm)
J40G	power	244	MSTf	ui8 	0x100	0x0	Forced Idle Limit (MSTf)
J40G	temp	1	TC0d	sp78	0x200	0x0	CPU die raw temp (DegC) (TC0d)
J40G	temp	2	PCPT	sp78	0x200	0x0	CPU package total power (PECI) (Watts) (PCPT)
J40G	temp	3	PCPC	sp78	0x200	0x0	CPU package core power (PECI) (Watts) (PCPC)
J40G	temp	4	PCPG	sp78	0x200	0x0	CPU package Gfx power (PECI) (Watts) (PCPG)
J40G	temp	5	TCGC	sp78	0x200	0x0	CPU Gfx Core temp (PECI) (DegC) (TCGC)
J40G	temp	6	TCSC	sp78	0x200	0x0	CPU System Agent Core temp (PECI) (DegC) (TCSC)
J40G	temp	7	TCXC	sp78	0x200	0x0	CPU Max Package Core temp (PECI) (DegC) (TCXC)
J40G	temp	8	TC0C	sp78	0x200	0x0	CPU Core 0 temp (PECI) (DegC) (TC0C)
J40G	temp	9	TC1C	sp78	0x200	0x0	CPU Core 1 temp (PECI) (DegC) (TC1C)
J40G	temp	10	TC0E	sp78	0x200	0x0	CPU PECI die Virtual temp (DegC) (TC0E)
J40G	temp	11	TCTD	sp78	0x200	0x0	CPU PECI die temp Trend (DegC) (TCTD)
J40G	temp	12	TCFC	ui16	0x200	0x0	CPU PECI die temp filter coeff (TCFC)
J40G	temp	13	TC0J	sp78	0x200	0x0	CPU PECI die temp max error filtered output (DegC) (TC0J)
J40G	temp	14	TC0F	sp78	0x200	0x0	CPU PECI die temp filtered then adjusted (DegC) (TC0F)
J40G	temp	15	TC0D	sp78	0x200	0x0	CPU die temp (DegC) (TC0D)
J40G	temp	16	TC0P	sp78	0x200	0x0	CPU proximity temp (filtered) (DegC) (TC0P)
J40G	temp	17	TG1D	sp78	0x200	0x0	GPU digital die temp (DegC) (TG1D)
J40G	temp	18	TG0P	sp78	0x200	0x0	GPU proximity temp (DegC) (TG0P)
J40G	temp	19	TG0D	sp78	0x200	0x0	GPU analog die temp (DegC) (TG0D)
J40G	temp	20	TG0M	sp78	0x200	0x0	GFX memory temp (DegC) (TG0M)
J40G	temp	21	TP0P	sp78	0x200	0x0	PCH proximity temp (DegC) (TP0P)
J40G	temp	22	TPCD	sp78	0x200	0x0	PCH digital die temp (DegC) (TPCD)
J40G	temp	23	TI0P	sp78	0x200	0x0	High Speed I/O proximity 0 temp (DegC) (TI0P)
J40G	temp	24	TH0P	sp78	0x200	0x0	HDD proximity temp (DegC) (TH0P)
J40G	temp	25	TM0P	sp78	0x200	0x0	Memory proximity temp (filtered) (DegC) (TM0P)
J40G	temp	26	TA0P	sp78	0x200	0x0	Ambient 0 temp (DegC) (TA0P)
J40G	temp	27	TA1P	sp78	0x200	0x0	Ambient 1 temp (DegC) (TA1P)
J40G	temp	28	TW0P	sp78	0x200	0x0	Airport Card temp (DegC) (TW0P)
J40G	temp	220	F0Ac	fpe2	0x200	0x0	Fan0 Actual RPM(F0Ac)
J40I	power	1	PHPC	sp78	0x200	0x0	Average Thermal Control Power (SPS! force bit 13) (Watts) (PHPC)
J40I	power	2	PC0R	sp78	0x200	0x0	Average CPU High side power (IC0R * VD0R) (SPS! force bit 10) (Watts) (PC0R)
J40I	power	3	PD0R	sp78	0x200	0x0	Average DC In rail power (ID0R * VD0R) (SPS! force bit 10) (Watts) (PD0R)
J40I	power	4	PC0C	sp78	0x200	0x0	Average CPU Vcore power (IC0C * VC0C) (SPS! force bit 12) (Watts) (PC0C)
J40I	power	5	PN0R	sp78	0x200	0x0	Average GFX Vcore power (IN0R * VN0R) (SPS! force bit 12) (Watts) (PN0R)
J40I	power	6	PM0C	sp78	0x200	0x0	Average Memory power (IM0C * 1.5V) (SPS! force bit 12) (Watts) (PM0C)
J40I	power	7	PC1C	sp78	0x200	0x0	Average CPU VCCIO power (IC1C * 1.05V) (SPS! force bit 12) (Watts) (PC1C)
J40I	power	8	PD1R	sp78	0x200	0x0	Average CPU 1V5 power (ID1R * 1.5V) (SPS! force bit 10) (Watts) (PD1R)
J40I	power	9	PC2C	sp78	0x200	0x0	Average CPU VCCSA power (IC2C * VC2C) (SPS! force bit 12) (Watts) (PC2C)
J40I	power	10	PN1R	sp78	0x200	0x0	Average PCH 1V05 power (IN1R * 1.05V) (SPS! force bit 12) (Watts) (PN1R)
J40I	power	11	VC0C	sp1e	0x200	0x0	CPU Vcore voltage. (SPS! force bit 1) (Volts) (VC0C)
J40I	power	12	IC0C	sp87	0x200	0x0	CPU Vcore average current. (SPS! force bit 0) (Amps) (IC0C)
J40I	power	13	Vp0C	sp2d	0x200	0x0	ACDC cooked temp (Volts) (Vp0C)
J40I	power	14	VN0R	sp1e	0x200	0x0	GFX Vcore voltage. (SPS! force bit 8) (Volts) (VN0R)
J40I	power	15	IN0R	sp69	0x200	0x0	GFX Vcore average current. (SPS! force bit 0) (Amps) (IN0R)
J40I	power	16	IM0C	sp5a	0x200	0x0	Memory average current. (SPS! force bit 2) (Amps) (IM0C)
J40I	power	17	IC1C	sp5a	0x200	0x0	CPU VCCIO current. (SPS! force bit 0) (Amps) (IC1C)
J40I	power	18	ID1R	sp5a	0x200	0x0	CPU 1V5 average current. (SPS! force bit 3) (Amps) (ID1R)
J40I	power	19	VD0R	sp4b	0x200	0x0	DC In voltage. (SPS! force bit 4) (Volts) (VD0R)
J40I	power	20	ID0R	sp5a	0x200	0x0	DC In Average current. (SPS! force bit 3) (Amps) (ID0R)
J40I	power	21	VC2C	sp0f	0x200	0x0	CPU VCCSA voltage. (SPS! force bit 1) (Volts) (VC2C)
J40I	power	22	IC2C	sp5a	0x200	0x0	CPU VCCSA current. (SPS! force bit 0) (Amps) (IC2C)
J40I	power	23	IC0R	sp4b	0x200	0x0	CPU High side average current. (SPS! force bit 5) (Amps) (IC0R)
J40I	power	24	IN1R	sp5a	0x200	0x0	PCH 1V05 average current. (SPS! force bit 7) (Amps) (IN1R)
J40I	power	220	PHPC	sp87	0x200	0x0	HP Power (PHPC)
J40I	power	221	PTHC	sp87	0x200	0x0	HP Power Target (PTHC)
J40I	power	222	MSLT	ui16	0x200	0x0	HP Power Throttle (MSLT)
J40I	power	240	MSTc	ui8 	0x100	0x0	CPU Plimit (MSTc)
J40I	power	241	MSTg	ui8 	0x100	0x0	GPU Plimit (MSTg)
J40I	power	242	MSTm	ui8 	0x100	0x0	MEM Plimit (MSTm)
J40I	power	244	MSTf	ui8 	0x100	0x0	Forced Idle Limit (MSTf)
J40I	temp	1	TC0d	sp78	0x200	0x0	CPU die raw temp (DegC) (TC0d)
J40I	temp	2	PCPT	sp78	0x200	0x0	CPU package total power (PECI) (Watts) (PCPT)
J40I	temp	3	PCPC	sp78	0x200	0x0	CPU package core power (PECI) (Watts) (PCPC)
J40I	temp	4	PCPG	sp78	0x200	0x0	CPU package Gfx power (PECI) (Watts) (PCPG)
J40I	temp	5	TCGC	sp78	0x200	0x0	CPU Gfx Core temp (PECI) (DegC) (TCGC)
J40I	temp	6	TCSC	sp78	0x200	0x0	CPU System Agent Core temp (PECI) (DegC) (TCSC)
J40I	temp	7	TCXC	sp78	0x200	0x0	CPU Max Package Core temp (PECI) (DegC) (TCXC)
J40I	temp	8	TC0C	sp78	0x200	0x0	CPU Core 0 temp (PECI) (DegC) (TC0C)
J40I	temp	9	TC1C	sp78	0x200	0x0	CPU Core 1 temp (PECI) (DegC) (TC1C)
J40I	temp	10	TC0E	sp78	0x200	0x0	CPU PECI die Virtual temp (DegC) (TC0E)
J40I	temp	11	TCTD	sp78	0x200	0x0	CPU PECI die temp Trend (DegC) (TCTD)
J40I	temp	12	TCFC	ui16	0x200	0x0	CPU PECI die temp filter coeff (TCFC)
J40I	temp	13	TC0J	sp78	0x200	0x0	CPU PECI die temp max error filtered output (DegC) (TC0J)
J40I	temp	14	TC0F	sp78	0x200	0x0	CPU PECI die temp filtered then adjusted (DegC) (TC0F)
J40I	temp	15	TC0D	sp78	0x200	0x0	CPU die temp (DegC) (TC0D)
J40I	temp	16	TC0P	sp78	0x200	0x0	CPU proximity temp (filtered) (DegC) (TC0P)
J40I	temp	17	TP0P	sp78	0x200	0x0	PCH proximity temp (DegC) (TP0P)
J40I	temp	18	TPCD	sp78	0x200	0x0	PCH digital die temp (DegC) (TPCD)
J40I	temp	19	TI0P	sp78	0x200	0x0	High Speed I/O proximity 0 temp (DegC) (TI0P)
J40I	temp	20	TI1P	sp78	0x200	0x0	High Speed I/O proximity 1 temp (DegC) (TI1P)
J40I	temp	21	TH0P	sp78	0x200	0x0	HDD proximity temp (DegC) (TH0P)
J40I	temp	22	TM0P	sp78	0x200	0x0	Memory proximity temp (filtered) (DegC) (TM0P)
J40I	temp	23	TA0P	sp78	0x200	0x0	Ambient 0 temp (DegC) (TA0P)
J40I	temp	24	TA1P	sp78	0x200	0x0	Ambient 1 temp (DegC) (TA1P)
J40I	temp	25	TW0P	sp78	0x200	0x0	Airport Card temp (DegC) (TW0P)
J40I	temp	220	F0Ac	fpe2	0x200	0x0	Fan0 Actual RPM(F0Ac)
J40S	power	1	PHPC	sp78	0x200	0x0	Average Thermal Control Power (SPS! force bit 13) (Watts) (PHPC)
J40S	power	2	PC0R	sp78	0x200	0x0	Average CPU High side power (IC0R * VD0R) (SPS! force bit 10) (Watts) (PC0R)
J40S	power	3	PD0R	sp78	0x200	0x0	Average DC In rail power (ID0R * VD0R) (SPS! force bit 10) (Watts) (PD0R)
J40S	power	4	PC0C	sp78	0x200	0x0	Average CPU Vcore power (IC0C * VC0C) (SPS! force bit 12) (Watts) (PC0C)
J40S	power	5	PN0R	sp78	0x200	0x0	Average GFX Vcore power (IN0R * VN0R) (SPS! force bit 12) (Watts) (PN0R)
J40S	power	6	PM0C	sp78	0x200	0x0	Average Memory power (IM0C * 1.5V) (SPS! force bit 12) (Watts) (PM0C)
J40S	power	7	PC1C	sp78	0x200	0x0	Average CPU VCCIO power (IC1C * 1.05V) (SPS! force bit 12) (Watts) (PC1C)
J40S	power	8	PD1R	sp78	0x200	0x0	Average CPU 1V5 power (ID1R * 1.5V) (SPS! force bit 10) (Watts) (PD1R)
J40S	power	9	PC2C	sp78	0x200	0x0	Average CPU VCCSA power (IC2C * VC2C) (SPS! force bit 12) (Watts) (PC2C)
J40S	power	10	PN1R	sp78	0x200	0x0	Average PCH 1V05 power (IN1R * 1.05V) (SPS! force bit 12) (Watts) (PN1R)
J40S	power	11	VC0C	sp1e	0x200	0x0	CPU Vcore voltage. (SPS! force bit 1) (Volts) (VC0C)
J40S	power	12	IC0C	sp87	0x200	0x0	CPU Vcore average current. (SPS! force bit 0) (Amps) (IC0C)
J40S	power	13	Vp0C	sp2d	0x200	0x0	ACDC cooked temp (Volts) (Vp0C)
J40S	power	14	VN0R	sp1e	0x200	0x0	GFX Vcore voltage. (SPS! force bit 8) (Volts) (VN0R)
J40S	power	15	IN0R	sp69	0x200	0x0	GFX Vcore average current. (SPS! force bit 0) (Amps) (IN0R)
J40S	power	16	IM0C	sp5a	0x200	0x0	Memory average current. (SPS! force bit 2) (Amps) (IM0C)
J40S	power	17	IC1C	sp5a	0x200	0x0	CPU VCCIO current. (SPS! force bit 0) (Amps) (IC1C)
J40S	power	18	ID1R	sp5a	0x200	0x0	CPU 1V5 average current. (SPS! force bit 3) (Amps) (ID1R)
J40S	power	19	VD0R	sp4b	0x200	0x0	DC In voltage. (SPS! force bit 4) (Volts) (VD0R)
J40S	power	20	ID0R	sp5a	0x200	0x0	DC In Average current. (SPS! force bit 3) (Amps) (ID0R)
J40S	power	21	VC2C	sp0f	0x200	0x0	CPU VCCSA voltage. (SPS! force bit 1) (Volts) (VC2C)
J40S	power	22	IC2C	sp5a	0x200	0x0	CPU VCCSA current. (SPS! force bit 0) (Amps) (IC2C)
J40S	power	23	IC0R	sp4b	0x200	0x0	CPU High side average current. (SPS! force bit 5) (Amps) (IC0R)
J40S	power	24	IN1R	sp5a	0x200	0x0	PCH 1V05 average current. (SPS! force bit 7) (Amps) (IN1R)
J40S	power	220	PHPC	sp87	0x200	0x0	HP Power (PHPC)
J40S	power	221	PTHC	sp87	0x200	0x0	HP Power Target (PTHC)
J40S	power	222	MSLT	ui16	0x200	0x0	HP Power Throttle (MSLT)
J40S	power	240	MSTc	ui8 	0x100	0x0	CPU Plimit (MSTc)
J40S	power	241	MSTg	ui8 	0x100	0x0	GPU Plimit (MSTg)
J40S	power	242	MSTm	ui8 	0x100	0x0	MEM Plimit (MSTm)
J40S	power	244	MSTf	ui8 	0x100	0x0	Forced Idle Limit (MSTf)
J40S	temp	1	TC0d	sp78	0x200	0x0	CPU die raw temp (DegC) (TC0d)
J40S	temp	2	PCPT	sp78	0x200	0x0	CPU package total power (PECI) (Watts) (PCPT)
J40S	temp	3	PCPC	sp78	0x200	0x0	CPU package core power (PECI) (Watts) (PCPC)
J40S	temp	4	PCPG	sp78	0x200	0x0	CPU package Gfx power (PECI) (Watts) (PCPG)
J40S	temp	5	TCGC	sp78	0x200	0x0	CPU Gfx Core temp (PECI) (DegC) (TCGC)
J40S	temp	6	TCSC	sp78	0x200	0x0	CPU System Agent Core temp (PECI) (DegC) (TCSC)
J40S	temp	7	TCXC	sp78	0x200	0x0	CPU Max Package Core temp (PECI) (DegC) (TCXC)
J40S	temp	8	TC0C	sp78	0x200	0x0	CPU Core 0 temp (PECI) (DegC) (TC0C)
J40S	temp	9	TC1C	sp78	0x200	0x0	CPU Core 1 temp (PECI) (DegC) (TC1C)
J40S	temp	10	TC2C	sp78	0x200	0x0	CPU Core 2 temp (PECI) (DegC) (TC2C)
J40S	temp	11	TC3C	sp78	0x200	0x0	CPU Core 3 temp (PECI) (DegC) (TC3C)
J40S	temp	12	TC0E	sp78	0x200	0x0	CPU PECI die Virtual temp (DegC) (TC0E)
J40S	temp	13	TCTD	sp78	0x200	0x0	CPU PECI die temp Trend (DegC) (TCTD)
J40S	temp	14	TCFC	ui16	0x200	0x0	CPU PECI die temp filter coeff (TCFC)
J40S	temp	15	TC0J	sp78	0x200	0x0	CPU PECI die temp max error filtered output (DegC) (TC0J)
J40S	temp	16	TC0F	sp78	0x200	0x0	CPU PECI die temp filtered then adjusted (DegC) (TC0F)
J40S	temp	17	TC0D	sp78	0x200	0x0	CPU die temp (DegC) (TC0D)
J40S	temp	18	TC0P	sp78	0x200	0x0	CPU proximity temp (filtered) (DegC) (TC0P)
J40S	temp	19	TP0P	sp78	0x200	0x0	PCH proximity temp (DegC) (TP0P)
J40S	temp	20	TPCD	sp78	0x200	0x0	PCH digital die temp (DegC) (TPCD)
J40S	temp	21	TI0P	sp78	0x200	0x0	High Speed I/O proximity 0 temp (DegC) (TI0P)
J40S	temp	22	TI1P	sp78	0x200	0x0	High Speed I/O proximity 1 temp (DegC) (TI1P)
J40S	temp	23	TH0P	sp78	0x200	0x0	HDD proximity temp (DegC) (TH0P)
J40S	temp	24	TM0P	sp78	0x200	0x0	Memory proximity temp (filtered) (DegC) (TM0P)
J40S	temp	25	TA0P	sp78	0x200	0x0	Ambient 0 temp (DegC) (TA0P)
J40S	temp	26	TA1P	sp78	0x200	0x0	Ambient 1 temp (DegC) (TA1P)
J40S	temp	27	TW0P	sp78	0x200	0x0	Airport Card temp (DegC) (TW0P)
J40S	temp	220	F0Ac	fpe2	0x200	0x0	Fan0 Actual RPM(F0Ac)
K16	power	1	PC0C	sp78	0x200	0x0	Average CPU Vcore Power (SPS! force bit 20) (Watts) (PC0C)
K16	power	2	PN0C	sp78	0x200	0x0	Average MCP core Power (IN0C * VN0C) (SPS! force bit 23) (Watts) (PN0C)
K16	power	3	IN0C	sp5a	0x200	0x0	MCP Core Current(SPS! force bit 10) (Amps) (IN0C)
K16	power	4	VN0C	sp1e	0x200	0x0	MCP Core Voltage (SPS! force bit 2) (Volts) (VN0C)
K16	power	5	PN1C	sp78	0x200	0x0	Average MCP memory Power (IN1C * 1.35V) (SPS! force bit 24) (Watts) (PN1C)
K16	power	6	IN1C	sp3c	0x200	0x0	MCP DDR Current(SPS! force bit 11) (Amps) (IN1C)
K16	power	7	VN1C	sp5a	0x200	0x0	MCP Memory Voltage (SPS! force bit 15) (Volts) (VN1C)
K16	power	8	PB0R	sp78	0x200	0x0	Average battery discharge power MLB (IB0R * VP0R) (SPS! force bit 21) (Watts) (PB0R)
K16	power	9	IB0R	sp4b	0x200	0x0	Battery Discharge Current MLB (SPS! force bit 5) (Amps) (IB0R)
K16	power	10	VP0R	sp4b	0x200	0x0	PBus Voltage (SPS! force bit 4) (Volts) (VP0R)
K16	power	11	PD0R	sp78	0x200	0x0	Average DCIN/Adapter rail Power (SPS! force bit 22) (Watts) (PD0R)
K16	power	12	ID0R	sp3c	0x200	0x0	DCIN/Adapter Current (SPS! force bit 3) (Amps) (ID0R)
K16	power	13	VD0R	sp5a	0x200	0x0	DC In Voltage (SPS! force bit 16) (Volts) (VD0R)
K16	power	14	Pc0R	sp78	0x200	0x0	Average main chipset Power (Ic0R * VP0R) (SPS! force bit 25) (Watts) (Pc0R)
K16	power	15	Ic0R	sp4b	0x200	0x0	CSreg Current (SPS! force bit 12) (Amps) (Ic0R)
K16	power	16	VP0R	sp4b	0x200	0x0	PBus Voltage (SPS! force bit 4) (Volts) (VP0R)
K16	power	17	PZBL	sp78	0x200	0x0	LCD Backlight Power (IZBL * VP0R) (SPS! force bit 26) (Watts) (PZBL)
K16	power	18	IZBL	sp0f	0x200	0x0	LCD Backlight Current (SPS! force bit 7) (Amps) (IZBL)
K16	power	19	VP0R	sp4b	0x200	0x0	PBus Voltage (SPS! force bit 4) (Volts) (VP0R)
K16	power	20	PZAP	sp78	0x200	0x0	WIFI Power (IZAP * 3.3V) (SPS! force bit 27) (Watts) (PZAP)
K16	power	21	IZAP	sp0f	0x200	0x0	WLAN Current (SPS! force bit 8) (Amps) (IZAP)
K16	power	22	VZAP	sp5a	0x200	0x0	WIFI Voltage (SPS! force bit 17) (Volts) (VZAP)
K16	power	23	PZHD	sp78	0x200	0x0	SSD Power (IZHD * 3.3V) (SPS! force bit 28) (Watts) (PZHD)
K16	power	24	IZHD	sp2d	0x200	0x0	HDD Current (SPS! force bit 9) (Amps) (IZHD)
K16	power	25	VZHD	sp5a	0x200	0x0	SSD Voltage (SPS! force bit 18) (Volts) (VZHD)
K16	power	26	PZDM	sp78	0x200	0x0	Memory Power (IZDM * 1.35V) (SPS! force bit 29) (Watts) (PZDM)
K16	power	27	IZDM	sp5a	0x200	0x0	1V5S3 Current (SPS! force bit 6) (Amps) (IZDM)
K16	power	28	VZDM	sp5a	0x200	0x0	Memory Voltage (SPS! force bit 19) (Volts) (VZDM)
K16	power	29	PTHC	sp87	0x200	0x0	HP Power Target (PTHC)
K16	power	240	MSTc	ui8 	0x100	0x0	CPU Plimit (MSTc)
K16	power	241	MSTg	ui8 	0x100	0x0	GPU Plimit (MSTg)
K16	power	242	MSTm	ui8 	0x100	0x0	MEM Plimit (MSTm)
K16	power	243		ui8 	0x100	0x0	Prochot
K16	temp	1	Th1H	sp78	0x200	0x0	Finstack proximity temp (SIT! force bit 14) (DegC) (Th1H)
K16	temp	2	TC0D	sp78	0x200	0x0	CPU Die temp (SIT! force bit 9) (DegC) (TC0D)
K16	temp	3	TC0P	sp78	0x200	0x0	CPU proxmity temp (SIT! force bit 10) (DegC) (TC0P)
K16	temp	4	TM0P	sp78	0x200	0x0	SSD proximity temp (SIU! force bit 0) (DegC) (TM0P)
K16	temp	5	TN1D	sp78	0x200	0x0	MCP internal die temp (SIU! force bit 1) (DegC) (TN1D)
K16	temp	6	TN0D	sp78	0x200	0x0	MCP89 Die temp (SIT! force bit 11) (DegC) (TN0D)
K16	temp	7	TN0P	sp78	0x200	0x0	MCP89 Die temp (SIT! force bit 12) (DegC) (TN0P)
K16	temp	8	Tp0P	sp78	0x200	0x0	MLB temp (SIT! force bit 15) (DegC) (Tp0P)
K16	temp	9	TB0T	sp78	0x200	0x0	Battery temp. (DegC) (TB0T)
K16	temp	10	TB1T	sp78	0x200	0x0	Battery TS1 Temp (DegC) (TB1T)
K16	temp	11	TB2T	sp78	0x200	0x0	Battery TS2 Temp (DegC) (TB2T)
K16	temp	12	Ts0P	sp78	0x200	0x0	Palm rest skin temp (SIT! force bit 13) (DegC) (Ts0P)
K99	power	1	PC0C	sp78	0x200	0x0	Average CPU Vcore Power (SPS! force bit 20) (Watts) (PC0C)
K99	power	2	PN0C	sp78	0x200	0x0	Average MCP core Power (IN0C * VN0C) (SPS! force bit 23) (Watts) (PN0C)
K99	power	3	IN0C	sp5a	0x200	0x0	MCP Core Current(SPS! force bit 10) (Amps) (IN0C)
K99	power	4	VN0C	sp1e	0x200	0x0	MCP Core Voltage (SPS! force bit 2) (Volts) (VN0C)
K99	power	5	PN1C	sp78	0x200	0x0	Average MCP memory Power (IN1C * 1.35V) (SPS! force bit 24) (Watts) (PN1C)
K99	power	6	IN1C	sp3c	0x200	0x0	MCP DDR Current(SPS! force bit 11) (Amps) (IN1C)
K99	power	7	VN1C	sp5a	0x200	0x0	MCP Memory Voltage (SPS! force bit 15) (Volts) (VN1C)
K99	power	8	PB0R	sp78	0x200	0x0	Average battery discharge power MLB (IB0R * VP0R) (SPS! force bit 21) (Watts) (PB0R)
K99	power	9	IB0R	sp4b	0x200	0x0	Battery Discharge Current MLB (SPS! force bit 5) (Amps) (IB0R)
K99	power	10	VP0R	sp4b	0x200	0x0	PBus Voltage (SPS! force bit 4) (Volts) (VP0R)
K99	power	11	PD0R	sp78	0x200	0x0	Average DCIN/Adapter rail Power (SPS! force bit 22) (Watts) (PD0R)
K99	power	12	ID0R	sp3c	0x200	0x0	DCIN/Adapter Current (SPS! force bit 3) (Amps) (ID0R)
K99	power	13	VD0R	sp5a	0x200	0x0	DC In Voltage (SPS! force bit 16) (Volts) (VD0R)
K99	power	14	Pc0R	sp78	0x200	0x0	Average main chipset Power (Ic0R * VP0R) (SPS! force bit 25) (Watts) (Pc0R)
K99	power	15	Ic0R	sp4b	0x200	0x0	CSreg Current (SPS! force bit 12) (Amps) (Ic0R)
K99	power	16	VP0R	sp4b	0x200	0x0	PBus Voltage (SPS! force bit 4) (Volts) (VP0R)
K99	power	17	PZBL	sp78	0x200	0x0	LCD Backlight Power (IZBL * VP0R) (SPS! force bit 26) (Watts) (PZBL)
K99	power	18	IZBL	sp0f	0x200	0x0	LCD Backlight Current (SPS! force bit 7) (Amps) (IZBL)
K99	power	19	VP0R	sp4b	0x200	0x0	PBus Voltage (SPS! force bit 4) (Volts) (VP0R)
K99	power	20	PZAP	sp78	0x200	0x0	WIFI Power (IZAP * 3.3V) (SPS! force bit 27) (Watts) (PZAP)
K99	power	21	IZAP	sp0f	0x200	0x0	WLAN Current (SPS! force bit 8) (Amps) (IZAP)
K99	power	22	VZAP	sp5a	0x200	0x0	WIFI Voltage (SPS! force bit 17) (Volts) (VZAP)
K99	power	23	PZHD	sp78	0x200	0x0	SSD Power (IZHD * 3.3V) (SPS! force bit 28) (Watts) (PZHD)
K99	power	24	IZHD	sp2d	0x200	0x0	HDD Current (SPS! force bit 9) (Amps) (IZHD)
K99	power	25	VZHD	sp5a	0x200	0x0	SSD Voltage (SPS! force bit 18) (Volts) (VZHD)
K99	power	26	PZDM	sp78	0x200	0x0	Memory Power (IZDM * 1.35V) (SPS! force bit 29) (Watts) (PZDM)
K99	power	27	IZDM	sp5a	0x200	0x0	1V5S3 Current (SPS! force bit 6) (Amps) (IZDM)
K99	power	28	VZDM	sp5a	0x200	0x0	Memory Voltage (SPS! force bit 19) (Volts) (VZDM)
K99	power	29	PTHC	sp87	0x200	0x0	HP Power Target (PTHC)
K99	power	240	MSTc	ui8 	0x100	0x0	CPU Plimit (MSTc)
K99	power	241	MSTg	ui8 	0x100	0x0	GPU Plimit (MSTg)
K99	power	242	MSTm	ui8 	0x100	0x0	MEM Plimit (MSTm)
K99	power	243		ui8 	0x100	0x0	Prochot
K99	temp	1	Th1H	sp78	0x200	0x0	Finstack proximity temp (SIT! force bit 14) (DegC) (Th1H)
K99	temp	2	TC0D	sp78	0x200	0x0	CPU Die temp (SIT! force bit 9) (DegC) (TC0D)
K99	temp	3	TC0P	sp78	0x200	0x0	CPU proxmity temp (SIT! force bit 10) (DegC) (TC0P)
K99	temp	4	TM0P	sp78	0x200	0x0	SSD proximity temp (SIU! force bit 0) (DegC) (TM0P)
K99	temp	5	TN1D	sp78	0x200	0x0	MCP internal die temp (SIU! force bit 1) (DegC) (TN1D)
K99	temp	6	TN0D	sp78	0x200	0x0	MCP89 Die temp (SIT! force bit 11) (DegC) (TN0D)
K99	temp	7	TN0P	sp78	0x200	0x0	MCP89 Die temp (SIT! force bit 12) (DegC) (TN0P)
K99	temp	8	Tp0P	sp78	0x200	0x0	MLB temp (SIT! force bit 15) (DegC) (Tp0P)
K99	temp	9	TB0T	sp78	0x200	0x0	Battery temp. (DegC) (TB0T)
K99	temp	10	TB1T	sp78	0x200	0x0	Battery TS1 Temp (DegC) (TB1T)
K99	temp	11	TB2T	sp78	0x200	0x0	Battery TS2 Temp (DegC) (TB2T)
K99	temp	12	Ts0P	sp78	0x200	0x0	Palm rest skin temp (SIT! force bit 13) (DegC) (Ts0P)
J31	power	1	PHPC	sp87	0x200	0x0	Thermal control Power (Watts) (PHPC)
J31	power	2	PC0R	sp87	0x200	0x0	CPU Computing High Side Power (Watts) (PC0R)
J31	power	3	PG0R	sp87	0x200	0x0	Ext GPU Ext GPU High Side Power (Watts) (PG0R)
J31	power	4	PO0R	sp78	0x200	0x0	Other High Side Power   (Watts) (PO0R)
J31	power	5	PPBR	sp87	0x200	0x0	PBus on battery power (Watts) (PPBR)
J31	power	6	PDTR	sp87	0x200	0x0	DC-In total power  (Watts) (PDTR)
J31	power	7	PCLT	sp78	0x200	0x0	CPU Package Total Power (SMC Load Sensors) (Watts) (PCLT)
J31	power	8	PC0C	sp78	0x200	0x0	CPU Core Power (Watts) (PC0C)
J31	power	9	PG0C	sp78	0x200	0x0	Ext GPU Power (Watts) (PG0C)
J31	power	10	PN0C	sp78	0x200	0x0	Int GPU core Power (Watts) (PN0C)
J31	power	11	PM0C	sp78	0x200	0x0	DDR Power (Memory) (Watts) (PM0C)
J31	power	12	PM1C	sp78	0x200	0x0	DDR Power (CPU & Memory) (Watts) (PM1C)
J31	power	13	PHDC	sp78	0x200	0x0	HDD Power  (Watts) (PHDC)
J31	power	14	PC1C	sp78	0x200	0x0	CPU VCCIO 1.05V S0 Power (Watts) (PC1C)
J31	power	15	PC2C	sp78	0x200	0x0	CPU VCCSA Power (Watts) (PC2C)
J31	power	16	PAPC	sp78	0x200	0x0	Airport Power   (watts) (PAPC)
J31	power	17	PG1C	sp78	0x200	0x0	Ext GPU 1.8V Power  (Watts) (PG1C)
J31	power	18	PG3C	sp78	0x200	0x0	Ext GPU 1.8V Power  (DEBUG) (Watts) (PG3C)
J31	power	19	PHSP	sp78	0x200	0x0	T29 Power  (Watts) (PHSP)
J31	power	20	PR1C	sp78	0x200	0x0	3.3V S3.  (Amps) (PR1C)
J31	power	21	PBLC	sp78	0x200	0x0	Backlight Input Power   (Watts) (PBLC)
J31	power	22	PG2C	sp78	0x200	0x0	Ext GPU 1.8V Power  (Watts) (PG2C)
J31	power	23	VC0C	sp5a	0x200	0x0	CPU Core voltage. (Volts) (VC0C)
J31	power	24	IC0C	sp78	0x200	0x0	CPU Core current. (Amps) (IC0C)
J31	power	25	VN0C	sp5a	0x200	0x0	Int GPU core voltage. (Volts) (VN0C)
J31	power	26	IN0C	sp5a	0x200	0x0	Internal GPU core current. (Amps) (IN0C)
J31	power	27	IC0R	sp5a	0x200	0x0	CPU Computing High Side current. (Amps) (IC0R)
J31	power	28	IG0R	sp5a	0x200	0x0	Ext GPU High Side current. (Amps) (IG0R)
J31	power	29	IO0R	sp5a	0x200	0x0	Other High Side current.  (Amps) (IO0R)
J31	power	30	IM0C	sp5a	0x200	0x0	DDR 1.5V (Memory) current. (Amps) (IM0C)
J31	power	31	IM1C	sp5a	0x200	0x0	DDR 1.5V (CPU & Memory) current. (Amps) (IM1C)
J31	power	32	IC1C	sp5a	0x200	0x0	VCCIO  current. (Amps) (IC1C)
J31	power	33	IC2C	sp5a	0x200	0x0	VCCSA  current. (Amps) (IC2C)
J31	power	34	VD0R	sp5a	0x200	0x0	DC In voltage. (Volts) (VD0R)
J31	power	35	ID0R	sp5a	0x200	0x0	DC In rail current. (Amps) (ID0R)
J31	power	36	VP0R	sp5a	0x200	0x0	PBus rail voltage. (Volts) (VP0R)
J31	power	37	IPBR	sp5a	0x200	0x0	PBus on battery current. (Amps) (IPBR)
J31	power	38	VC2C	sp5a	0x200	0x0	VCCSA voltage. (Volts) (VC2C)
J31	power	39	VCRC	sp5a	0x200	0x0	CPU Ripple voltage. (DEBUG) (Volts) (VCRC)
J31	power	40	VG0C	sp5a	0x200	0x0	Ext GPU Core voltage. (Volts) (VG0C)
J31	power	220	PHPC	sp87	0x200	0x0	HP Power (PHPC)
J31	power	221	PTHC	sp87	0x200	0x0	HP Power Target (PTHC)
J31	power	222	MSLT	ui16	0x200	0x0	HP Power Throttle (MSLT)
J31	power	240	MSTc	ui8 	0x100	0x0	CPU Plimit (MSTc)
J31	power	241	MSTg	ui8 	0x100	0x0	GPU Plimit (MSTg)
J31	power	242	MSTm	ui8 	0x100	0x0	MEM Plimit (MSTm)
J31	power	243	MSTi	ui8 	0x100	0x0	2nd GPU Plimit (MSTi)
J31	power	244	MSTf	ui8 	0x100	0x0	Forced Idle Limit (MSTf)
J31	temp	1	PCPT	sp87	0x200	0x0	CPU package total power (PECI) (Watts) (PCPT)
J31	temp	2	PCPC	sp87	0x200	0x0	CPU package core power (PECI) (Watts) (PCPC)
J31	temp	3	PCPG	sp87	0x200	0x0	CPU package Gfx power (PECI) (Watts) (PCPG)
J31	temp	4	TCXC	sp78	0x200	0x0	CPU Core PECI temp (DegC) (SIS! force bit 7) (TCXC)
J31	temp	5	TC1C	sp78	0x200	0x0	CPU Core 0 temp (PECI) (DegC) (TC1C)
J31	temp	6	TC2C	sp78	0x200	0x0	CPU Core 1 temp (PECI) (DegC) (TC2C)
J31	temp	7	TC3C	sp78	0x200	0x0	CPU Core 2 temp (PECI) (DegC) (TC3C)
J31	temp	8	TC4C	sp78	0x200	0x0	CPU Core 3 temp (PECI) (DegC) (TC4C)
J31	temp	9	TC0P	sp78	0x200	0x0	CPU proximity temp (DegC) (TC0P)
J31	temp	10	TP0P	sp78	0x200	0x0	PCH Proxmity temp (DegC) (TP0P)
J31	temp	11	TA0P	sp78	0x200	0x0	Airflow temp (DegC) (TA0P)
J31	temp	12	TG0P	sp78	0x200	0x0	GPU proximity temp (DegC) (TG0P)
J31	temp	13	TG0D	sp78	0x200	0x0	GPU Die Analog temp (DegC) (TG0D)
J31	temp	14	Th2H	sp78	0x200	0x0	Left Fin stack temp (DegC) (Th2H)
J31	temp	15	Th1H	sp78	0x200	0x0	Right Fin stack temp (DegC) (Th1H)
J31	temp	16	Ts0P	sp78	0x200	0x0	Palm Rest Temp (DegC) (Ts0P)
J31	temp	17	TM0P	sp78	0x200	0x0	Dimm Proximity temp(DegC) (SIS! force bit 1) (TM0P)
J31	temp	18	TPCD	sp78	0x200	0x0	PCH Die temp (DegC) (SIS! force bit 6) (TPCD)
J31	temp	19	Ts0S	sp78	0x200	0x0	Synthetic bottom skin (DegC) (Ts0S)
J31	temp	20	TC0E	sp78	0x200	0x0	CPU die Virtual temp (DegC) (TC0E)
J31	temp	220	F0Ac	fpe2	0x200	0x0	Fan0 Actual RPM(F0Ac)
J31	temp	221	F1Ac	fpe2	0x200	0x0	Fan1 Actual RPM(F1Ac)
J31	temp	239	PSTR	sp87	0x200	0x0	System Total Power Consumed (Delayed 1 Second) (Watts) (PSTR)
J31	temp	240	B0FC	ui16	0x200	0x0	Battery full charge capacity. (mAh) (B0FC)
J31	temp	241	B0RM	ui16	0x200	0x0	Battery remain capacity. (mAh) (B0RM)
J31	temp	242	CHBI	ui16	0x200	0x0	Battery charge current. (mAh) (CHBI)
J31	temp	243	B0AC	ui16	0x200	0x0	Battery Actual current. (mA) (B0AC)
J31	temp	244	B0AV	ui16	0x200	0x0	Battery Actual Voltage. (mV) (B0AV)
J30	power	1	PHPC	sp78	0x200	0x0	Thermal control Power (Watts) (PHPC)
J30	power	2	PC0R	sp78	0x200	0x0	CPU Computing High Side Power (Watts) (PC0R)
J30	power	3	PO0R	sp78	0x200	0x0	Other High Side Power   (Watts) (PO0R)
J30	power	4	PDTR	sp78	0x200	0x0	DC-In total power  (Watts) (PDTR)
J30	power	5	PPBR	sp78	0x200	0x0	PBus on battery power (Watts) (PPBR)
J30	power	6	PHDC	sp78	0x200	0x0	HDD Power  (Watts) (PHDC)
J30	power	7	PM0C	sp78	0x200	0x0	DDR Power (Memory) (Watts) (PM0C)
J30	power	8	PC1C	sp78	0x200	0x0	CPU VCCIO 1.05V S0 Power (Watts) (PC1C)
J30	power	9	PN0C	sp78	0x200	0x0	Int GPU core Power (Watts) (PN0C)
J30	power	10	PC2C	sp78	0x200	0x0	CPU VCCSA Power (Watts) (PC2C)
J30	power	11	VC0C	sp5a	0x200	0x0	CPU Core voltage. (Volts) (VC0C)
J30	power	12	IC0C	sp78	0x200	0x0	CPU Core current. (Amps) (IC0C)
J30	power	13	VD0R	sp5a	0x200	0x0	DC In voltage. (Volts) (VD0R)
J30	power	14	ID0R	sp5a	0x200	0x0	DC In rail current. (Amps) (ID0R)
J30	power	15	VP0R	sp5a	0x200	0x0	PBus rail voltage. (Volts) (VP0R)
J30	power	16	IHDC	sp5a	0x200	0x0	HDD/SSD Current  (Amps) (IHDC)
J30	power	17	IPBR	sp5a	0x200	0x0	PBus on battery current. (Amps) (IPBR)
J30	power	18	IC0R	sp5a	0x200	0x0	CPU Computing High Side current. (Amps) (IC0R)
J30	power	19	IO0R	sp5a	0x200	0x0	Other High Side current.  (Amps) (IO0R)
J30	power	20	IM0C	sp5a	0x200	0x0	DDR 1.5V (Memory) current. (Amps) (IM0C)
J30	power	21	IC1C	sp5a	0x200	0x0	VCCIO  current. (Amps) (IC1C)
J30	power	22	VN0C	sp5a	0x200	0x0	Int GPU core voltage. (Volts) (VN0C)
J30	power	23	IN0C	sp5a	0x200	0x0	Internal GFX Core current. (Amps) (IN0C)
J30	power	24	PC0C	sp78	0x200	0x0	CPU Core Power (Watts) (PC0C)
J30	power	220	PHPC	sp78	0x200	0x0	HP Power (PHPC)
J30	power	221	PTHC	sp78	0x200	0x0	HP Power Target (PTHC)
J30	power	222	MSLT	ui16	0x200	0x0	HP Power Throttle (MSLT)
J30	power	240	MSTc	ui8 	0x100	0x0	CPU Plimit (MSTc)
J30	power	241	MSTg	ui8 	0x100	0x0	GPU Plimit (MSTg)
J30	power	242	MSTm	ui8 	0x100	0x0	MEM Plimit (MSTm)
J30	power	244	MSTf	ui8 	0x100	0x0	Forced Idle Limit (MSTf)
J30	temp	1	PCPT	sp78	0x200	0x0	CPU package total power (PECI) (Watts) (PCPT)
J30	temp	2	PCPC	sp78	0x200	0x0	CPU package core power (PECI) (Watts) (PCPC)
J30	temp	3	PCPG	sp78	0x200	0x0	CPU package Gfx power (PECI) (Watts) (PCPG)
J30	temp	4	TCXC	sp78	0x200	0x0	CPU Core PECI temp (DegC) (SIS! force bit 7) (TCXC)
J30	temp	5	Ts0P	sp78	0x200	0x0	Palm Rest Temp (DegC) (Ts0P)
J30	temp	6	Th1H	sp78	0x200	0x0	Fin stack temp (DegC) (Th1H)
J30	temp	7	TC0P	sp78	0x200	0x0	CPU proximity temp (DegC) (TC0P)
J30	temp	8	TM0P	sp78	0x200	0x0	Dimm Proximity temp(DegC) (SIS! force bit 1) (TM0P)
J30	temp	9	TW0P	sp78	0x200	0x0	Airport Temp (DegC) (TW0P)
J30	temp	10	TG1D	sp78	0x200	0x0	GPU digital die temp (DegC) (TG1D)
J30	temp	11	TC1C	sp78	0x200	0x0	CPU Core 0 temp (PECI) (DegC) (TC1C)
J30	temp	12	TC2C	sp78	0x200	0x0	CPU Core 1 temp (PECI) (DegC) (TC2C)
J30	temp	13	TC3C	sp78	0x200	0x0	CPU Core 2 temp (PECI) (DegC) (TC3C)
J30	temp	14	TC4C	sp78	0x200	0x0	CPU Core 3 temp (PECI) (DegC) (TC4C)
J30	temp	15	TCGC	sp78	0x200	0x0	CPU Gfx Core temp (PECI) (DegC) (TCGC)
J30	temp	16	TCSA	sp78	0x200	0x0	CPU System Agent Core temp (PECI) (DegC) (TCSA)
J30	temp	17	Ts0S	sp78	0x200	0x0	Synthetic bottom skin (DegC) (Ts0S)
J30	temp	18	TPCD	sp78	0x200	0x0	PCH Die temp (DegC) (TPCD)
J30	temp	19	TC0E	sp78	0x200	0x0	CPU die Virtual temp (DegC) (TC0E)
J30	temp	20	TCTD	sp78	0x200	0x0	CPU PECI die temp Trend (DegC) (TCTD)
J30	temp	21	TCFC	ui16	0x200	0x0	CPU PECI die temp filter coeff (TCFC)
J30	temp	22	TC0J	sp78	0x200	0x0	CPU PECI die temp max error filtered output (DegC) (TC0J)
J30	temp	23	TC0F	sp78	0x200	0x0	CPU PECI die temp filtered then adjusted (DegC) (TC0F)
J30	temp	24	TA0P	sp78	0x200	0x0	Airflow temp (DegC) (TA0P)
J30	temp	25	TM0S	sp78	0x200	0x0	Synthetic DIMM Estimate(DegC) (SIS! force bit 1) (TM0S)
J30	temp	26	TMBS	sp78	0x200	0x0	DIMM Bandwidth Estimate (DegC) (SIS! force bit 1) (TMBS)
J30	temp	27	TH0F	sp78	0x200	0x0	Cooked and filtered SSD OOB temperature (SIT! force bit 7) (TH0F)
J30	temp	220	F0Ac	fpe2	0x200	0x0	Fan0 Actual RPM(F0Ac)
J30	temp	239	PSTR	sp78	0x200	0x0	System Total Power Consumed (Delayed 1 Second) (Watts) (PSTR)
J30	temp	240	B0FC	ui16	0x200	0x0	Battery full charge capacity. (mAh) (B0FC)
J30	temp	241	B0RM	ui16	0x200	0x0	Battery remain capacity. (mAh) (B0RM)
J30	temp	242	CHBI	ui16	0x200	0x0	Battery charge current. (mAh) (CHBI)
J30	temp	243	B0AC	ui16	0x200	0x0	Battery Actual current. (mA) (B0AC)
J30	temp	244	B0AV	ui16	0x200	0x0	Battery Actual Voltage. (mV) (B0AV)
J11	power	1	PHPC	sp78	0x200	0x0	Thermal control Power (Watts) (PHPC)
J11	power	2	PCLT	sp78	0x200	0x0	CPU Package Total Power (SMC Load Sensors) (Watts) (PCLT)
J11	power	3	PC0R	sp78	0x200	0x0	CPU Computing High Side Power (Watts) (PC0R)
J11	power	4	PO0R	sp78	0x200	0x0	Other High Side Power   (Watts) (PO0R)
J11	power	5	PPBR	sp78	0x200	0x0	PBus on battery power (Watts) (PPBR)
J11	power	6	PDTR	sp78	0x200	0x0	DC-In total power  (Watts) (PDTR)
J11	power	7	PC0C	sp78	0x200	0x0	CPU Core Power (Watts) (PC0C)
J11	power	8	PN0C	sp78	0x200	0x0	Int GPU core Power (Watts) (PN0C)
J11	power	9	PM0R	sp78	0x200	0x0	DDR Power (Memory) (Watts) (PM0R)
J11	power	10	PC1C	sp78	0x200	0x0	CPU VCCIO 1.05V S0 Power (Watts) (PC1C)
J11	power	11	PAPC	sp78	0x200	0x0	Airport Power   (watts) (PAPC)
J11	power	12	PHDC	sp78	0x200	0x0	SSD Power  (Watts) (PHDC)
J11	power	13	PBLC	sp78	0x200	0x0	Backlight Input Power   (Watts) (PBLC)
J11	power	14	PC2C	sp78	0x200	0x0	CPU VCCSA Power (Watts) (PC2C)
J11	power	15	PR1C	sp78	0x200	0x0	Other High Side current.  (Amps) (PR1C)
J11	power	16	VC0C	sp5a	0x200	0x0	CPU Core voltage. (Volts) (VC0C)
J11	power	17	IC0C	sp78	0x200	0x0	CPU Core current. (Amps) (IC0C)
J11	power	18	VC2C	sp5a	0x200	0x0	VCCSA voltage. (Volts) (VC2C)
J11	power	19	VD0R	sp5a	0x200	0x0	DC In voltage. (Volts) (VD0R)
J11	power	20	ID0R	sp5a	0x200	0x0	DC In rail current. (Amps) (ID0R)
J11	power	21	VP0R	sp5a	0x200	0x0	PBus rail voltage. (Volts) (VP0R)
J11	power	22	IHDC	sp5a	0x200	0x0	SSD Current  (Amps) (IHDC)
J11	power	23	IPBR	sp5a	0x200	0x0	PBus on battery current. (Amps) (IPBR)
J11	power	24	IC0R	sp5a	0x200	0x0	CPU Computing High Side current. (Amps) (IC0R)
J11	power	25	IO0R	sp5a	0x200	0x0	Other High Side current.  (Amps) (IO0R)
J11	power	26	IM0R	sp5a	0x200	0x0	DDR 1.5V (Memory) current. (Amps) (IM0R)
J11	power	27	IC1C	sp5a	0x200	0x0	VCCIO  current. (Amps) (IC1C)
J11	power	28	VN0C	sp5a	0x200	0x0	Int GPU core voltage. (Volts) (VN0C)
J11	power	29	IC2C	sp5a	0x200	0x0	VCCSA  current. (Amps) (IC2C)
J11	power	30	IR1C	sp5a	0x200	0x0	Other High Side current.  (Amps) (IR1C)
J11	power	31	IAPC	sp5a	0x200	0x0	Airport Current (Amps) (IAPC)
J11	power	32	IBLC	sp5a	0x200	0x0	Backlight Current (Amps) (IBLC)
J11	power	33	IN0C	sp5a	0x200	0x0	Internal GPU core current. (Amps) (IN0C)
J11	power	220	PHPC	sp78	0x200	0x0	HP Power (PHPC)
J11	power	221	PTHC	sp78	0x200	0x0	HP Power Target (PTHC)
J11	power	222	MSLT	ui16	0x200	0x0	HP Power Throttle (MSLT)
J11	power	240	MSTc	ui8 	0x100	0x0	CPU Plimit (MSTc)
J11	power	241	MSTg	ui8 	0x100	0x0	GPU Plimit (MSTg)
J11	power	242	MSTm	ui8 	0x100	0x0	MEM Plimit (MSTm)
J11	power	244	MSTf	ui8 	0x100	0x0	Forced Idle Limit (MSTf)
J11	temp	1	PCPT	sp78	0x200	0x0	CPU package total power (PECI) (Watts) (PCPT)
J11	temp	2	PCPC	sp78	0x200	0x0	CPU package core power (PECI) (Watts) (PCPC)
J11	temp	3	PCPG	sp78	0x200	0x0	CPU package Gfx power (PECI) (Watts) (PCPG)
J11	temp	4	TC0C	sp78	0x200	0x0	CPU Core PECI temp (DegC) (TC0C)
J11	temp	5	TC1C	sp78	0x200	0x0	CPU Core 0 temp (PECI) (DegC) (TC1C)
J11	temp	6	TC2C	sp78	0x200	0x0	CPU Core 1 temp (PECI) (DegC) (TC2C)
J11	temp	7	TC0C	sp78	0x200	0x0	CPU Core PECI temp (DegC) (TC0C)
J11	temp	8	TC0C	sp78	0x200	0x0	CPU Core PECI temp (DegC) (TC0C)
J11	temp	9	TC0P	sp78	0x200	0x0	CPU proximity temp (DegC) (TC0P)
J11	temp	10	TC0D	sp78	0x200	0x0	CPU die temp (DegC) (TC0D)
J11	temp	11	TM0P	sp78	0x200	0x0	Memory proximity (DegC) (TM0P)
J11	temp	12	Ta0P	sp78	0x200	0x0	air flow temp (DegC) (Ta0P)
J11	temp	13	Th1H	sp78	0x200	0x0	Fin stack temp (DegC) (Th1H)
J11	temp	14	Tm0P	sp78	0x200	0x0	MLB top side temp  (DegC) (Tm0P)
J11	temp	15	Tm1P	sp78	0x200	0x0	MLB bottom side temp  (DegC) (Tm1P)
J11	temp	16	Ts0P	sp78	0x200	0x0	Palm Rest Temp (DegC) (Ts0P)
J11	temp	17	THSP	sp78	0x200	0x0	T29 proximity temp (DegC) (THSP)
J11	temp	18	TPCD	sp78	0x200	0x0	PCH Die temp (DegC) (TPCD)
J11	temp	19	Ts0S	sp78	0x200	0x0	Synthetic bottom skin (DegC) (Ts0S)
J11	temp	20	TC0E	sp78	0x200	0x0	CPU die Virtual temp (DegC) (TC0E)
J11	temp	21	TC0J	sp78	0x200	0x0	CPU PECI die temp max error filtered output used in TC0F=TC0E+TC0G (DegC) (TC0J)
J11	temp	220	F0Ac	fpe2	0x200	0x0	Fan0 Actual RPM(F0Ac)
J11	temp	239	PSTR	sp78	0x200	0x0	System Total Power Consumed (Delayed 1 Second) (Watts) (PSTR)
J11	temp	240	B0FC	ui16	0x200	0x0	Battery full charge capacity. (mAh) (B0FC)
J11	temp	241	B0RM	ui16	0x200	0x0	Battery remain capacity. (mAh) (B0RM)
J11	temp	242	CHBI	ui16	0x200	0x0	Battery charge current. (mAh) (CHBI)
J11	temp	243	B0AC	ui16	0x200	0x0	Battery Actual current. (mA) (B0AC)
J11	temp	244	B0AV	ui16	0x200	0x0	Battery Actual Voltage. (mV) (B0AV)
J13	power	1	PHPC	sp78	0x200	0x0	Thermal control Power (Watts) (PHPC)
J13	power	2	PCLT	sp78	0x200	0x0	CPU Package Total Power (SMC Load Sensors) (Watts) (PCLT)
J13	power	3	PC0R	sp78	0x200	0x0	CPU Computing High Side Power (Watts) (PC0R)
J13	power	4	PO0R	sp78	0x200	0x0	Other High Side Power   (Watts) (PO0R)
J13	power	5	PPBR	sp78	0x200	0x0	PBus on battery power (Watts) (PPBR)
J13	power	6	PDTR	sp78	0x200	0x0	DC-In total power  (Watts) (PDTR)
J13	power	7	PC0C	sp78	0x200	0x0	CPU Core Power (Watts) (PC0C)
J13	power	8	PN0C	sp78	0x200	0x0	Int GPU core Power (Watts) (PN0C)
J13	power	9	PM0R	sp78	0x200	0x0	DDR Power (Memory) (Watts) (PM0R)
J13	power	10	PC1C	sp78	0x200	0x0	CPU VCCIO 1.05V S0 Power (Watts) (PC1C)
J13	power	11	PAPC	sp78	0x200	0x0	Airport Power   (watts) (PAPC)
J13	power	12	PHDC	sp78	0x200	0x0	SSD Power  (Watts) (PHDC)
J13	power	13	PBLC	sp78	0x200	0x0	Backlight Input Power   (Watts) (PBLC)
J13	power	14	PC2C	sp78	0x200	0x0	CPU VCCSA Power (Watts) (PC2C)
J13	power	15	PR1C	sp78	0x200	0x0	Other High Side current.  (Amps) (PR1C)
J13	power	16	VC0C	sp5a	0x200	0x0	CPU Core voltage. (Volts) (VC0C)
J13	power	17	IC0C	sp78	0x200	0x0	CPU Core current. (Amps) (IC0C)
J13	power	18	VC2C	sp5a	0x200	0x0	VCCSA voltage. (Volts) (VC2C)
J13	power	19	VD0R	sp5a	0x200	0x0	DC In voltage. (Volts) (VD0R)
J13	power	20	ID0R	sp5a	0x200	0x0	DC In rail current. (Amps) (ID0R)
J13	power	21	VP0R	sp5a	0x200	0x0	PBus rail voltage. (Volts) (VP0R)
J13	power	22	IHDC	sp5a	0x200	0x0	SSD Current  (Amps) (IHDC)
J13	power	23	IPBR	sp5a	0x200	0x0	PBus on battery current. (Amps) (IPBR)
J13	power	24	IC0R	sp5a	0x200	0x0	CPU Computing High Side current. (Amps) (IC0R)
J13	power	25	IO0R	sp5a	0x200	0x0	Other High Side current.  (Amps) (IO0R)
J13	power	26	IM0R	sp5a	0x200	0x0	DDR 1.5V (Memory) current. (Amps) (IM0R)
J13	power	27	IC1C	sp5a	0x200	0x0	VCCIO  current. (Amps) (IC1C)
J13	power	28	VN0C	sp5a	0x200	0x0	Int GPU core voltage. (Volts) (VN0C)
J13	power	29	IC2C	sp5a	0x200	0x0	VCCSA  current. (Amps) (IC2C)
J13	power	30	IR1C	sp5a	0x200	0x0	Other High Side current.  (Amps) (IR1C)
J13	power	31	IAPC	sp5a	0x200	0x0	Airport Current (Amps) (IAPC)
J13	power	32	IBLC	sp5a	0x200	0x0	Backlight Current (Amps) (IBLC)
J13	power	33	IN0C	sp5a	0x200	0x0	Internal GPU core current. (Amps) (IN0C)
J13	power	220	PHPC	sp78	0x200	0x0	HP Power (PHPC)
J13	power	221	PTHC	sp78	0x200	0x0	HP Power Target (PTHC)
J13	power	222	MSLT	ui16	0x200	0x0	HP Power Throttle (MSLT)
J13	power	240	MSTc	ui8 	0x100	0x0	CPU Plimit (MSTc)
J13	power	241	MSTg	ui8 	0x100	0x0	GPU Plimit (MSTg)
J13	power	242	MSTm	ui8 	0x100	0x0	MEM Plimit (MSTm)
J13	power	244	MSTf	ui8 	0x100	0x0	Forced Idle Limit (MSTf)
J13	temp	1	PCPT	sp78	0x200	0x0	CPU package total power (PECI) (Watts) (PCPT)
J13	temp	2	PCPC	sp78	0x200	0x0	CPU package core power (PECI) (Watts) (PCPC)
J13	temp	3	PCPG	sp78	0x200	0x0	CPU package Gfx power (PECI) (Watts) (PCPG)
J13	temp	4	TC0C	sp78	0x200	0x0	CPU Core PECI temp (DegC) (TC0C)
J13	temp	5	TC1C	sp78	0x200	0x0	CPU Core 0 temp (PECI) (DegC) (TC1C)
J13	temp	6	TC2C	sp78	0x200	0x0	CPU Core 1 temp (PECI) (DegC) (TC2C)
J13	temp	7	TC0C	sp78	0x200	0x0	CPU Core PECI temp (DegC) (TC0C)
J13	temp	8	TC0C	sp78	0x200	0x0	CPU Core PECI temp (DegC) (TC0C)
J13	temp	9	TC0P	sp78	0x200	0x0	CPU proximity temp (DegC) (TC0P)
J13	temp	10	TC0D	sp78	0x200	0x0	CPU die temp (DegC) (TC0D)
J13	temp	11	TM0P	sp78	0x200	0x0	Memory proximity (DegC) (TM0P)
J13	temp	12	Ta0P	sp78	0x200	0x0	air flow temp (DegC) (Ta0P)
J13	temp	13	Th1H	sp78	0x200	0x0	Fin stack temp (DegC) (Th1H)
J13	temp	14	Tm0P	sp78	0x200	0x0	MLB top side temp  (DegC) (Tm0P)
J13	temp	15	Tm1P	sp78	0x200	0x0	MLB bottom side temp  (DegC) (Tm1P)
J13	temp	16	Ts0P	sp78	0x200	0x0	Palm Rest Temp (DegC) (Ts0P)
J13	temp	17	THSP	sp78	0x200	0x0	T29 proximity temp (DegC) (THSP)
J13	temp	18	TPCD	sp78	0x200	0x0	PCH Die temp (DegC) (TPCD)
J13	temp	19	Ts0S	sp78	0x200	0x0	Synthetic bottom skin (DegC) (Ts0S)
J13	temp	20	TC0E	sp78	0x200	0x0	CPU die Virtual temp (DegC) (TC0E)
J13	temp	21	TC0J	sp78	0x200	0x0	CPU PECI die temp max error filtered output used in TC0F=TC0E+TC0G (DegC) (TC0J)
J13	temp	220	F0Ac	fpe2	0x200	0x0	Fan0 Actual RPM(F0Ac)
J13	temp	239	PSTR	sp78	0x200	0x0	System Total Power Consumed (Delayed 1 Second) (Watts) (PSTR)
J13	temp	240	B0FC	ui16	0x200	0x0	Battery full charge capacity. (mAh) (B0FC)
J13	temp	241	B0RM	ui16	0x200	0x0	Battery remain capacity. (mAh) (B0RM)
J13	temp	242	CHBI	ui16	0x200	0x0	Battery charge current. (mAh) (CHBI)
J13	temp	243	B0AC	ui16	0x200	0x0	Battery Actual current. (mA) (B0AC)
J13	temp	244	B0AV	ui16	0x200	0x0	Battery Actual Voltage. (mV) (B0AV)
J41	power	1	PHPC	sp78	0x200	0x0	Thermal control Power (Watts) (PHPC)
J41	power	2	PCLT	sp78	0x200	0x0	CPU Package Total Power (SMC Load Sensors) (Watts) (PCLT)
J41	power	3	PC0R	sp78	0x200	0x0	CPU Computing High Side Power (Watts) (PC0R)
J41	power	4	PO0R	sp78	0x200	0x0	Other High Side Power   (Watts) (PO0R)
J41	power	5	PPBR	sp78	0x200	0x0	PBus on battery power (Watts) (PPBR)
J41	power	6	PDTR	sp78	0x200	0x0	DC-In total power  (Watts) (PDTR)
J41	power	7	PCS0	sp78	0x200	0x0	Chipset lowside Power (Watts) (PCS0)
J41	power	8	PAPC	sp78	0x200	0x0	Airport Power   (watts) (PAPC)
J41	power	9	PSDC	sp78	0x200	0x0	SSD Power  (Watts) (PSDC)
J41	power	10	PBLC	sp78	0x200	0x0	Backlight Input Power   (Watts) (PBLC)
J41	power	11	PB1R	sp78	0x200	0x0	Discrete BMON on battery power (Watts) (PB1R)
J41	power	12	PM3C	sp78	0x200	0x0	DDR S3 Power. (Watts) (PM3C)
J41	power	13	PR0C	sp78	0x200	0x0	3.3V S0 power (Watts) (PR0C)
J41	power	14	PR5C	sp78	0x200	0x0	3.3V S5 power (Watts) (PR5C)
J41	power	15	PS2C	sp78	0x200	0x0	S2 Camera power (Watts) (PS2C)
J41	power	16	PM0C	sp78	0x200	0x0	CPU DDR Power. (Watts) (PM0C)
J41	power	17	PC1C	sp78	0x200	0x0	1.05V S0 power (Watts) (PC1C)
J41	power	18	PCS1	sp78	0x200	0x0	Chipset IMon Power (Watts) (PCS1)
J41	power	19	VCS0	sp5a	0x200	0x0	CPU Core voltage. (Volts) (VCS0)
J41	power	20	ICS0	sp78	0x200	0x0	CPU Core current. (Amps) (ICS0)
J41	power	21	VD0R	sp5a	0x200	0x0	DC In voltage. (Volts) (VD0R)
J41	power	22	ID0R	sp5a	0x200	0x0	DC In rail current. (Amps) (ID0R)
J41	power	23	VP0R	sp5a	0x200	0x0	PBus rail voltage. (Volts) (VP0R)
J41	power	24	ISDC	sp5a	0x200	0x0	SSD Current  (Amps) (ISDC)
J41	power	25	IPBR	sp5a	0x200	0x0	PBus on battery current. (Amps) (IPBR)
J41	power	26	IC0R	sp5a	0x200	0x0	CPU Computing High Side current. (Amps) (IC0R)
J41	power	27	IO0R	sp5a	0x200	0x0	Other High Side current.  (Amps) (IO0R)
J41	power	28	IM0C	sp5a	0x200	0x0	CPU DDR current. (Amps) (IM0C)
J41	power	29	IR0C	sp5a	0x200	0x0	3.3V S0 current.  (Amps) (IR0C)
J41	power	30	IAPC	sp5a	0x200	0x0	Airport Current (Amps) (IAPC)
J41	power	31	IBLC	sp5a	0x200	0x0	Backlight Current (Amps) (IBLC)
J41	power	32	IPB1	sp5a	0x200	0x0	Discrete battery current. (Amps) (IPB1)
J41	power	33	ILDC	sp5a	0x200	0x0	LCD panel Current (Amps) (ILDC)
J41	power	34	IM3C	sp5a	0x200	0x0	DDR S3 current. (Amps) (IM3C)
J41	power	35	IR5C	sp5a	0x200	0x0	3.3V S5 current.  (Amps) (IR5C)
J41	power	36	IS2C	sp5a	0x200	0x0	S2 Camera Current  (Amps) (IS2C)
J41	power	37	VSDC	sp5a	0x200	0x0	SD Card Voltage (Volts) (VSDC)
J41	power	38	VC1C	sp5a	0x200	0x0	1.05 S0 voltage. (Volts) (VC1C)
J41	power	39	IC1C	sp5a	0x200	0x0	1.05V S0 current. (Amps) (IC1C)
J41	power	40	ICS1	sp78	0x200	0x0	CPU current from CPU IMON. (Amps) (ICS1)
J41	power	41	VAPC	sp5a	0x200	0x0	Wireless Voltage (Volts) (VAPC)
J41	power	220	PZ0F	flt 	0x400	0x0	Zone 0 Filtered Power (PZ0F)
J41	power	221	PTHC	flt 	0x400	0x0	HP Power Target (PTHC)
J41	power	222	MSLT	flt 	0x400	0x0	HP Power Throttle (MSLT)
J41	power	240	MSTc	ui8 	0x100	0x0	CPU Plimit (MSTc)
J41	power	241	MSTg	ui8 	0x100	0x0	GPU Plimit (MSTg)
J41	power	242	MSTm	ui8 	0x100	0x0	MEM Plimit (MSTm)
J41	power	244	MSTf	ui8 	0x100	0x0	Forced Idle Limit (MSTf)
J41	temp	1	PCPT	sp78	0x200	0x0	CPU package total power (PECI) (Watts) (PCPT)
J41	temp	2	PCPC	sp78	0x200	0x0	CPU package core power (PECI) (Watts) (PCPC)
J41	temp	3	PCPG	sp78	0x200	0x0	CPU package Gfx power (PECI) (Watts) (PCPG)
J41	temp	4	TC0C	sp78	0x200	0x0	CPU Core PECI temp (DegC) (TC0C)
J41	temp	5	TC1C	sp78	0x200	0x0	CPU Core 0 temp (PECI) (DegC) (TC1C)
J41	temp	6	TC2C	sp78	0x200	0x0	CPU Core 1 temp (PECI) (DegC) (TC2C)
J41	temp	7	TCGC	sp78	0x200	0x0	CPU Gfx Core temp (PECI) (DegC) (TCGC)
J41	temp	8	TCSA	sp78	0x200	0x0	CPU System Agent Core temp (PECI) (DegC) (TCSA)
J41	temp	9	TC0P	sp78	0x200	0x0	CPU proximity temp (DegC) (TC0P)
J41	temp	10	TW0P	sp78	0x200	0x0	Wireless proximity (DegC) (TW0P)
J41	temp	11	TM0P	sp78	0x200	0x0	Memory proximity (DegC) (TM0P)
J41	temp	12	Ta0P	sp78	0x200	0x0	air flow temp (DegC) (Ta0P)
J41	temp	13	Th1H	sp78	0x200	0x0	Fin stack temp (DegC) (Th1H)
J41	temp	14	Tm0P	sp78	0x200	0x0	MLB top side temp  (DegC) (Tm0P)
J41	temp	15	TCHP	sp78	0x200	0x0	Charger proximity temp  (DegC) (TCHP)
J41	temp	16	Ts0P	sp78	0x200	0x0	Trackpad Temp (DegC) (Ts0P)
J41	temp	17	THSP	sp78	0x200	0x0	T29 proximity temp (DegC) (THSP)
J41	temp	18	TPCD	sp78	0x200	0x0	PCH Die temp (DegC) (TPCD)
J41	temp	19	TS2P	sp78	0x200	0x0	S2 camera proximity temp (DegC) (TS2P)
J41	temp	20	Ts0S	sp78	0x200	0x0	Synthetic bottom skin (DegC) (Ts0S)
J41	temp	21	TC0E	sp78	0x200	0x0	CPU die Virtual temp (DegC) (TC0E)
J41	temp	22	TC0F	sp78	0x200	0x0	CPU PECI die temp filtered then adjusted (DegC) (TC0F)
J41	temp	220	F0Ac	fpe2	0x200	0x0	Fan0 Actual RPM(F0Ac)
J41	temp	239	PSTR	sp78	0x200	0x0	System Total Power Consumed (Delayed 1 Second) (Watts) (PSTR)
J41	temp	240	B0FC	ui16	0x200	0x0	Battery full charge capacity. (mAh) (B0FC)
J41	temp	241	B0RM	ui16	0x200	0x0	Battery remain capacity. (mAh) (B0RM)
J41	temp	242	CHBI	ui16	0x200	0x0	Battery charge current. (mAh) (CHBI)
J41	temp	243	B0AC	si16	0x200	0x0	Battery Actual current. (A) (B0AC)
J41	temp	244	B0AV	ui16	0x200	0x0	Battery Actual Voltage. (V) (B0AV)
J43	power	1	PHPC	sp78	0x200	0x0	Thermal control Power (Watts) (PHPC)
J43	power	2	PCLT	sp78	0x200	0x0	CPU Package Total Power (SMC Load Sensors) (Watts) (PCLT)
J43	power	3	PC0R	sp78	0x200	0x0	CPU Computing High Side Power (Watts) (PC0R)
J43	power	4	PO0R	sp78	0x200	0x0	Other High Side Power   (Watts) (PO0R)
J43	power	5	PPBR	sp78	0x200	0x0	PBus on battery power (Watts) (PPBR)
J43	power	6	PDTR	sp78	0x200	0x0	DC-In total power  (Watts) (PDTR)
J43	power	7	PCS0	sp78	0x200	0x0	Chipset lowside Power (Watts) (PCS0)
J43	power	8	PAPC	sp78	0x200	0x0	Airport Power   (watts) (PAPC)
J43	power	9	PSDC	sp78	0x200	0x0	SSD Power  (Watts) (PSDC)
J43	power	10	PBLC	sp78	0x200	0x0	Backlight Input Power   (Watts) (PBLC)
J43	power	11	PB1R	sp78	0x200	0x0	Discrete BMON on battery power (Watts) (PB1R)
J43	power	12	PM3C	sp78	0x200	0x0	DDR S3 Power. (Watts) (PM3C)
J43	power	13	PR0C	sp78	0x200	0x0	3.3V S0 power (Watts) (PR0C)
J43	power	14	PR5C	sp78	0x200	0x0	3.3V S5 power (Watts) (PR5C)
J43	power	15	PS2C	sp78	0x200	0x0	S2 Camera power (Watts) (PS2C)
J43	power	16	PM0C	sp78	0x200	0x0	CPU DDR Power. (Watts) (PM0C)
J43	power	17	PC1C	sp78	0x200	0x0	1.05V S0 power (Watts) (PC1C)
J43	power	18	PCS1	sp78	0x200	0x0	Chipset IMon Power (Watts) (PCS1)
J43	power	19	VCS0	sp5a	0x200	0x0	CPU Core voltage. (Volts) (VCS0)
J43	power	20	ICS0	sp78	0x200	0x0	CPU Core current. (Amps) (ICS0)
J43	power	21	VD0R	sp5a	0x200	0x0	DC In voltage. (Volts) (VD0R)
J43	power	22	ID0R	sp5a	0x200	0x0	DC In rail current. (Amps) (ID0R)
J43	power	23	VP0R	sp5a	0x200	0x0	PBus rail voltage. (Volts) (VP0R)
J43	power	24	ISDC	sp5a	0x200	0x0	SSD Current  (Amps) (ISDC)
J43	power	25	IPBR	sp5a	0x200	0x0	PBus on battery current. (Amps) (IPBR)
J43	power	26	IC0R	sp5a	0x200	0x0	CPU Computing High Side current. (Amps) (IC0R)
J43	power	27	IO0R	sp5a	0x200	0x0	Other High Side current.  (Amps) (IO0R)
J43	power	28	IM0C	sp5a	0x200	0x0	CPU DDR current. (Amps) (IM0C)
J43	power	29	IR0C	sp5a	0x200	0x0	3.3V S0 current.  (Amps) (IR0C)
J43	power	30	IAPC	sp5a	0x200	0x0	Airport Current (Amps) (IAPC)
J43	power	31	IBLC	sp5a	0x200	0x0	Backlight Current (Amps) (IBLC)
J43	power	32	IPB1	sp5a	0x200	0x0	Discrete battery current. (Amps) (IPB1)
J43	power	33	ILDC	sp5a	0x200	0x0	LCD panel Current (Amps) (ILDC)
J43	power	34	IM3C	sp5a	0x200	0x0	DDR S3 current. (Amps) (IM3C)
J43	power	35	IR5C	sp5a	0x200	0x0	3.3V S5 current.  (Amps) (IR5C)
J43	power	36	IS2C	sp5a	0x200	0x0	S2 Camera Current  (Amps) (IS2C)
J43	power	37	VSDC	sp5a	0x200	0x0	SD Card Voltage (Volts) (VSDC)
J43	power	38	VC1C	sp5a	0x200	0x0	1.05 S0 voltage. (Volts) (VC1C)
J43	power	39	IC1C	sp5a	0x200	0x0	1.05V S0 current. (Amps) (IC1C)
J43	power	40	ICS1	sp78	0x200	0x0	CPU current from CPU IMON. (Amps) (ICS1)
J43	power	41	VAPC	sp5a	0x200	0x0	Wireless Voltage (Volts) (VAPC)
J43	power	220	PZ0F	flt 	0x400	0x0	Zone 0 Filtered Power (PZ0F)
J43	power	221	PTHC	flt 	0x400	0x0	HP Power Target (PTHC)
J43	power	222	MSLT	flt 	0x400	0x0	HP Power Throttle (MSLT)
J43	power	240	MSTc	ui8 	0x100	0x0	CPU Plimit (MSTc)
J43	power	241	MSTg	ui8 	0x100	0x0	GPU Plimit (MSTg)
J43	power	242	MSTm	ui8 	0x100	0x0	MEM Plimit (MSTm)
J43	power	244	MSTf	ui8 	0x100	0x0	Forced Idle Limit (MSTf)
J43	temp	1	PCPT	sp78	0x200	0x0	CPU package total power (PECI) (Watts) (PCPT)
J43	temp	2	PCPC	sp78	0x200	0x0	CPU package core power (PECI) (Watts) (PCPC)
J43	temp	3	PCPG	sp78	0x200	0x0	CPU package Gfx power (PECI) (Watts) (PCPG)
J43	temp	4	TC0C	sp78	0x200	0x0	CPU Core PECI temp (DegC) (TC0C)
J43	temp	5	TC1C	sp78	0x200	0x0	CPU Core 0 temp (PECI) (DegC) (TC1C)
J43	temp	6	TC2C	sp78	0x200	0x0	CPU Core 1 temp (PECI) (DegC) (TC2C)
J43	temp	7	TCGC	sp78	0x200	0x0	CPU Gfx Core temp (PECI) (DegC) (TCGC)
J43	temp	8	TCSA	sp78	0x200	0x0	CPU System Agent Core temp (PECI) (DegC) (TCSA)
J43	temp	9	TC0P	sp78	0x200	0x0	CPU proximity temp (DegC) (TC0P)
J43	temp	10	TW0P	sp78	0x200	0x0	Wireless proximity (DegC) (TW0P)
J43	temp	11	TM0P	sp78	0x200	0x0	Memory proximity (DegC) (TM0P)
J43	temp	12	Ta0P	sp78	0x200	0x0	air flow temp (DegC) (Ta0P)
J43	temp	13	Th1H	sp78	0x200	0x0	Fin stack temp (DegC) (Th1H)
J43	temp	14	Tm0P	sp78	0x200	0x0	MLB top side temp  (DegC) (Tm0P)
J43	temp	15	TCHP	sp78	0x200	0x0	Charger proximity temp  (DegC) (TCHP)
J43	temp	16	Ts0P	sp78	0x200	0x0	Trackpad Temp (DegC) (Ts0P)
J43	temp	17	THSP	sp78	0x200	0x0	T29 proximity temp (DegC) (THSP)
J43	temp	18	TPCD	sp78	0x200	0x0	PCH Die temp (DegC) (TPCD)
J43	temp	19	TS2P	sp78	0x200	0x0	S2 camera proximity temp (DegC) (TS2P)
J43	temp	20	Ts0S	sp78	0x200	0x0	Synthetic bottom skin (DegC) (Ts0S)
J43	temp	21	TC0E	sp78	0x200	0x0	CPU die Virtual temp (DegC) (TC0E)
J43	temp	22	TC0F	sp78	0x200	0x0	CPU PECI die temp filtered then adjusted (DegC) (TC0F)
J43	temp	220	F0Ac	fpe2	0x200	0x0	Fan0 Actual RPM(F0Ac)
J43	temp	239	PSTR	sp78	0x200	0x0	System Total Power Consumed (Delayed 1 Second) (Watts) (PSTR)
J43	temp	240	B0FC	ui16	0x200	0x0	Battery full charge capacity. (mAh) (B0FC)
J43	temp	241	B0RM	ui16	0x200	0x0	Battery remain capacity. (mAh) (B0RM)
J43	temp	242	CHBI	ui16	0x200	0x0	Battery charge current. (mAh) (CHBI)
J43	temp	243	B0AC	si16	0x200	0x0	Battery Actual current. (A) (B0AC)
J43	temp	244	B0AV	ui16	0x200	0x0	Battery Actual Voltage. (V) (B0AV)
D7	power	1	IC0C	sp78	0x200	0x0	CPU Core low-side current (Amps) (IC0C)
D7	power	2	IC0G	sp69	0x200	0x0	CPU AXG  low-side current (Amps) (IC0G)
D7	power	3	ID2R	sp69	0x200	0x0	Power Supply 12V current (Amps) (ID2R)
D7	power	4	IG0C	sp4b	0x200	0x0	GPU Core   high-side current (Amps) (IG0C)
D7	power	5	IG0U	sp4b	0x200	0x0	GPU Uncore high-side current (Amps) (IG0U)
D7	power	6	IH05	sp2d	0x200	0x0	HDD   5V low-side current (Amps) (IH05)
D7	power	7	IH1R	sp2d	0x200	0x0	SSD 3.3V low-side current (Amps) (IH1R)
D7	power	8	IM0R	sp5a	0x200	0x0	DIMM low-side current (Amps) (IM0R)
D7	power	9	PC0C	sp96	0x200	0x0	CPU Core low-side power (Watts) (PC0C)
D7	power	10	PC0G	sp96	0x200	0x0	CPU AXG  low-side power (Watts) (PC0G)
D7	power	11	PCTR	sp96	0x200	0x0	CPU total power (PC0C + PC0G) (Watts) (PCTR)
D7	power	12	PD2R	sp96	0x200	0x0	Power Supply 12V power (Watts) (PD2R)
D7	power	13	PG0C	sp96	0x200	0x0	GPU Core   high-side power (Watts) (PG0C)
D7	power	14	PG0U	sp96	0x200	0x0	GPU Uncore high-side power (Watts) (PG0U)
D7	power	15	PGTR	sp96	0x200	0x0	GPU total power (PG0C + PG0U) (Watts) (PGTR)
D7	power	16	PH0R	sp96	0x200	0x0	Drive 0 total (5V) low-side power (Watts) (PH0R)
D7	power	17	PH1R	sp96	0x200	0x0	Drive 1 low-side power (Watts) (PH1R)
D7	power	18	PM0R	sp96	0x200	0x0	DIMM low-side power (Watts) (PM0R)
D7	power	19	PZ0G	sp96	0x200	0x0	Zone 0 average power (Watts) (PZ0G)
D7	power	20	VC0C	sp2d	0x200	0x0	CPU Core low-side voltage (Volts) (VC0C)
D7	power	21	VC0G	sp2d	0x200	0x0	CPU AXG  low-side voltage (Volts) (VC0G)
D7	power	22	VD2R	sp4b	0x200	0x0	Power Supply 12V voltage (Volts) (VD2R)
D7	power	23	VG0C	sp4b	0x200	0x0	GPU Core   high-side voltage (Volts) (VG0C)
D7	power	24	VG0U	sp4b	0x200	0x0	GPU Uncore high-side voltage (Volts) (VG0U)
D7	power	25	VH05	sp3c	0x200	0x0	HDD   5V low-side voltage (Volts) (VH05)
D7	power	26	VH1R	sp3c	0x200	0x0	SSD 3.3V low-side voltage (Volts) (VH1R)
D7	power	27	VM0R	sp2d	0x200	0x0	DIMM low-side voltage (Volts) (VM0R)
D7	power	220	PZ0F	sp96	0x200	0x0	Zone 0 Filtered Power (PZ0F)
D7	power	221	PZ0E	sp96	0x200	0x0	Zone 0 Target Power (PZ0E)
D7	power	222	PZ0T	ui16	0x200	0x0	Zone 0 Abstract Throttle (PZ0T)
D7	power	240	MSTc	ui8 	0x100	0x0	CPU Plimit (MSTc)
D7	power	241	MSTg	ui8 	0x100	0x0	GPU Plimit (MSTg)
D7	power	242	MSTm	ui8 	0x100	0x0	MEM Plimit (MSTm)
D7	power	244	MSTf	ui8 	0x100	0x0	Forced Idle Limit (MSTf)
D7	temp	1	TA0p	sp78	0x200	0x0	Ambient raw temp (DegC) (TA0p)
D7	temp	2	Tb0p	sp78	0x200	0x0	Backlight Controller proximity raw temp (DegC) (Tb0p)
D7	temp	3	TC0p	sp78	0x200	0x0	CPU Proximity raw temp (DegC) (TC0p)
D7	temp	4	TCXc	sp78	0x200	0x0	CPU Max Package Core absolute raw temp (PECI) (DegC) (TCXc)
D7	temp	5	TCXr	sp78	0x200	0x0	CPU Max Package Core relative raw temp (PECI) (DegC) (TCXr)
D7	temp	6	TG0p	sp78	0x200	0x0	GPU 0 Proximity raw temp (DegC) (TG0p)
D7	temp	7	TH0o	ui16	0x200	0x0	Drive 0 (2.5) OOB v1 raw bit-mapped temp (TH0o)
D7	temp	8	TH1o	ui16	0x200	0x0	Drive 1 (2.5) OOB v1 raw bit-mapped temp (TH1o)
D7	temp	9	TL0p	sp78	0x200	0x0	LCD unfiltered front-of-screen raw temp (DegC) (TL0p)
D7	temp	10	TL1p	sp78	0x200	0x0	LCD TCON Proximity raw temp (DegC) (TL1p)
D7	temp	11	TL2p	sp78	0x200	0x0	LCD IR target hotspot raw temp (DegC) (TL2p)
D7	temp	12	TL3p	spa5	0x200	0x0	LCD IR temp sensor die raw temp (DegC) (TL3p)
D7	temp	13	Tm0p	sp78	0x200	0x0	MLB Proximity 0 raw temp (DegC) (Tm0p)
D7	temp	14	Tp2h	sp78	0x200	0x0	Power Supply T2 Secondary Heatsink raw temp (DegC) (Tp2h)
D7	temp	15	TS0p	sp78	0x200	0x0	Skin 0 raw temp (DegC) (TS0p)
D7	temp	16	VL3t	si16	0x200	0x0	LCD IR temp sensor voltage (Raw Register) (VL3t)
D7	temp	17	PCPC	sp96	0x200	0x0	CPU package core power (PECI) (Watts) (PCPC)
D7	temp	18	PCPG	sp96	0x200	0x0	CPU package Gfx power (PECI) (Watts) (PCPG)
D7	temp	19	PCPT	sp96	0x200	0x0	CPU package total power (PECI) (Watts) (PCPT)
D7	temp	20	PH0F	sp78	0x200	0x0	Drive 0 total (5V) filtered low-side power * 16 (Watts) (PH0F)
D7	temp	21	PH1F	sp78	0x200	0x0	Drive 1 filtered low-side power * 16 (Watts) (PH1F)
D7	temp	22	TA0P	sp78	0x200	0x0	Ambient cooked temp (DegC) (TA0P)
D7	temp	23	TA0V	sp78	0x200	0x0	Ambient virtual temp (DegC) (TA0V)
D7	temp	24	TC0E	sp78	0x200	0x0	CPU PECI Die filtered temp for fan control (DegC) (TC0E)
D7	temp	25	TC0F	sp78	0x200	0x0	CPU PECI Die filtered and adjusted temp for power control (DegC) (TC0F)
D7	temp	26	TG0D	sp78	0x200	0x0	GPU 0 Die cooked temp (DegC) (TG0D)
D7	temp	27	TG0E	sp78	0x200	0x0	GPU 0 Die filtered temp for fan control (DegC) (TG0E)
D7	temp	28	TG0F	sp78	0x200	0x0	GPU 0 Die filtered and adjusted temp for power control (DegC) (TG0F)
D7	temp	29	TH0F	sp78	0x200	0x0	SSD 0 (2.5) OOB v3 relative filtered temp Max (DegC) (TH0F)
D7	temp	30	TH1F	sp78	0x200	0x0	SSD 1 (Gumstick) OOB v3 relative filtered temp Max (DegC) (TH1F)
D7	temp	31	TH0O	sp78	0x200	0x0	Drive 0 (2.5) OOB v1 mapped temp (DegC) (TH0O)
D7	temp	32	TH1O	sp78	0x200	0x0	Drive 1 (Gumstick) OOB v1 mapped temp (DegC) (TH1O)
D7	temp	33	TH0P	sp78	0x200	0x0	Drive 0 (2.5) OOB v1 filtered temp (DegC) (TH0P)
D7	temp	34	TH0R	sp78	0x200	0x0	SSD 0 (2.5) OOB v3 relative cooked temp Max (DegC) (TH0R)
D7	temp	35	TH1P	sp78	0x200	0x0	Drive 1 (Gumstick) OOB v1 filtered temp (DegC) (TH1P)
D7	temp	36	TH1R	sp78	0x200	0x0	SSD 1 (Gumstick) OOB v3 relative cooked   temp Max (DegC) (TH1R)
D7	temp	37	TL0P	sp78	0x200	0x0	LCD unfiltered front-of-screen cooked temp (DegC) (TL0P)
D7	temp	38	TL0V	sp78	0x200	0x0	LCD filtered right front-of-screen virtual temp (DegC) (TL0V)
D7	temp	39	TL1V	sp78	0x200	0x0	LCD TL1v-filtered center front-of-screen temp for color compensation (DegC) (TL1V)
D7	temp	40	TL1v	sp78	0x200	0x0	LCD filtered center front-of-screen temp that feeds TL1V (DegC) (TL1v)
D7	temp	41	TM0V	sp78	0x200	0x0	DIMM virtual temp (DegC) (TM0V)
D7	temp	42	TMXP	sp78	0x200	0x0	DIMM Proximity max cooked temp (DegC) (TMXP)
D7	temp	43	TPCD	sp78	0x200	0x0	PCH Die cooked temp (DegC) (TPCD)
D7	temp	44	Tp2F	sp78	0x200	0x0	Power Supply T2 Secondary Heatsink filtered temp (DegC) (Tp2F)
D7	temp	45	Tp2H	sp78	0x200	0x0	Power Supply T2 Secondary Heatsink cooked temp (DegC) (Tp2H)
D7	temp	46	TS0V	sp78	0x200	0x0	Skin 0 virtual temp (DegC) (TS0V)
D7	temp	220	F0Ac	fpe2	0x200	0x0	Fan0 Actual RPM(F0Ac)
D7	temp	239	PSTR	sp96	0x200	0x0	System Total Power Consumed (Delayed 1 Second) (Watts) (PSTR)
D7I	power	1	IC0C	sp78	0x200	0x0	CPU Core low-side current (Amps) (IC0C)
D7I	power	2	IC0G	sp69	0x200	0x0	CPU AXG  low-side current (Amps) (IC0G)
D7I	power	3	ID2R	sp69	0x200	0x0	Power Supply 12V current (Amps) (ID2R)
D7I	power	4	IH05	sp2d	0x200	0x0	HDD   5V low-side current (Amps) (IH05)
D7I	power	5	IH1R	sp2d	0x200	0x0	SSD 3.3V low-side current (Amps) (IH1R)
D7I	power	6	IM0R	sp5a	0x200	0x0	DIMM low-side current (Amps) (IM0R)
D7I	power	7	PC0C	sp96	0x200	0x0	CPU Core low-side power (Watts) (PC0C)
D7I	power	8	PC0G	sp96	0x200	0x0	CPU AXG  low-side power (Watts) (PC0G)
D7I	power	9	PCTR	sp96	0x200	0x0	CPU total power (PC0C + PC0G) (Watts) (PCTR)
D7I	power	10	PD2R	sp96	0x200	0x0	Power Supply 12V power (Watts) (PD2R)
D7I	power	11	PH0R	sp96	0x200	0x0	Drive 0 total (5V) low-side power (Watts) (PH0R)
D7I	power	12	PH1R	sp96	0x200	0x0	Drive 1 low-side power (Watts) (PH1R)
D7I	power	13	PM0R	sp96	0x200	0x0	DIMM low-side power (Watts) (PM0R)
D7I	power	14	PZ0G	sp96	0x200	0x0	Zone 0 average power (Watts) (PZ0G)
D7I	power	15	VC0C	sp2d	0x200	0x0	CPU Core low-side voltage (Volts) (VC0C)
D7I	power	16	VC0G	sp2d	0x200	0x0	CPU AXG  low-side voltage (Volts) (VC0G)
D7I	power	17	VD2R	sp4b	0x200	0x0	Power Supply 12V voltage (Volts) (VD2R)
D7I	power	18	VH05	sp3c	0x200	0x0	HDD   5V low-side voltage (Volts) (VH05)
D7I	power	19	VH1R	sp3c	0x200	0x0	SSD 3.3V low-side voltage (Volts) (VH1R)
D7I	power	20	VM0R	sp2d	0x200	0x0	DIMM low-side voltage (Volts) (VM0R)
D7I	power	220	PZ0F	sp96	0x200	0x0	Zone 0 Filtered Power (PZ0F)
D7I	power	221	PZ0E	sp96	0x200	0x0	Zone 0 Target Power (PZ0E)
D7I	power	222	PZ0T	ui16	0x200	0x0	Zone 0 Abstract Throttle (PZ0T)
D7I	power	240	MSTc	ui8 	0x100	0x0	CPU Plimit (MSTc)
D7I	power	241	MSTg	ui8 	0x100	0x0	GPU Plimit (MSTg)
D7I	power	242	MSTm	ui8 	0x100	0x0	MEM Plimit (MSTm)
D7I	power	244	MSTf	ui8 	0x100	0x0	Forced Idle Limit (MSTf)
D7I	temp	1	TA0p	sp78	0x200	0x0	Ambient raw temp (DegC) (TA0p)
D7I	temp	2	Tb0p	sp78	0x200	0x0	Backlight Controller proximity raw temp (DegC) (Tb0p)
D7I	temp	3	TC0p	sp78	0x200	0x0	CPU Proximity raw temp (DegC) (TC0p)
D7I	temp	4	TCXc	sp78	0x200	0x0	CPU Max Package Core absolute raw temp (PECI) (DegC) (TCXc)
D7I	temp	5	TCXr	sp78	0x200	0x0	CPU Max Package Core relative raw temp (PECI) (DegC) (TCXr)
D7I	temp	6	TG0p	sp78	0x200	0x0	GPU 0 Proximity raw temp (DegC) (TG0p)
D7I	temp	7	TH0o	ui16	0x200	0x0	Drive 0 (2.5) OOB v1 raw bit-mapped temp (TH0o)
D7I	temp	8	TH1o	ui16	0x200	0x0	Drive 1 (2.5) OOB v1 raw bit-mapped temp (TH1o)
D7I	temp	9	TL0p	sp78	0x200	0x0	LCD unfiltered front-of-screen raw temp (DegC) (TL0p)
D7I	temp	10	TL1p	sp78	0x200	0x0	LCD TCON Proximity raw temp (DegC) (TL1p)
D7I	temp	11	TL2p	sp78	0x200	0x0	LCD IR target hotspot raw temp (DegC) (TL2p)
D7I	temp	12	TL3p	spa5	0x200	0x0	LCD IR temp sensor die raw temp (DegC) (TL3p)
D7I	temp	13	Tm0p	sp78	0x200	0x0	MLB Proximity 0 raw temp (DegC) (Tm0p)
D7I	temp	14	Tp2h	sp78	0x200	0x0	Power Supply T2 Secondary Heatsink raw temp (DegC) (Tp2h)
D7I	temp	15	TS0p	sp78	0x200	0x0	Skin 0 raw temp (DegC) (TS0p)
D7I	temp	16	VL3t	si16	0x200	0x0	LCD IR temp sensor voltage (Raw Register) (VL3t)
D7I	temp	17	PCPC	sp96	0x200	0x0	CPU package core power (PECI) (Watts) (PCPC)
D7I	temp	18	PCPG	sp96	0x200	0x0	CPU package Gfx power (PECI) (Watts) (PCPG)
D7I	temp	19	PCPT	sp96	0x200	0x0	CPU package total power (PECI) (Watts) (PCPT)
D7I	temp	20	PH0F	sp78	0x200	0x0	Drive 0 total (5V) filtered low-side power * 16 (Watts) (PH0F)
D7I	temp	21	PH1F	sp78	0x200	0x0	Drive 1 filtered low-side power * 16 (Watts) (PH1F)
D7I	temp	22	TA0P	sp78	0x200	0x0	Ambient cooked temp (DegC) (TA0P)
D7I	temp	23	TA0V	sp78	0x200	0x0	Ambient virtual temp (DegC) (TA0V)
D7I	temp	24	TC0E	sp78	0x200	0x0	CPU PECI Die filtered temp for fan control (DegC) (TC0E)
D7I	temp	25	TC0F	sp78	0x200	0x0	CPU PECI Die filtered and adjusted temp for power control (DegC) (TC0F)
D7I	temp	26	TH0F	sp78	0x200	0x0	SSD 0 (2.5) OOB v3 relative filtered temp Max (DegC) (TH0F)
D7I	temp	27	TH1F	sp78	0x200	0x0	SSD 1 (Gumstick) OOB v3 relative filtered temp Max (DegC) (TH1F)
D7I	temp	28	TH0O	sp78	0x200	0x0	Drive 0 (2.5) OOB v1 mapped temp (DegC) (TH0O)
D7I	temp	29	TH1O	sp78	0x200	0x0	Drive 1 (Gumstick) OOB v1 mapped temp (DegC) (TH1O)
D7I	temp	30	TH0P	sp78	0x200	0x0	Drive 0 (2.5) OOB v1 filtered temp (DegC) (TH0P)
D7I	temp	31	TH0R	sp78	0x200	0x0	SSD 0 (2.5) OOB v3 relative cooked temp Max (DegC) (TH0R)
D7I	temp	32	TH1P	sp78	0x200	0x0	Drive 1 (Gumstick) OOB v1 filtered temp (DegC) (TH1P)
D7I	temp	33	TH1R	sp78	0x200	0x0	SSD 1 (Gumstick) OOB v3 relative cooked   temp Max (DegC) (TH1R)
D7I	temp	34	TL0P	sp78	0x200	0x0	LCD unfiltered front-of-screen cooked temp (DegC) (TL0P)
D7I	temp	35	TL0V	sp78	0x200	0x0	LCD filtered right front-of-screen virtual temp (DegC) (TL0V)
D7I	temp	36	TL1V	sp78	0x200	0x0	LCD TL1v-filtered center front-of-screen temp for color compensation (DegC) (TL1V)
D7I	temp	37	TL1v	sp78	0x200	0x0	LCD filtered center front-of-screen temp that feeds TL1V (DegC) (TL1v)
D7I	temp	38	TM0V	sp78	0x200	0x0	DIMM virtual temp (DegC) (TM0V)
D7I	temp	39	TMXP	sp78	0x200	0x0	DIMM Proximity max cooked temp (DegC) (TMXP)
D7I	temp	40	TPCD	sp78	0x200	0x0	PCH Die cooked temp (DegC) (TPCD)
D7I	temp	41	Tp2F	sp78	0x200	0x0	Power Supply T2 Secondary Heatsink filtered temp (DegC) (Tp2F)
D7I	temp	42	Tp2H	sp78	0x200	0x0	Power Supply T2 Secondary Heatsink cooked temp (DegC) (Tp2H)
D7I	temp	43	TS0V	sp78	0x200	0x0	Skin 0 virtual temp (DegC) (TS0V)
D7I	temp	220	F0Ac	fpe2	0x200	0x0	Fan0 Actual RPM(F0Ac)
D7I	temp	239	PSTR	sp96	0x200	0x0	System Total Power Consumed (Delayed 1 Second) (Watts) (PSTR)
D8	power	1	IC0C	sp78	0x200	0x0	CPU Core low-side current (Amps) (IC0C)
D8	power	2	IC0G	sp69	0x200	0x0	CPU AXG  low-side current (Amps) (IC0G)
D8	power	3	IC0I	sp2d	0x200	0x0	CPU I/O high-side current (Amps) (IC0I)
D8	power	4	IC0M	sp2d	0x200	0x0	CPU Mem  low-side current (Amps) (IC0M)
D8	power	5	IC0S	sp2d	0x200	0x0	CPU SA  high-side current (Amps) (IC0S)
D8	power	6	ID2R	sp69	0x200	0x0	Power Supply 12V  current (Amps) (ID2R)
D8	power	7	IG0C	sp87	0x200	0x0	GPU Core low-side current (Amps) (IG0C)
D8	power	8	IG0F	sp3c	0x200	0x0	GPU FB  high-side current (Amps) (IG0F)
D8	power	9	IH02	sp1e	0x200	0x0	HDD  12V low-side current (Amps) (IH02)
D8	power	10	IH05	sp2d	0x200	0x0	HDD   5V low-side current (Amps) (IH05)
D8	power	11	IH1R	sp2d	0x200	0x0	SSD 3.3V low-side current (Amps) (IH1R)
D8	power	12	IM0R	sp5a	0x200	0x0	DIMM     low-side current (Amps) (IM0R)
D8	power	13	IN1R	sp3c	0x200	0x0	PCH      low-side current (Amps) (IN1R)
D8	power	14	IR1R	sp1e	0x200	0x0	PCH/GPU/TBT 1.05V high-side current (Amps) (IR1R)
D8	power	15	IW0R	sp2d	0x200	0x0	Wifi     low-side current (Amps) (IW0R)
D8	power	16	PC0C	sp96	0x200	0x0	CPU Core low-side power (Watts) (PC0C)
D8	power	17	PC0G	sp96	0x200	0x0	CPU AXG  low-side power (Watts) (PC0G)
D8	power	18	PC0I	sp96	0x200	0x0	CPU I/O high-side power (Watts) (PC0I)
D8	power	19	PC0M	sp96	0x200	0x0	CPU Mem  low-side power (Watts) (PC0M)
D8	power	20	PC0S	sp96	0x200	0x0	CPU SA  high-side power (Watts) (PC0S)
D8	power	21	PCTR	sp96	0x200	0x0	CPU total power (PC0C+PC0G+PC0I+PC0M+PC0S) (Watts) (PCTR)
D8	power	22	PD2R	sp96	0x200	0x0	Power Supply 12V power (Watts) (PD2R)
D8	power	23	PG0C	sp96	0x200	0x0	GPU Core       low-side power (Watts) (PG0C)
D8	power	24	PG0F	sp96	0x200	0x0	GPU Frame Buf high-side power (Watts) (PG0F)
D8	power	25	PGTR	sp96	0x200	0x0	GPU total power (PG0C + PG0F) (Watts) (PGTR)
D8	power	26	PH02	sp96	0x200	0x0	Drive 0 12V low-side power (Watts) (PH02)
D8	power	27	PH05	sp96	0x200	0x0	Drive 0  5V low-side power (Watts) (PH05)
D8	power	28	PH0R	sp96	0x200	0x0	Drive 0 total power (PH02 + PH05) (Watts) (PH0R)
D8	power	29	PH1R	sp96	0x200	0x0	Drive 1 low-side power (Watts) (PH1R)
D8	power	30	PM0R	sp96	0x200	0x0	DIMM low-side power (Watts) (PM0R)
D8	power	31	PN1R	sp96	0x200	0x0	PCH  low-side power (Watts) (PN1R)
D8	power	32	PR1R	sp96	0x200	0x0	1.05V high-side power (Watts) (PR1R)
D8	power	33	PW0R	sp96	0x200	0x0	Wifi low-side power (Watts) (PW0R)
D8	power	34	VC0C	sp2d	0x200	0x0	CPU Core low-side voltage (Volts) (VC0C)
D8	power	35	VC0G	sp2d	0x200	0x0	CPU AXG  low-side voltage (Volts) (VC0G)
D8	power	36	VC0M	sp2d	0x200	0x0	CPU Mem  low-side voltage (Volts) (VC0M)
D8	power	37	VD2R	sp4b	0x200	0x0	Power Supply 12V voltage (Volts) (VD2R)
D8	power	38	VG0C	sp2d	0x200	0x0	GPU Core low-side voltage (Volts) (VG0C)
D8	power	39	VH05	sp3c	0x200	0x0	HDD 5V   low-side voltage (Volts) (VH05)
D8	power	40	VM0R	sp2d	0x200	0x0	DIMM low-side voltage (Volts) (VM0R)
D8	power	41	VN1R	sp2d	0x200	0x0	PCH low-side voltage (Volts) (VN1R)
D8	power	42	VR3R	sp3c	0x200	0x0	3.3V S0 rail voltage (Volts) (VR3R)
D8	power	220	PZ0G	sp96	0x200	0x0	Zone 0 Power (PZ0G)
D8	power	221	PZ0E	sp96	0x200	0x0	Zone 0 Target Power (PZ0E)
D8	power	222	PZ0T	ui16	0x200	0x0	Zone 0 Abstract Throttle (PZ0T)
D8	power	240	MSTc	ui8 	0x100	0x0	CPU Plimit (MSTc)
D8	power	241	MSTg	ui8 	0x100	0x0	GPU Plimit (MSTg)
D8	power	242	MSTm	ui8 	0x100	0x0	MEM Plimit (MSTm)
D8	power	244	MSTf	ui8 	0x100	0x0	Forced Idle Limit (MSTf)
D8	temp	1	TA0p	sp78	0x200	0x0	Ambient raw temp (DegC) (TA0p)
D8	temp	2	Tb0p	sp78	0x200	0x0	Backlight Controller proximity raw temp (DegC) (Tb0p)
D8	temp	3	TC0p	sp78	0x200	0x0	CPU Proximity raw temp (DegC) (TC0p)
D8	temp	4	TCXc	sp78	0x200	0x0	CPU Max Package Core absolute raw temp (PECI) (DegC) (TCXc)
D8	temp	5	TCXr	sp78	0x200	0x0	CPU Max Package Core relative raw temp (PECI) (DegC) (TCXr)
D8	temp	6	TG0p	sp78	0x200	0x0	GPU 0 Proximity raw temp (DegC) (TG0p)
D8	temp	7	TH0o	ui16	0x200	0x0	Drive 0 (2.5) OOB v1 raw bit-mapped temp (TH0o)
D8	temp	8	TH1o	ui16	0x200	0x0	Drive 1 (2.5) OOB v1 raw bit-mapped temp (TH1o)
D8	temp	9	TL0p	sp78	0x200	0x0	LCD unfiltered front-of-screen raw temp (DegC) (TL0p)
D8	temp	10	TL1p	sp78	0x200	0x0	LCD TCON Proximity raw temp (DegC) (TL1p)
D8	temp	11	TL2p	sp78	0x200	0x0	LCD IR target hotspot raw temp (DegC) (TL2p)
D8	temp	12	TL3p	spa5	0x200	0x0	LCD IR temp sensor die raw temp (DegC) (TL3p)
D8	temp	13	Tm0p	sp78	0x200	0x0	MLB Proximity 0 raw temp (DegC) (Tm0p)
D8	temp	14	Tm1p	sp78	0x200	0x0	MLB Proximity 1 raw temp (DegC) (Tm1p)
D8	temp	15	Tp2h	sp78	0x200	0x0	Power Supply T2 Secondary Heatsink raw temp (DegC) (Tp2h)
D8	temp	16	TS0p	sp78	0x200	0x0	Skin 0 raw temp (DegC) (TS0p)
D8	temp	17	VL3t	ui16	0x200	0x0	LCD IR temp sensor voltage (Raw Register) (VL3t)
D8	temp	18	PCPC	sp96	0x200	0x0	CPU package core power (PECI) (Watts) (PCPC)
D8	temp	19	PCPG	sp96	0x200	0x0	CPU package Gfx power (PECI) (Watts) (PCPG)
D8	temp	20	PCPT	sp96	0x200	0x0	CPU package total power (PECI) (Watts) (PCPT)
D8	temp	21	PH0F	sp78	0x200	0x0	Drive 0 filtered total power (PH02 + PH05) * 16 (Watts) (PH0F)
D8	temp	22	PH1F	sp78	0x200	0x0	Drive 1 filtered low-side power * 16 (Watts) (PH1F)
D8	temp	23	TA0P	sp78	0x200	0x0	Ambient cooked temp (DegC) (TA0P)
D8	temp	24	TA0V	sp78	0x200	0x0	Ambient virtual temp (DegC) (TA0V)
D8	temp	25	TC0E	sp78	0x200	0x0	CPU PECI Die filtered temp for fan control (DegC) (TC0E)
D8	temp	26	TC0F	sp78	0x200	0x0	CPU PECI Die filtered and adjusted temp for power control (DegC) (TC0F)
D8	temp	27	TG0D	sp78	0x200	0x0	GPU 0 Die cooked temp (DegC) (TG0D)
D8	temp	28	TG0E	sp78	0x200	0x0	GPU 0 Die filtered temp for fan control (DegC) (TG0E)
D8	temp	29	TG0F	sp78	0x200	0x0	GPU 0 Die filtered and adjusted temp for power control (DegC) (TG0F)
D8	temp	30	TH0F	sp78	0x200	0x0	SSD 0 (2.5) OOB v3 relative filtered temp Max (DegC) (TH0F)
D8	temp	31	TH1F	sp78	0x200	0x0	SSD 1 (Gumstick) OOB v3 relative filtered temp Max (DegC) (TH1F)
D8	temp	32	TH0O	sp78	0x200	0x0	Drive 0 (2.5) OOB v1 mapped temp (DegC) (TH0O)
D8	temp	33	TH1O	sp78	0x200	0x0	Drive 1 (Gumstick) OOB v1 mapped temp (DegC) (TH1O)
D8	temp	34	TH0P	sp78	0x200	0x0	Drive 0 (2.5) OOB v1 filtered temp (DegC) (TH0P)
D8	temp	35	TH0R	sp78	0x200	0x0	SSD 0 (2.5) OOB v3 relative cooked temp Max (DegC) (TH0R)
D8	temp	36	TH1P	sp78	0x200	0x0	Drive 1 (Gumstick) OOB v1 filtered temp (DegC) (TH1P)
D8	temp	37	TH1R	sp78	0x200	0x0	SSD 1 (Gumstick) OOB v3 relative cooked   temp Max (DegC) (TH1R)
D8	temp	38	TL0P	sp78	0x200	0x0	LCD unfiltered front-of-screen cooked temp (DegC) (TL0P)
D8	temp	39	TL0V	sp78	0x200	0x0	LCD filtered right front-of-screen virtual temp (DegC) (TL0V)
D8	temp	40	TL1V	sp78	0x200	0x0	LCD TL1v-filtered center front-of-screen temp for color compensation (DegC) (TL1V)
D8	temp	41	TL1v	sp78	0x200	0x0	LCD filtered center front-of-screen temp that feeds TL1V (DegC) (TL1v)
D8	temp	42	TM0V	sp78	0x200	0x0	DIMM virtual temp (DegC) (TM0V)
D8	temp	43	TMXP	sp78	0x200	0x0	DIMM Proximity max cooked temp (DegC) (TMXP)
D8	temp	44	TPCD	sp78	0x200	0x0	PCH Die cooked temp (DegC) (TPCD)
D8	temp	45	Tp2F	sp78	0x200	0x0	Power Supply T2 Secondary Heatsink filtered temp (DegC) (Tp2F)
D8	temp	46	Tp2H	sp78	0x200	0x0	Power Supply T2 Secondary Heatsink cooked temp (DegC) (Tp2H)
D8	temp	47	TS0V	sp78	0x200	0x0	Skin 0 virtual temp (DegC) (TS0V)
D8	temp	220	F0Ac	fpe2	0x200	0x0	Fan0 Actual RPM(F0Ac)
D8	temp	239	PSTR	sp96	0x200	0x0	System Total Power Consumed (Delayed 1 Second) (Watts) (PSTR)
J50I	power	1	PC0R	sp78	0x200	0x0	CPU High side power (IC0R * VD0R) (Watts) (PC0R)
J50I	power	2	PD0F	sp78	0x200	0x0	Power supply power filtered then adjusted (Watts) (PD0F)
J50I	power	3	PD0E	sp78	0x200	0x0	Power supply filtered power (Watts) (PD0E)
J50I	power	4	PDTR	sp78	0x200	0x0	DC In rail power (ID0R * VD0R) (Watts) (PDTR)
J50I	power	5	PD0D	sp78	0x200	0x0	Power Supply Power Trend (Watts) (PD0D)
J50I	power	6	PD0J	sp78	0x200	0x0	Power supply max error filtered output (Watts) (PD0J)
J50I	power	7	PD0K	sp78	0x200	0x0	Power supply filter coefficient (Watts) (PD0K)
J50I	power	8	PC0C	sp78	0x200	0x0	CPU Vcore power (IC0C * VC0C) (Watts) (PC0C)
J50I	power	9	PN0R	sp78	0x200	0x0	GFX Vcore power (IN0R * VN0R) (Watts) (PN0R)
J50I	power	10	PM0C	sp78	0x200	0x0	Memory power (IM0C * VM0R) (Watts) (PM0C)
J50I	power	11	PC1C	sp78	0x200	0x0	CPU VCCIO power (IC1C * 1.05V) (Watts) (PC1C)
J50I	power	12	PD1R	sp78	0x200	0x0	CPU 1V5 power (ID1R * 1.5V) (Watts) (PD1R)
J50I	power	13	PC2C	sp78	0x200	0x0	CPU VCCSA power (IC2C * VC2C) (Watts) (PC2C)
J50I	power	14	PN1R	sp78	0x200	0x0	PCH 1V05 power (IN1R * 1.05V) (Watts) (PN1R)
J50I	power	15	PAPC	sp78	0x200	0x0	Airport power (IAPC * 3.3V) (Watts) (PAPC)
J50I	power	16	VC0C	sp2d	0x200	0x0	CPU Vcore voltage (Volts) (VC0C)
J50I	power	17	IC0C	sp87	0x200	0x0	CPU Vcore current (Amps) (IC0C)
J50I	power	18	Vp0C	sp2d	0x200	0x0	ACDC cooked temp (Volts) (Vp0C)
J50I	power	19	VN0R	sp2d	0x200	0x0	GFX Vcore voltage (Volts) (VN0R)
J50I	power	20	IN0R	sp69	0x200	0x0	GFX Vcore current (Amps) (IN0R)
J50I	power	21	IM0C	sp5a	0x200	0x0	Memory current (Amps) (IM0C)
J50I	power	22	IC1C	sp5a	0x200	0x0	CPU VCCIO current (Amps) (IC1C)
J50I	power	23	ID1R	sp5a	0x200	0x0	CPU 1V5 current (Amps) (ID1R)
J50I	power	24	VD0R	sp5a	0x200	0x0	DC In voltage (Volts) (VD0R)
J50I	power	25	ID0R	sp5a	0x200	0x0	DC In current (Amps) (ID0R)
J50I	power	26	VC2C	sp2d	0x200	0x0	CPU VCCSA voltage (Volts) (VC2C)
J50I	power	27	IC2C	sp5a	0x200	0x0	CPU VCCSA current (Amps) (IC2C)
J50I	power	28	IC0R	sp4b	0x200	0x0	CPU High side current (Amps) (IC0R)
J50I	power	29	IN1R	sp5a	0x200	0x0	PCH 1V05 current (Amps) (IN1R)
J50I	power	30	PH1R	sp78	0x200	0x0	Drive 1 power (IH1R * 3.3V) (Watts) (PH1R)
J50I	power	31	PH2R	sp78	0x200	0x0	Drive 2 power (IH2R * 3.3V) (Watts) (PH2R)
J50I	power	220	PZ0F	sp78	0x200	0x0	Zone 0 Filtered Power (PZ0F)
J50I	power	221	PZ0E	sp78	0x200	0x0	Zone 0 Target Power (PZ0E)
J50I	power	222	PZ0T	ui16	0x200	0x0	Zone 0 Abstract Throttle (PZ0T)
J50I	power	240	MSTc	ui8 	0x100	0x0	CPU Plimit (MSTc)
J50I	power	241	MSTg	ui8 	0x100	0x0	GPU Plimit (MSTg)
J50I	power	242	MSTm	ui8 	0x100	0x0	MEM Plimit (MSTm)
J50I	power	244	MSTf	ui8 	0x100	0x0	Forced Idle Limit (MSTf)
J50I	temp	1	TC0d	sp78	0x200	0x0	CPU die raw temp (DegC) (TC0d)
J50I	temp	2	PCPT	sp78	0x200	0x0	CPU package total power (PECI) (Watts) (PCPT)
J50I	temp	3	PCPC	sp78	0x200	0x0	CPU package core power (PECI) (Watts) (PCPC)
J50I	temp	4	PCPG	sp78	0x200	0x0	CPU package Gfx power (PECI) (Watts) (PCPG)
J50I	temp	5	TCGC	sp78	0x200	0x0	CPU Gfx Core absolute cooked temp (PECI) (DegC) (TCGC)
J50I	temp	6	TCSC	sp78	0x200	0x0	CPU System Agent Core absolute cooked temp (PECI) (DegC) (TCSC)
J50I	temp	7	TC0C	sp78	0x200	0x0	CPU Core 0 absolute cooked temp (PECI) (DegC) (TC0C)
J50I	temp	8	TC1C	sp78	0x200	0x0	CPU Core 1 absolute cooked temp (PECI) (DegC) (TC1C)
J50I	temp	9	TC0F	sp78	0x200	0x0	CPU PECI die temp filtered then adjusted (DegC) (TC0F)
J50I	temp	10	TC0E	sp78	0x200	0x0	CPU PECI die Virtual temp (DegC) (TC0E)
J50I	temp	11	TCXC	sp78	0x200	0x0	CPU Max Package Core absolute cooked temp (PECI) (DegC) (TCXC)
J50I	temp	12	TCTD	sp78	0x200	0x0	CPU PECI die temp Trend (DegC) (TCTD)
J50I	temp	13	TC0J	sp78	0x200	0x0	CPU PECI die temp max error filtered output (DegC) (TC0J)
J50I	temp	14	TCFC	ui16	0x200	0x0	CPU PECI die temp filter coeff (TCFC)
J50I	temp	15	TM0S	sp78	0x200	0x0	Synthetic DIMM Estimate(DegC) (SIS! force bit 1) (TM0S)
J50I	temp	16	TM0P	sp78	0x200	0x0	Memory proximity temp (filtered) (DegC) (TM0P)
J50I	temp	17	TMBS	sp78	0x200	0x0	DIMM Bandwidth Estimate (DegC) (SIS! force bit 1) (TMBS)
J50I	temp	18	Ts0S	sp78	0x200	0x0	Synthetic bottom skin (DegC) (Ts0S)
J50I	temp	19	TC0P	sp78	0x200	0x0	CPU proximity temp (filtered) (DegC) (TC0P)
J50I	temp	20	TA0P	sp78	0x200	0x0	Ambient 0 temp (DegC) (TA0P)
J50I	temp	21	TH0O	sp78	0x200	0x0	Drive 0 OOB v1 mapped temp (DegC) (TH0O)
J50I	temp	22	TH1O	sp78	0x200	0x0	Drive 1 OOB v1 mapped temp (DegC) (TH1O)
J50I	temp	23	TH0A	sp78	0x200	0x0	SSD 0 OOB v3 absolute cooked temp A (DegC) (TH0A)
J50I	temp	24	TH0B	sp78	0x200	0x0	SSD 0 OOB v3 absolute cooked temp B (DegC) (TH0B)
J50I	temp	25	TH0C	sp78	0x200	0x0	SSD 0 OOB v3 absolute cooked temp C (DegC) (TH0C)
J50I	temp	26	TH0X	sp78	0x200	0x0	SSD 0 OOB v3 cooked temp Max (DegC) (TH0X)
J50I	temp	27	TH1A	sp78	0x200	0x0	SSD 1 OOB v3 absolute cooked temp A (DegC) (TH1A)
J50I	temp	28	TH1B	sp78	0x200	0x0	SSD 1 OOB v3 absolute cooked temp B (DegC) (TH1B)
J50I	temp	29	TH1C	sp78	0x200	0x0	SSD 1 OOB v3 absolute cooked temp C (DegC) (TH1C)
J50I	temp	30	TH1X	sp78	0x200	0x0	SSD 1 OOB v3 cooked   temp Max (DegC) (TH1X)
J50I	temp	31	TC0D	sp78	0x200	0x0	CPU die temp (DegC) (TC0D)
J50I	temp	32	TC0P	sp78	0x200	0x0	CPU proximity temp (filtered) (DegC) (TC0P)
J50I	temp	33	TP0P	sp78	0x200	0x0	PCH proximity temp (DegC) (TP0P)
J50I	temp	34	TPCD	sp78	0x200	0x0	PCH digital die temp (DegC) (TPCD)
J50I	temp	35	TI0P	sp78	0x200	0x0	High Speed I/O proximity 0 temp (DegC) (TI0P)
J50I	temp	36	TI1P	sp78	0x200	0x0	High Speed I/O proximity 1 temp (DegC) (TI1P)
J50I	temp	37	TA0P	sp78	0x200	0x0	Ambient 0 temp (DegC) (TA0P)
J50I	temp	38	TA1P	sp78	0x200	0x0	Ambient 1 temp (DegC) (TA1P)
J50I	temp	39	TW0P	sp78	0x200	0x0	Airport Card temp (DegC) (TW0P)
J50I	temp	220	F0Ac	fpe2	0x200	0x0	Fan0 Actual RPM(F0Ac)
J50I	temp	239	PSTR	sp78	0x200	0x0	System Total Power Consumed (Delayed 1 Second) (Watts) (PSTR)
J50S	power	1	PC0R	sp78	0x200	0x0	CPU High side power (IC0R * VD0R) (Watts) (PC0R)
J50S	power	2	PD0F	sp78	0x200	0x0	Power supply power filtered then adjusted (Watts) (PD0F)
J50S	power	3	PD0E	sp78	0x200	0x0	Power supply filtered power (Watts) (PD0E)
J50S	power	4	PDTR	sp78	0x200	0x0	DC In rail power (ID0R * VD0R) (Watts) (PDTR)
J50S	power	5	PD0D	sp78	0x200	0x0	Power Supply Power Trend (Watts) (PD0D)
J50S	power	6	PD0J	sp78	0x200	0x0	Power supply max error filtered output (Watts) (PD0J)
J50S	power	7	PD0K	sp78	0x200	0x0	Power supply filter coefficient (Watts) (PD0K)
J50S	power	8	PC0C	sp78	0x200	0x0	CPU Vcore power (IC0C * VC0C) (Watts) (PC0C)
J50S	power	9	PN0R	sp78	0x200	0x0	GFX Vcore power (IN0R * VN0R) (Watts) (PN0R)
J50S	power	10	PM0C	sp78	0x200	0x0	Memory power (IM0C * VM0R) (Watts) (PM0C)
J50S	power	11	PC1C	sp78	0x200	0x0	CPU VCCIO power (IC1C * 1.05V) (Watts) (PC1C)
J50S	power	12	PD1R	sp78	0x200	0x0	CPU 1V5 power (ID1R * 1.5V) (Watts) (PD1R)
J50S	power	13	PC2C	sp78	0x200	0x0	CPU VCCSA power (IC2C * VC2C) (Watts) (PC2C)
J50S	power	14	PN1R	sp78	0x200	0x0	PCH 1V05 power (IN1R * 1.05V) (Watts) (PN1R)
J50S	power	15	PAPC	sp78	0x200	0x0	Airport power (IAPC * 3.3V) (Watts) (PAPC)
J50S	power	16	VC0C	sp2d	0x200	0x0	CPU Vcore voltage (Volts) (VC0C)
J50S	power	17	IC0C	sp87	0x200	0x0	CPU Vcore current (Amps) (IC0C)
J50S	power	18	Vp0C	sp2d	0x200	0x0	ACDC cooked temp (Volts) (Vp0C)
J50S	power	19	VN0R	sp2d	0x200	0x0	GFX Vcore voltage (Volts) (VN0R)
J50S	power	20	IN0R	sp69	0x200	0x0	GFX Vcore current (Amps) (IN0R)
J50S	power	21	IM0C	sp5a	0x200	0x0	Memory current (Amps) (IM0C)
J50S	power	22	IC1C	sp5a	0x200	0x0	CPU VCCIO current (Amps) (IC1C)
J50S	power	23	ID1R	sp5a	0x200	0x0	CPU 1V5 current (Amps) (ID1R)
J50S	power	24	VD0R	sp5a	0x200	0x0	DC In voltage (Volts) (VD0R)
J50S	power	25	ID0R	sp5a	0x200	0x0	DC In current (Amps) (ID0R)
J50S	power	26	VC2C	sp2d	0x200	0x0	CPU VCCSA voltage (Volts) (VC2C)
J50S	power	27	IC2C	sp5a	0x200	0x0	CPU VCCSA current (Amps) (IC2C)
J50S	power	28	IC0R	sp4b	0x200	0x0	CPU High side current (Amps) (IC0R)
J50S	power	29	IN1R	sp5a	0x200	0x0	PCH 1V05 current (Amps) (IN1R)
J50S	power	30	PH1R	sp78	0x200	0x0	Drive 1 power (IH1R * 3.3V) (Watts) (PH1R)
J50S	power	31	PH2R	sp78	0x200	0x0	Drive 2 power (IH2R * 3.3V) (Watts) (PH2R)
J50S	power	220	PZ0F	sp78	0x200	0x0	Zone 0 Filtered Power (PZ0F)
J50S	power	221	PZ0E	sp78	0x200	0x0	Zone 0 Target Power (PZ0E)
J50S	power	222	PZ0T	ui16	0x200	0x0	Zone 0 Abstract Throttle (PZ0T)
J50S	power	240	MSTc	ui8 	0x100	0x0	CPU Plimit (MSTc)
J50S	power	241	MSTg	ui8 	0x100	0x0	GPU Plimit (MSTg)
J50S	power	242	MSTm	ui8 	0x100	0x0	MEM Plimit (MSTm)
J50S	power	244	MSTf	ui8 	0x100	0x0	Forced Idle Limit (MSTf)
J50S	temp	1	TC0d	sp78	0x200	0x0	CPU die raw temp (DegC) (TC0d)
J50S	temp	2	PCPT	sp78	0x200	0x0	CPU package total power (PECI) (Watts) (PCPT)
J50S	temp	3	PCPC	sp78	0x200	0x0	CPU package core power (PECI) (Watts) (PCPC)
J50S	temp	4	PCPG	sp78	0x200	0x0	CPU package Gfx power (PECI) (Watts) (PCPG)
J50S	temp	5	TCGC	sp78	0x200	0x0	CPU Gfx Core absolute cooked temp (PECI) (DegC) (TCGC)
J50S	temp	6	TCSC	sp78	0x200	0x0	CPU System Agent Core absolute cooked temp (PECI) (DegC) (TCSC)
J50S	temp	7	TC0C	sp78	0x200	0x0	CPU Core 0 absolute cooked temp (PECI) (DegC) (TC0C)
J50S	temp	8	TC1C	sp78	0x200	0x0	CPU Core 1 absolute cooked temp (PECI) (DegC) (TC1C)
J50S	temp	9	TC2C	sp78	0x200	0x0	CPU Core 2 absolute cooked temp (PECI) (DegC) (TC2C)
J50S	temp	10	TC3C	sp78	0x200	0x0	CPU Core 3 absolute cooked temp (PECI) (DegC) (TC3C)
J50S	temp	11	TC0F	sp78	0x200	0x0	CPU PECI die temp filtered then adjusted (DegC) (TC0F)
J50S	temp	12	TC0E	sp78	0x200	0x0	CPU PECI die Virtual temp (DegC) (TC0E)
J50S	temp	13	TCXC	sp78	0x200	0x0	CPU Max Package Core absolute cooked temp (PECI) (DegC) (TCXC)
J50S	temp	14	TCTD	sp78	0x200	0x0	CPU PECI die temp Trend (DegC) (TCTD)
J50S	temp	15	TC0J	sp78	0x200	0x0	CPU PECI die temp max error filtered output (DegC) (TC0J)
J50S	temp	16	TCFC	ui16	0x200	0x0	CPU PECI die temp filter coeff (TCFC)
J50S	temp	17	TM0S	sp78	0x200	0x0	Synthetic DIMM Estimate(DegC) (SIS! force bit 1) (TM0S)
J50S	temp	18	TM0P	sp78	0x200	0x0	Memory proximity temp (filtered) (DegC) (TM0P)
J50S	temp	19	TMBS	sp78	0x200	0x0	DIMM Bandwidth Estimate (DegC) (SIS! force bit 1) (TMBS)
J50S	temp	20	Ts0S	sp78	0x200	0x0	Synthetic bottom skin (DegC) (Ts0S)
J50S	temp	21	TC0P	sp78	0x200	0x0	CPU proximity temp (filtered) (DegC) (TC0P)
J50S	temp	22	TA0P	sp78	0x200	0x0	Ambient 0 temp (DegC) (TA0P)
J50S	temp	23	TH0O	sp78	0x200	0x0	Drive 0 OOB v1 mapped temp (DegC) (TH0O)
J50S	temp	24	TH1O	sp78	0x200	0x0	Drive 1 OOB v1 mapped temp (DegC) (TH1O)
J50S	temp	25	TH0A	sp78	0x200	0x0	SSD 0 OOB v3 absolute cooked temp A (DegC) (TH0A)
J50S	temp	26	TH0B	sp78	0x200	0x0	SSD 0 OOB v3 absolute cooked temp B (DegC) (TH0B)
J50S	temp	27	TH0C	sp78	0x200	0x0	SSD 0 OOB v3 absolute cooked temp C (DegC) (TH0C)
J50S	temp	28	TH0X	sp78	0x200	0x0	SSD 0 OOB v3 cooked temp Max (DegC) (TH0X)
J50S	temp	29	TH1A	sp78	0x200	0x0	SSD 1 OOB v3 absolute cooked temp A (DegC) (TH1A)
J50S	temp	30	TH1B	sp78	0x200	0x0	SSD 1 OOB v3 absolute cooked temp B (DegC) (TH1B)
J50S	temp	31	TH1C	sp78	0x200	0x0	SSD 1 OOB v3 absolute cooked temp C (DegC) (TH1C)
J50S	temp	32	TH1X	sp78	0x200	0x0	SSD 1 OOB v3 cooked   temp Max (DegC) (TH1X)
J50S	temp	33	TC0D	sp78	0x200	0x0	CPU die temp (DegC) (TC0D)
J50S	temp	34	TC0P	sp78	0x200	0x0	CPU proximity temp (filtered) (DegC) (TC0P)
J50S	temp	35	TP0P	sp78	0x200	0x0	PCH proximity temp (DegC) (TP0P)
J50S	temp	36	TPCD	sp78	0x200	0x0	PCH digital die temp (DegC) (TPCD)
J50S	temp	37	TI0P	sp78	0x200	0x0	High Speed I/O proximity 0 temp (DegC) (TI0P)
J50S	temp	38	TI1P	sp78	0x200	0x0	High Speed I/O proximity 1 temp (DegC) (TI1P)
J50S	temp	39	TA0P	sp78	0x200	0x0	Ambient 0 temp (DegC) (TA0P)
J50S	temp	40	TA1P	sp78	0x200	0x0	Ambient 1 temp (DegC) (TA1P)
J50S	temp	41	TW0P	sp78	0x200	0x0	Airport Card temp (DegC) (TW0P)
J50S	temp	220	F0Ac	fpe2	0x200	0x0	Fan0 Actual RPM(F0Ac)
J50S	temp	239	PSTR	sp78	0x200	0x0	System Total Power Consumed (Delayed 1 Second) (Watts) (PSTR)
J64	power	1	VC0C	sp2d	0x200	0x0	CPU core lowside voltage (Volts) . (VC0C)
J64	power	2	IC0C	sp78	0x200	0x0	CPU core lowside current (Amps) (IC0C)
J64	power	3	VM0C	sp2d	0x200	0x0	1.2V to CPU/MEM lowside voltage (Volts) . (VM0C)
J64	power	4	IM0C	sp3c	0x200	0x0	1.2V to CPU/MEM lowside current (Amps) (IM0C)
J64	power	5	VM1C	sp2d	0x200	0x0	1.8V S3 lowside voltage (Volts) . (VM1C)
J64	power	6	IM1C	sp1e	0x200	0x0	1.8V S3 lowside current (Amps) (IM1C)
J64	power	7	VC1C	sp2d	0x200	0x0	1.05V to CPU/PCH lowside voltage (Volts) . (VC1C)
J64	power	8	IC1C	sp3c	0x200	0x0	1.05V to CPU/PCH lowside current (Amps) (IC1C)
J64	power	9	V50R	sp3c	0x200	0x0	5V lowside voltage (Volts) (V50R)
J64	power	10	I50R	sp5a	0x200	0x0	5V lowside current (Amps) (I50R)
J64	power	11	VD0R	sp5a	0x200	0x0	DCIN voltage (Volts) . (VD0R)
J64	power	12	ID0R	sp5a	0x200	0x0	DCIN highside current (Amps) (ID0R)
J64	power	13	IC0R	sp3c	0x200	0x0	CPU highside current (Amps) (IC0R)
J64	power	14	IM0R	sp2d	0x200	0x0	MEM highside current (Amps) (IM0R)
J64	power	15	II0R	sp3c	0x200	0x0	TBT IO highside current (Amps) (II0R)
J64	power	16	VP0T	sp2d	0x200	0x0	PSU cooked temperature represented as a voltage (Volts) (VP0T)
J64	power	17	IAPC	sp2d	0x200	0x0	WLAN lowside current (Amps) (IAPC)
J64	power	18	IH0R	sp2d	0x200	0x0	HDD1 lowside current (Amps) (IH0R)
J64	power	19	IH1R	sp3c	0x200	0x0	SSD lowside current (Amps) (IH1R)
J64	power	20	PC0C	sp78	0x200	0x0	CPU core lowside power (IC0C * VC0C) (Watts) (PC0C)
J64	power	21	PM0C	sp78	0x200	0x0	1.2V to CPU/MEM lowside power (IM0C * VM0C) (Watts) (PM0C)
J64	power	22	PM1C	sp78	0x200	0x0	1.8V S3 lowside power (IM1C * VM1C) (Watts) (PM1C)
J64	power	23	PC1C	sp78	0x200	0x0	1.05V to CPU/PCH lowside power (IC1C * VC1C) (Watts) (PC1C)
J64	power	24	P50R	sp78	0x200	0x0	5V lowside power (I50R * V50R) (Watts) (P50R)
J64	power	25	PD0R	sp78	0x200	0x0	DCIN highside power (ID0R * VD0R) (Watts) (PD0R)
J64	power	26	PC0R	sp78	0x200	0x0	CPU highside power (IC0R * VD0R) (Watts) (PC0R)
J64	power	27	PM0R	sp78	0x200	0x0	MEM highside power (IM0R * VD0R) (Watts) (PM0R)
J64	power	28	PI0R	sp78	0x200	0x0	TBT IO highside power (II0R * VD0R) (Watts) (PI0R)
J64	power	29	PAPC	sp78	0x200	0x0	WLAN lowside power (IAPC * 3.3V) (Watts) (PAPC)
J64	power	30	PH0R	sp78	0x200	0x0	HDD1 lowside power (IH0R * V50R) (Watts) (PH0R)
J64	power	31	PH1R	sp78	0x200	0x0	SSD lowside power (IH1R * 3.3V) (Watts) (PH1R)
J64	power	32	PHPC	sp78	0x200	0x0	Thermal Control Power (Watts) (PHPC)
J64	power	33	PD0E	sp78	0x200	0x0	Power supply filtered power (Watts) (PD0E)
J64	power	34	PD0D	sp78	0x200	0x0	Power Supply Power Trend (Watts) (PD0D)
J64	power	35	PD0K	sp78	0x200	0x0	Power supply filter coefficient (Watts) (PD0K)
J64	power	36	PD0J	sp78	0x200	0x0	Power supply max error filtered output (Watts) (PD0J)
J64	power	37	PD0F	sp78	0x200	0x0	Power supply power filtered then adjusted (Watts) (PD0F)
J64	power	220	PZ0F	flt 	0x400	0x0	Zone 0 Filtered Power (PZ0F)
J64	power	221	PZ0E	flt 	0x400	0x0	Zone 0 Target Power (PZ0E)
J64	power	222	PZ0T	flt 	0x400	0x0	Zone 0 Abstract Throttle (PZ0T)
J64	power	223	PZ1F	flt 	0x400	0x0	Zone 1 Filtered Power (PZ1F)
J64	power	224	PZ1E	flt 	0x400	0x0	Zone 1 Target Power (PZ1E)
J64	power	225	PZ1T	flt 	0x400	0x0	Zone 1 Abstract Throttle (PZ1T)
J64	power	226	PZ2F	flt 	0x400	0x0	Zone 2 Filtered Power (PZ2F)
J64	power	227	PZ2E	flt 	0x400	0x0	Zone 2 Target Power (PZ2E)
J64	power	228	PZ2T	flt 	0x400	0x0	Zone 2 Abstract Throttle (PZ2T)
J64	power	240	MSTc	ui8 	0x100	0x0	CPU Plimit (MSTc)
J64	power	241	MSTg	ui8 	0x100	0x0	GPU Plimit (MSTg)
J64	power	244	MSTf	ui8 	0x100	0x0	Forced Idle Limit (MSTf)
J64	temp	1	Tm0p	sp78	0x200	0x0	EMC1428 internal diode raw temp (DegC) (Tm0p)
J64	temp	2	Te0t	sp78	0x200	0x0	TBT Thermal Diode raw temp (DegC) (Te0t)
J64	temp	3	TC0p	sp78	0x200	0x0	CPU proximity raw temp (DegC) (TC0p)
J64	temp	4	TA0p	sp78	0x200	0x0	Ambient 1 raw temp (DegC) (TA0p)
J64	temp	5	TW0p	sp78	0x200	0x0	Wifi proximity raw temp (DegC) (TW0p)
J64	temp	6	TA1p	sp78	0x200	0x0	Ambient 2 raw temp (DegC) (TA1p)
J64	temp	7	TM0p	sp78	0x200	0x0	LPDDR proximity raw temp (DegC) (TM0p)
J64	temp	8	TA2p	sp78	0x200	0x0	Ambient 3 raw temp (DegC) (TA2p)
J64	temp	9	TPCd	sp78	0x200	0x0	PCH digital die raw temp (DegC) (TPCd)
J64	temp	10	TCGc	sp78	0x200	0x0	CPU Gfx Core absolute raw temp (PECI) (DegC) (TCGc)
J64	temp	11	TCSc	sp78	0x200	0x0	CPU System Agent Core absolute raw temp (PECI) (DegC) (TCSc)
J64	temp	12	TCXc	sp78	0x200	0x0	CPU Max Package Core absolute raw temp (PECI) (DegC) (TCXc)
J64	temp	13	TCXr	sp78	0x200	0x0	CPU Max Package Core relative raw temp (PECI) (DegC) (TCXr)
J64	temp	14	TC0c	sp78	0x200	0x0	CPU Core 0 absolute raw temp (PECI) (DegC) (TC0c)
J64	temp	15	TC1c	sp78	0x200	0x0	CPU Core 1 absolute raw temp (PECI) (DegC) (TC1c)
J64	temp	16	TH0o	ui16	0x200	0x0	Drive 0 OOBv1 raw bit-mapped temp (TH0o)
J64	temp	17	TH1o	ui16	0x200	0x0	Drive 0 OOBv1 raw bit-mapped temp (TH1o)
J64	temp	18	TH0a	sp78	0x200	0x0	Drive 0 OOBv3 raw temp A (DegC) (TH0a)
J64	temp	19	TH0b	sp78	0x200	0x0	Drive 0 OOBv3 raw temp B (DegC) (TH0b)
J64	temp	20	TH0c	sp78	0x200	0x0	Drive 0 OOBv3 raw temp C (DegC) (TH0c)
J64	temp	21	TH1a	sp78	0x200	0x0	Drive 1 OOBv3 raw temp A (DegC) (TH1a)
J64	temp	22	TH1b	sp78	0x200	0x0	Drive 1 OOBv3 raw temp B (DegC) (TH1b)
J64	temp	23	TH1c	sp78	0x200	0x0	Drive 1 OOBv3 raw temp C (DegC) (TH1c)
J64	temp	24	Tm0P	sp78	0x200	0x0	EMC1428 internal diode temp (DegC) (Tm0P)
J64	temp	25	Te0T	sp78	0x200	0x0	TBT Thermal Diode temp (DegC) (Te0T)
J64	temp	26	TC0P	sp78	0x200	0x0	CPU proximity temp (filtered) (DegC) (TC0P)
J64	temp	27	TA0P	sp78	0x200	0x0	Ambient 1 temp (DegC) (TA0P)
J64	temp	28	TW0P	sp78	0x200	0x0	Wifi proximity temp (DegC) (TW0P)
J64	temp	29	TA1P	sp78	0x200	0x0	Ambient 2 temp (DegC) (TA1P)
J64	temp	30	TM0P	sp78	0x200	0x0	LPDDR proximity temp (filtered) (DegC) (TM0P)
J64	temp	31	TA2P	sp78	0x200	0x0	Ambient 3 temp (DegC) (TA2P)
J64	temp	32	TPCD	sp78	0x200	0x0	PCH digital die temp (DegC) (TPCD)
J64	temp	33	TCGC	sp78	0x200	0x0	CPU Gfx Core absolute cooked temp (PECI) (DegC) (TCGC)
J64	temp	34	TCSC	sp78	0x200	0x0	CPU System Agent Core absolute cooked temp (PECI) (DegC) (TCSC)
J64	temp	35	TCXC	sp78	0x200	0x0	CPU Max Package Core absolute cooked temp (PECI) (DegC) (TCXC)
J64	temp	36	PCPT	sp78	0x200	0x0	CPU package total power (PECI) (Watts) (PCPT)
J64	temp	37	PCPC	sp78	0x200	0x0	CPU package core power (PECI) (Watts) (PCPC)
J64	temp	38	PCPG	sp78	0x200	0x0	CPU package Gfx power (PECI) (Watts) (PCPG)
J64	temp	39	TC0C	sp78	0x200	0x0	CPU Core 0 absolute cooked temp (PECI) (DegC) (TC0C)
J64	temp	40	TC1C	sp78	0x200	0x0	CPU Core 1 absolute cooked temp (PECI) (DegC) (TC1C)
J64	temp	41	TC0E	sp78	0x200	0x0	CPU PECI die Virtual temp (DegC) (TC0E)
J64	temp	42	TCTD	sp78	0x200	0x0	CPU PECI die temp Trend (DegC) (TCTD)
J64	temp	43	TCFC	ui16	0x200	0x0	CPU PECI die temp filter coeff (TCFC)
J64	temp	44	TC0J	sp78	0x200	0x0	CPU PECI die temp max error filtered output (DegC) (TC0J)
J64	temp	45	TC0F	sp78	0x200	0x0	CPU PECI die temp filtered then adjusted (DegC) (TC0F)
J64	temp	46	TS0V	sp78	0x200	0x0	Synthetic bottom skin (DegC) (TS0V)
J64	temp	47	TM0V	sp78	0x200	0x0	Synthetic DIMM Estimate(DegC) (TM0V)
J64	temp	48	TH0O	sp78	0x200	0x0	Drive 0 OOBv1 mapped temp (DegC) (TH0O)
J64	temp	49	TH1O	sp78	0x200	0x0	Drive 1 OOBv1 mapped temp (DegC) (TH1O)
J64	temp	50	TH0A	sp78	0x200	0x0	Drive 0 OOBv3 absolute cooked temp A (DegC) (TH0A)
J64	temp	51	TH0B	sp78	0x200	0x0	Drive 0 OOBv3 absolute cooked temp B (DegC) (TH0B)
J64	temp	52	TH0C	sp78	0x200	0x0	Drive 0 OOBv3 absolute cooked temp C (DegC) (TH0C)
J64	temp	53	TH0R	sp78	0x200	0x0	Drive 0 OOBv3 relative cooked temp Max (DegC) (TH0R)
J64	temp	54	TH1A	sp78	0x200	0x0	Drive 1 OOBv3 absolute cooked temp A (DegC) (TH1A)
J64	temp	55	TH1B	sp78	0x200	0x0	Drive 1 OOBv3 absolute cooked temp B (DegC) (TH1B)
J64	temp	56	TH1C	sp78	0x200	0x0	Drive 1 OOBv3 absolute cooked temp C (DegC) (TH1C)
J64	temp	57	TH1R	sp78	0x200	0x0	Drive 1 OOBv3 relative cooked temp Max (DegC) (TH1R)
J64	temp	58	TH0P	sp78	0x200	0x0	Drive 0 OOBv1 filtered temp (DegC) (TH0P)
J64	temp	59	PH0F	sp78	0x200	0x0	Drive 0 filtered total load-side power (PH02 + PH05) * 2 (Watts) (PH0F)
J64	temp	60	TH1P	sp78	0x200	0x0	Drive 1 OOBv1 filtered temp (DegC) (TH1P)
J64	temp	61	PH1F	sp78	0x200	0x0	Drive 1 filtered load-side power * 3 (Watts) (PH1F)
J64	temp	62	TH0F	sp78	0x200	0x0	Drive 0 OOBv3 relative filtered temp Max (DegC) (TH0F)
J64	temp	63	TH1F	sp78	0x200	0x0	Drive 1 OOBv3 relative filtered temp Max (DegC) (TH1F)
J64	temp	64	TA0V	sp78	0x200	0x0	Ambient virtual temp (DegC) (TA0V)
J64	temp	220	F0Ac	fpe2	0x200	0x0	Fan0 Actual RPM(F0Ac)
J64	temp	239	PSTR	sp78	0x200	0x0	System Total Power Consumed (Delayed 1 Second) (Watts) (PSTR)
D1	power	1	PC0C	sp78	0x200	0x0	CPU Core Power (Watts) (PC0C)
D1	power	2	PDTR	sp78	0x200	0x0	DC-In total power  (Watts) (PDTR)
D1	power	3	PPBR	sp78	0x200	0x0	PBus on battery power (Watts) (PPBR)
D1	power	4	PSDC	sp78	0x200	0x0	SSD Power  (Watts) (PSDC)
D1	power	5	PC0R	sp78	0x200	0x0	CPU Computing High Side Power (Watts) (PC0R)
D1	power	6	PO0R	sp78	0x200	0x0	Other High Side Power   (Watts) (PO0R)
D1	power	7	PM0C	sp78	0x200	0x0	DDR Power (Memory) (Watts) (PM0C)
D1	power	8	PC1C	sp78	0x200	0x0	CPU VCCIO 1.05V S0 Power (Watts) (PC1C)
D1	power	9	PN0C	sp78	0x200	0x0	AXG core Power (Watts) (PN0C)
D1	power	10	PC2C	sp78	0x200	0x0	CPU VCCSA Power (Watts) (PC2C)
D1	power	11	PLDC	sp87	0x200	0x0	LCD Driver Power (Watts) (PLDC)
D1	power	12	PBLC	sp78	0x200	0x0	Backlight power (Watts) (PBLC)
D1	power	13	PAPC	sp78	0x200	0x0	Airport power (Watts) (PAPC)
D1	power	14	PHSP	sp78	0x200	0x0	Thunderbolt Power (Watts) (PHSP)
D1	power	15	PHPC	sp78	0x200	0x0	Thermal control Power (Watts) (PHPC)
D1	power	16	VC0C	sp5a	0x200	0x0	CPU Core voltage. (Volts) (VC0C)
D1	power	17	IC0C	sp78	0x200	0x0	CPU Core current. (Amps) (IC0C)
D1	power	18	VD0R	sp69	0x200	0x0	DC In voltage. (Volts) (VD0R)
D1	power	19	ID0R	sp5a	0x200	0x0	DC In rail current. (Amps) (ID0R)
D1	power	20	VP0R	sp5a	0x200	0x0	PBus rail voltage. (Volts) (VP0R)
D1	power	21	ISDC	sp5a	0x200	0x0	SSD Gumstick 2 current. (Amps) (ISDC)
D1	power	22	IPBR	sp5a	0x200	0x0	PBus on battery current. (Amps) (IPBR)
D1	power	23	IC0R	sp5a	0x200	0x0	CPU Computing High Side current. (Amps) (IC0R)
D1	power	24	IO0R	sp5a	0x200	0x0	Other High Side current.  (Amps) (IO0R)
D1	power	25	IM0C	sp5a	0x200	0x0	DDR 1.3V (Memory) current. (Amps) (IM0C)
D1	power	26	IC1C	sp5a	0x200	0x0	VCCIO  current. (Amps) (IC1C)
D1	power	27	VN0C	sp5a	0x200	0x0	Int GPU core voltage. (Volts) (VN0C)
D1	power	28	VC2C	sp2d	0x200	0x0	CPU VCCSA Voltage. (Volts) (VC2C)
D1	power	29	IC2C	sp4b	0x200	0x0	VCCSA  current. (Amps) (IC2C)
D1	power	30	ILDC	sp2d	0x200	0x0	LCD Panel Current  (Amps) (ILDC)
D1	power	31	VBLC	sp78	0x200	0x0	Backlight. (Volts) (VBLC)
D1	power	32	IBLC	sp2d	0x200	0x0	Backlight current. (Amps) (IBLC)
D1	power	33	IN0C	sp78	0x200	0x0	Internal GFX Core current. (Amps) (IN0C)
D1	power	34	IAPC	sp2d	0x200	0x0	Airport current.  (Amps) (IAPC)
D1	power	35	IHSP	sp3c	0x200	0x0	Thunderbolt Current  (Amps) (IHSP)
D1	power	220	PHPC	sp87	0x200	0x0	HP Power (PHPC)
D1	power	221	PTHC	sp87	0x200	0x0	HP Power Target (PTHC)
D1	power	222	MSLT	ui16	0x200	0x0	HP Power Throttle (MSLT)
D1	power	240	MSTc	ui8 	0x100	0x0	CPU Plimit (MSTc)
D1	power	241	MSTg	ui8 	0x100	0x0	GPU Plimit (MSTg)
D1	power	242	MSTm	ui8 	0x100	0x0	MEM Plimit (MSTm)
D1	power	244	MSTf	ui8 	0x100	0x0	Forced Idle Limit (MSTf)
D1	temp	1	PCPT	sp87	0x200	0x0	CPU package total power (PECI) (Watts) (PCPT)
D1	temp	2	PCPC	sp87	0x200	0x0	CPU package core power (PECI) (Watts) (PCPC)
D1	temp	3	PCPG	sp87	0x200	0x0	CPU package Gfx power (PECI) (Watts) (PCPG)
D1	temp	4	TCXC	sp78	0x200	0x0	CPU Core PECI temp (DegC) (SIS! force bit 7) (TCXC)
D1	temp	5	Ts0P	sp78	0x200	0x0	Palm Rest Temp (DegC) (Ts0P)
D1	temp	6	Th1H	sp78	0x200	0x0	Right Fin stack temp (DegC) (Th1H)
D1	temp	7	Th2H	sp78	0x200	0x0	Left Fin stack temp (DegC) (Th2H)
D1	temp	8	TC0P	sp78	0x200	0x0	CPU proximity temp (DegC) (TC0P)
D1	temp	9	TM0P	sp78	0x200	0x0	Dimm Proximity temp(DegC) () (TM0P)
D1	temp	10	TA1P	sp78	0x200	0x0	DCIN Airflow temp (DegC) (TA1P)
D1	temp	11	TC1C	sp78	0x200	0x0	CPU Core 0 temp (PECI) (DegC) (TC1C)
D1	temp	12	TC2C	sp78	0x200	0x0	CPU Core 1 temp (PECI) (DegC) (TC2C)
D1	temp	13	TC3C	sp78	0x200	0x0	CPU Core 2 temp (PECI) (DegC) (TC3C)
D1	temp	14	TC4C	sp78	0x200	0x0	CPU Core 3 temp (PECI) (DegC) (TC4C)
D1	temp	15	TCGC	sp78	0x200	0x0	CPU Gfx Core temp (PECI) (DegC) (TCGC)
D1	temp	16	TCSA	sp78	0x200	0x0	CPU System Agent Core temp (PECI) (DegC) (TCSA)
D1	temp	17	Ts0S	sp78	0x200	0x0	Synthetic bottom skin (DegC) (Ts0S)
D1	temp	18	TC0E	sp78	0x200	0x0	CPU die Virtual temp (DegC) (TC0E)
D1	temp	19	TCTD	sp78	0x200	0x0	CPU PECI die temp Trend (SIS! force bit 5) (DegC) (TCTD)
D1	temp	20	TC0F	sp78	0x200	0x0	CPU PECI die temp filtered then adjusted (DegC) (TC0F)
D1	temp	21	TPCD	sp78	0x200	0x0	PCH Die temp (DegC) (TPCD)
D1	temp	22	TM0S	sp78	0x200	0x0	Synthetic DIMM Estimate(DegC) () (TM0S)
D1	temp	23	TMBS	sp78	0x200	0x0	DIMM Bandwidth Estimate (DegC) (TMBS)
D1	temp	220	F0Ac	fpe2	0x200	0x0	Fan0 Actual RPM(F0Ac)
D1	temp	221	F1Ac	fpe2	0x200	0x0	Fan1 Actual RPM(F1Ac)
D1	temp	239	PSTR	sp78	0x200	0x0	System Total Power Consumed (Delayed 1 Second) (Watts) (PSTR)
D1	temp	240	B0FC	ui16	0x200	0x0	Battery full charge capacity. (mAh) (B0FC)
D1	temp	241	B0RM	ui16	0x200	0x0	Battery remain capacity. (mAh) (B0RM)
D1	temp	242	CHBI	ui16	0x200	0x0	Battery charge current. (mAh) (CHBI)
D1	temp	243	B0AC	ui16	0x200	0x0	Battery Actual current. (mA) (B0AC)
D1	temp	244	B0AV	ui16	0x200	0x0	Battery Actual Voltage. (mV) (B0AV)
J44	power	1	PPBR	sp78	0x200	0x0	PBus (BMON) Batt Dischg Power (Watts) (PPBR)
J44	power	4	PC0R	sp78	0x200	0x0	CPU Computing High Side Power (Watts) (PC0R)
J44	power	9	PM0C	sp78	0x200	0x0	DDR Power CPU & MEM (Watts) (PM0C)
J44	power	21	IPBR	sp5a	0x200	0x0	Battery current BMON. (Amps) (IPBR)
J44	power	2	PP0R	sp78	0x200	0x0	Batt Dischg Power Discrete (Watts) (PP0R)
J44	power	3	PD0R	sp78	0x200	0x0	DC-In total power  (Watts) (PD0R)
J44	power	5	PC0C	sp78	0x200	0x0	CPU Core (Watts) (PC0C)
J44	power	6	PC2C	sp78	0x200	0x0	CPU Core IMON Power (Watts) (PC2C)
J44	power	7	PO5R	sp78	0x200	0x0	Other 5V High Side Power   (Watts) (PO5R)
J44	power	8	PO3R	sp78	0x200	0x0	Other 3.3V High Side Power   (Watts) (PO3R)
J44	power	10	PCMC	sp78	0x200	0x0	S2 Camera Power (Watts) (PCMC)
J44	power	11	PSDC	sp78	0x200	0x0	SSD Fixed 3.3V Power (Watts) (PSDC)
J44	power	12	PBLC	sp78	0x200	0x0	Backlight Input Power   (Watts) (PBLC)
J44	power	13	PLDC	sp78	0x200	0x0	LCD Panel Power (Watts) (PLDC)
J44	power	14	PR3C	sp78	0x200	0x0	3.3V in S0 Power(Watts) (PR3C)
J44	power	15	PR5C	sp78	0x200	0x0	5VV in S0 Power(Watts) (PR5C)
J44	power	16	PC1C	sp78	0x200	0x0	DDR Power CPU (Watts) (PC1C)
J44	power	17	PM1C	sp78	0x200	0x0	DDR Power CPU (Watts) (PM1C)
J44	power	18	PHSC	sp78	0x200	0x0	Thunderbolt Power (Watts) (PHSC)
J44	power	19	IC0R	sp4b	0x200	0x0	CPU Computing High Side current. (Amps) (IC0R)
J44	power	20	VP0R	sp5a	0x200	0x0	PBus rail Voltage. (Volts) (VP0R)
J44	power	22	ID0R	sp4b	0x200	0x0	DC In current AMON. (Amps) (ID0R)
J44	power	23	VD0R	sp5a	0x200	0x0	DC In Voltage. (Volts) (VD0R)
J44	power	24	IP0R	sp4b	0x200	0x0	Battery Current Discrete. (Amps) (IP0R)
J44	power	25	IC0C	sp69	0x200	0x0	CPU Core Current. (Amps) (IC0C)
J44	power	26	IO5R	sp4b	0x200	0x0	Battery current BMON. (Amps) (IO5R)
J44	power	27	IO3R	sp3c	0x200	0x0	Current other 3.3V High. (Amps) (IO3R)
J44	power	28	IM0C	sp4b	0x200	0x0	CPU and MEM current. (Amps) (IM0C)
J44	power	29	IBLC	sp1e	0x200	0x0	Backlight Current (Amps) (IBLC)
J44	power	30	ITPC	sp3c	0x200	0x0	Trackpad Actuator Current (Amps) (ITPC)
J44	power	31	ISDC	sp3c	0x200	0x0	SSD Current (Amps) (ISDC)
J44	power	32	IR3C	sp3c	0x200	0x0	3.3V S0 current. (Amps) (IR3C)
J44	power	33	ICMC	sp1e	0x200	0x0	Camera S2 Current (Amps) (ICMC)
J44	power	34	VTPC	sp5a	0x200	0x0	T101 Boost/PBus Accuator Voltage. (Volts) (VTPC)
J44	power	35	IR5C	sp3c	0x200	0x0	5.0V S0 current. (Amps) (IR5C)
J44	power	36	IM1C	sp2d	0x200	0x0	CPU DDR current. (Amps) (IM1C)
J44	power	37	IC1C	sp3c	0x200	0x0	1.05V PCH Core. (Amps) (IC1C)
J44	power	38	VC0C	sp3c	0x200	0x0	CPU Core Voltage. (Volts) (VC0C)
J44	power	39	ILDC	sp1e	0x200	0x0	LCD panel Current. (Amps) (ILDC)
J44	power	40	IC2C	sp69	0x200	0x0	1.05V CPU Core IMON. (Amps) (IC2C)
J44	power	41	IHSC	sp2d	0x200	0x0	Thunderbolt Current. (Amps) (IHSC)
J44	power	220	PZ0F	flt 	0x400	0x0	Zone 0 Filtered Power (PZ0F)
J44	power	221	PTHC	flt 	0x400	0x0	HP Power Target (PTHC)
J44	power	222	MSLT	flt 	0x400	0x0	HP Power Throttle (MSLT)
J44	power	240	MSTc	ui8 	0x100	0x0	CPU Plimit (MSTc)
J44	power	241	MSTg	ui8 	0x100	0x0	GPU Plimit (MSTg)
J44	power	242	MSTm	ui8 	0x100	0x0	MEM Plimit (MSTm)
J44	power	244	MSTf	ui8 	0x100	0x0	Forced Idle Limit (MSTf)
J44	temp	26	Ts0S	sp78	0x200	0x0	Synthetic bottom skin (DegC) (Ts0S)
J44	temp	220	F0Ac	fpe2	0x200	0x0	Fan0 Actual RPM(F0Ac)
J44	temp	239	PSTR	sp78	0x200	0x0	System Total Power Consumed (Delayed 1 Second) (Watts) (PSTR)
J44	temp	244	B0AV	ui16	0x200	0x0	Battery Actual Voltage. (V) (B0AV)
J44	temp	1	TC0P	sp78	0x200	0x0	CPU proximity temp (DegC) (TC0P)
J44	temp	2	TM0P	sp78	0x200	0x0	Dimm Proximity temp(DegC) (TM0P)
J44	temp	3	Th1H	sp78	0x200	0x0	Fin Stack Proximity temp (DegC) (Th1H)
J44	temp	4	TA0P	sp78	0x200	0x0	Airflow temp (DegC) (TA0P)
J44	temp	5	TMLB	sp78	0x200	0x0	Dimm Proximity temp(DegC) (TMLB)
J44	temp	6	Ts0P	sp78	0x200	0x0	Palm Rest Temp (DegC) (Ts0P)
J44	temp	7	THSP	sp78	0x200	0x0	Thunderbolt Die temp (DegC) (THSP)
J44	temp	8	TW0P	sp78	0x200	0x0	Airport Temp (DegC) (TW0P)
J44	temp	9	TPCD	sp78	0x200	0x0	PCH Die temp (DegC) (TPCD)
J44	temp	10	TC1C	sp78	0x200	0x0	CPU Core 0 temp (PECI) (DegC) (TC1C)
J44	temp	11	TC2C	sp78	0x200	0x0	CPU Core 1 temp (PECI) (DegC) (TC2C)
J44	temp	12	TCXC	sp78	0x200	0x0	CPU PECI die temp  (DegC) (TCXC)
J44	temp	13	PCPT	sp78	0x200	0x0	CPU package total power (PECI) (Watts) (PCPT)
J44	temp	14	PCPC	sp78	0x200	0x0	CPU package core power (PECI) (Watts) (PCPC)
J44	temp	15	PCPG	sp78	0x200	0x0	CPU package Gfx power (PECI) (Watts) (PCPG)
J44	temp	16	TCGC	sp78	0x200	0x0	CPU Gfx Core temp (PECI) (DegC) (TCGC)
J44	temp	17	TCSA	sp78	0x200	0x0	CPU System Agent Core temp (PECI) (DegC) (TCSA)
J44	temp	18	TH0a	sp78	0x200	0x0	Drive0 (SSD Gumstick) OOB v3 raw temp A (DegC) (TH0a)
J44	temp	19	TH0b	sp78	0x200	0x0	Drive0 (SSD Gumstick) OOB v3 raw temp B (DegC) (TH0b)
J44	temp	20	TH0c	sp78	0x200	0x0	Drive0 (SSD Gumstick) OOB v3 raw temp C (DegC) (TH0c)
J44	temp	21	TH0x	sp78	0x200	0x0	Drive0 (SSD Gumstick) OOB v3 raw temp Max (DegC) (TH0x)
J44	temp	22	TC0E	sp78	0x200	0x0	CPU die Virtual temp (DegC) (TC0E)
J44	temp	23	TC0F	sp78	0x200	0x0	CPU PECI die temp filtered then adjusted (DegC) (TC0F)
J44	temp	24	TH0A	sp78	0x200	0x0	SSD Temp A (DegC) (TH0A)
J44	temp	25	TH0B	sp78	0x200	0x0	SSD Temp B  (DegC) (TH0B)
J44	temp	240	B0FC	ui16	0x200	0x0	Battery full charge capacity. (mAh) (B0FC)
J44	temp	241	B0RM	ui16	0x200	0x0	Battery remain capacity. (mAh) (B0RM)
J44	temp	242	CHBI	ui16	0x200	0x0	Battery charge current. (mAh) (CHBI)
J44	temp	243	B0AC	si16	0x200	0x0	Battery Actual current. (A) (B0AC)
J52	power	1	IC0R	sp4b	0x200	0x0	CPU Computing High Side current. (Amps) (IC0R)
J52	power	2	VP0R	sp5a	0x200	0x0	PBus rail Voltage. (Volts) (VP0R)
J52	power	3	IPBR	sp5a	0x200	0x0	Battery current BMON. (Amps) (IPBR)
J52	power	4	ID0R	sp4b	0x200	0x0	DC In current AMON. (Amps) (ID0R)
J52	power	5	VD0R	sp5a	0x200	0x0	DC In Voltage. (Volts) (VD0R)
J52	power	6	IP0R	sp4b	0x200	0x0	Battery Current Discrete. (Amps) (IP0R)
J52	power	7	IC0C	sp69	0x200	0x0	CPU Core Current. (Amps) (IC0C)
J52	power	8	IO5R	sp3c	0x200	0x0	Battery current BMON. (Amps) (IO5R)
J52	power	9	IO3R	sp3c	0x200	0x0	Current other 3.3V High. (Amps) (IO3R)
J52	power	10	IM0C	sp4b	0x200	0x0	CPU and MEM 1.2V DDR current. (Amps) (IM0C)
J52	power	11	IBLC	sp1e	0x200	0x0	Backlight Current (Amps) (IBLC)
J52	power	12	ITPC	sp2d	0x200	0x0	Trackpad Actuator Current (Amps) (ITPC)
J52	power	13	IM2C	sp1e	0x200	0x0	LPDDR current 1.8V. (Amps) (IM2C)
J52	power	14	ISDC	sp2d	0x200	0x0	SSD Current (Amps) (ISDC)
J52	power	15	IR3C	sp2d	0x200	0x0	3.3V S0 current. (Amps) (IR3C)
J52	power	16	ICMC	sp1e	0x200	0x0	Camera S2 Current (Amps) (ICMC)
J52	power	17	VTPC	sp5a	0x200	0x0	T101 Accuator Voltage. (Volts) (VTPC)
J52	power	18	IR5C	sp2d	0x200	0x0	5.0V S0 current. (Amps) (IR5C)
J52	power	19	IM1C	sp1e	0x200	0x0	LPDDR current 1.2V. (Amps) (IM1C)
J52	power	20	IC1C	sp2d	0x200	0x0	1.05V PCH Core. (Amps) (IC1C)
J52	power	21	VC0C	sp3c	0x200	0x0	CPU Core Voltage. (Volts) (VC0C)
J52	power	22	ILDC	sp1e	0x200	0x0	LCD panel Current. (Amps) (ILDC)
J52	power	23	IC2C	sp69	0x200	0x0	1.05V CPU Core IMON. (Amps) (IC2C)
J52	power	24	IHSC	sp2d	0x200	0x0	Thunderbolt Current. (Amps) (IHSC)
J52	power	25	PPBR	sp78	0x200	0x0	PBus (BMON) Batt Dischg Power (Watts) (PPBR)
J52	power	26	PP0R	sp78	0x200	0x0	Batt Dischg Power Discrete (Watts) (PP0R)
J52	power	27	PD0R	sp78	0x200	0x0	DC-In total power  (Watts) (PD0R)
J52	power	28	PC0R	sp78	0x200	0x0	CPU Computing High Side Power (Watts) (PC0R)
J52	power	29	PC0C	sp78	0x200	0x0	CPU Core (Watts) (PC0C)
J52	power	30	PO5R	sp78	0x200	0x0	Other 5V High Side Power   (Watts) (PO5R)
J52	power	31	PO3R	sp78	0x200	0x0	Other 3.3V High Side Power   (Watts) (PO3R)
J52	power	32	PM0C	sp78	0x200	0x0	DDR Power 1.2V CPU & MEM (Watts) (PM0C)
J52	power	33	PM2C	sp78	0x200	0x0	DDR Power 1.8V CPU (Watts) (PM2C)
J52	power	34	PCMC	sp78	0x200	0x0	S2 Camera Power (Watts) (PCMC)
J52	power	35	PSDC	sp78	0x200	0x0	SSD Fixed 3.3V Power (Watts) (PSDC)
J52	power	36	PBLC	sp78	0x200	0x0	Backlight Input Power   (Watts) (PBLC)
J52	power	37	PLDC	sp78	0x200	0x0	LCD Panel Power (Watts) (PLDC)
J52	power	38	PR3C	sp78	0x200	0x0	3.3V in S0 Power(Watts) (PR3C)
J52	power	39	PR5C	sp78	0x200	0x0	5VV in S0 Power(Watts) (PR5C)
J52	power	40	PC1C	sp78	0x200	0x0	1.05V PCH Power (Watts) (PC1C)
J52	power	41	PM1C	sp78	0x200	0x0	DDR Power 1.2V CPU (Watts) (PM1C)
J52	power	42	PHSC	sp78	0x200	0x0	Thunderbolt Power (Watts) (PHSC)
J52	power	43	PHPC	sp78	0x200	0x0	HP Power (Watts) (PHPC)
J52	power	200		ui8 	0x100	0x0	DCIN Spike Mitigation 
J52	power	220	PZ0F	flt 	0x400	0x0	Zone 0 Filtered Power (PZ0F)
J52	power	221	PZ0E	flt 	0x400	0x0	Zone 0 Target Power (PZ0E)
J52	power	222	PZ0T	flt 	0x400	0x0	Zone 0 Abstract Throttle (PZ0T)
J52	power	223	PZ1F	flt 	0x400	0x0	Zone 1 Filtered Power (PZ1F)
J52	power	224	PZ1E	flt 	0x400	0x0	Zone 1 Target Power (PZ1E)
J52	power	225	PZ1T	flt 	0x400	0x0	Zone 1 Abstract Throttle (PZ1T)
J52	power	240	MSTc	ui8 	0x100	0x0	CPU Plimit (MSTc)
J52	power	241	MSTg	ui8 	0x100	0x0	GPU Plimit (MSTg)
J52	power	244	MSTf	ui8 	0x100	0x0	Forced Idle Limit (MSTf)
J52	temp	1	TC0P	sp78	0x200	0x0	CPU proximity temp (DegC) (TC0P)
J52	temp	2	TM0P	sp78	0x200	0x0	Dimm Proximity temp(DegC) (TM0P)
J52	temp	3	Th1H	sp78	0x200	0x0	Fin Stack Proximity temp (DegC) (Th1H)
J52	temp	4	TA0P	sp78	0x200	0x0	Airflow temp (DegC) (TA0P)
J52	temp	5	TMLB	sp78	0x200	0x0	MLB Proximity temp(DegC) (TMLB)
J52	temp	6	Ts0P	sp78	0x200	0x0	Palm Rest Temp (DegC) (Ts0P)
J52	temp	7	THSP	sp78	0x200	0x0	Thunderbolt Die temp (DegC) (THSP)
J52	temp	8	TW0P	sp78	0x200	0x0	Airport Temp (DegC) (TW0P)
J52	temp	9	TPCD	sp78	0x200	0x0	PCH Die Temp Digital (DegC) (TPCD)
J52	temp	10	TC0C	sp78	0x200	0x0	CPU Core 0 temp (PECI) (DegC) (TC0C)
J52	temp	11	TC1C	sp78	0x200	0x0	CPU Core 1 temp (PECI) (DegC) (TC1C)
J52	temp	12	TCXC	sp78	0x200	0x0	CPU PECI die temp  (DegC) (TCXC)
J52	temp	13	PCPT	sp78	0x200	0x0	CPU Package Total Power (PECI) (Watts) (PCPT)
J52	temp	14	PCPC	sp78	0x200	0x0	CPU Package Core Power (PECI) (Watts) (PCPC)
J52	temp	15	PCPG	sp78	0x200	0x0	CPU Package Gfx Power (PECI) (Watts) (PCPG)
J52	temp	16	TCGC	sp78	0x200	0x0	CPU Gfx Core temp (PECI) (DegC) (TCGC)
J52	temp	17	TCSA	sp78	0x200	0x0	CPU System Agent Core temp (PECI) (DegC) (TCSA)
J52	temp	18	TH0a	sp78	0x200	0x0	Drive 0 OOBv3 raw temp A (DegC) (TH0a)
J52	temp	19	TH0b	sp78	0x200	0x0	Drive 0 OOBv3 raw temp B (DegC) (TH0b)
J52	temp	20	TH0c	sp78	0x200	0x0	Drive 0 OOBv3 raw temp C (DegC) (TH0c)
J52	temp	21	TH0x	sp78	0x200	0x0	Drive 0 OOBv3 temp Max  (DegC) (TH0x)
J52	temp	22	TB0T	sp78	0x200	0x0	Battery temp (SBS! force bit 0) (DegC) (TB0T)
J52	temp	23	IBAC	sp78	0x200	0x0	Battery Current (Amps) (IBAC)
J52	temp	24	TC0E	sp78	0x200	0x0	CPU die Virtual temp (DegC) (TC0E)
J52	temp	25	TCTD	sp78	0x200	0x0	CPU PECI die temp Trend (DegC) (TCTD)
J52	temp	26	TCFC	ui16	0x200	0x0	CPU PECI die temp filter coeff (TCFC)
J52	temp	27	TC0F	sp78	0x200	0x0	CPU PECI die temp filtered then adjusted (DegC) (TC0F)
J52	temp	28	TH0A	sp78	0x200	0x0	Drive 0 OOBv3 cooked temp A (DegC) (TH0A)
J52	temp	29	TH0B	sp78	0x200	0x0	Drive 0 OOBv3 cooked temp B (DegC) (TH0B)
J52	temp	30	TH0C	sp78	0x200	0x0	Drive 0 OOBv3 cooked temp C (DegC) (TH0C)
J52	temp	31	TH0V	sp78	0x200	0x0	Drive 0 backup virtual DRAM temp (DegC) (TH0V)
J52	temp	32	TH0F	sp78	0x200	0x0	Drive 0 OOBv3 relative filtered temp Max (DegC) (TH0F)
J52	temp	33	TH0R	sp78	0x200	0x0	Drive 0 OOBv3 relative cooked temp Max (DegC) (TH0R)
J52	temp	34	Ts0S	sp78	0x200	0x0	Synthetic bottom skin (DegC) (Ts0S)
J52	temp	35	Ts1S	sp78	0x200	0x0	Synthetic top skin (DegC) (Ts1S)
J52	temp	220	F0Ac	fpe2	0x200	0x0	Fan0 Actual RPM(F0Ac)
J52	temp	239	PSTR	sp78	0x200	0x0	System Total Power Consumed (Delayed 1 Second) (Watts) (PSTR)
J52	temp	240	B0FC	ui16	0x200	0x0	Battery full charge capacity. (mAh) (B0FC)
J52	temp	241	B0RM	ui16	0x200	0x0	Battery remain capacity. (mAh) (B0RM)
J52	temp	242	CHBI	ui16	0x200	0x0	Battery charge current. (mAh) (CHBI)
J52	temp	243	B0AC	si16	0x200	0x0	Battery Actual current. (A) (B0AC)
J52	temp	244	B0AV	ui16	0x200	0x0	Battery Actual Voltage. (V) (B0AV)
J90	power	1	IC0C	sp87	0x200	0x0	CPU Core low side current (Amps) (IC0C)
J90	power	2	IC0S	sp5a	0x200	0x0	CPU VSA low side current (Amps) (IC0S)
J90	power	3	ICTR	sp5a	0x200	0x0	CPU Riser 12V high side current (Amps) (ICTR)
J90	power	4	IG0C	sp87	0x200	0x0	GPU A Core low side current (Amps) (IG0C)
J90	power	5	IG0R	sp5a	0x200	0x0	GFX A Riser 12V high side current (Amps) (IG0R)
J90	power	6	IG0S	sp5a	0x200	0x0	GPU A VDDCI low side current (Amps) (IG0S)
J90	power	7	IG1C	sp87	0x200	0x0	GPU B Core low side current (Amps) (IG1C)
J90	power	8	IG1R	sp5a	0x200	0x0	GFX B Riser 12V high side current (Amps) (IG1R)
J90	power	9	IG1S	sp5a	0x200	0x0	GPU B VDDCI low side current (Amps) (IG1S)
J90	power	10	IH0R	sp2d	0x200	0x0	SSD 3V3 low side current (Amps) (IH0R)
J90	power	11	II0R	sp5a	0x200	0x0	I/O Board 12V high side current (Amps) (II0R)
J90	power	12	IMTR	sp3c	0x200	0x0	Memory 1V5 high side current (Amps) (IMTR)
J90	power	13	PC0C	spa5	0x200	0x0	CPU Core low side power (Watts) (PC0C)
J90	power	14	PC0S	spa5	0x200	0x0	CPU VSA low side power (Watts) (PC0S)
J90	power	15	PCTR	spa5	0x200	0x0	CPU Riser total power (Watts) (PCTR)
J90	power	16	PD2R	spa5	0x200	0x0	Power Supply 12V power (Watts) (PD2R)
J90	power	17	PG0C	spa5	0x200	0x0	GPU A Core low side power (Watts) (PG0C)
J90	power	18	PG0R	spa5	0x200	0x0	GFX A total power (Watts) (PG0R)
J90	power	19	PG0S	spa5	0x200	0x0	GPU A VDDCI low side power (Watts) (PG0S)
J90	power	20	PG1C	spa5	0x200	0x0	GPU B Core low side power (Watts) (PG1C)
J90	power	21	PG1R	spa5	0x200	0x0	GFX B total power (Watts) (PG1R)
J90	power	22	PG1S	spa5	0x200	0x0	GPU B VDDCI low side power (Watts) (PG1S)
J90	power	23	PGTR	spa5	0x200	0x0	GPU total high-side power (PG0R + PG1R) (Watts) (PGTR)
J90	power	24	PH0R	spa5	0x200	0x0	SSD 3V3 low side power (Watts) (PH0R)
J90	power	25	PI0R	spa5	0x200	0x0	I/O Board total power (Watts) (PI0R)
J90	power	26	PMTR	spa5	0x200	0x0	Memory total power (Watts) (PMTR)
J90	power	27	PZ0G	spa5	0x200	0x0	Zone 0 average power (Watts) (PZ0G)
J90	power	28	VC0C	sp1e	0x200	0x0	CPU Core low side voltage (Volts) (VC0C)
J90	power	29	VC0S	sp1e	0x200	0x0	CPU VSA low side voltage (Volts) (VC0S)
J90	power	30	VD2R	sp4b	0x200	0x0	Power Supply 12V voltage (Volts) (VD2R)
J90	power	31	VG0C	sp1e	0x200	0x0	GPU A Core low side voltage (Volts) (VG0C)
J90	power	32	VG0S	sp1e	0x200	0x0	GPU A VDDCI low side voltage (Volts) (VG0S)
J90	power	33	VG1C	sp1e	0x200	0x0	GPU B Core low side voltage (Volts) (VG1C)
J90	power	34	VG1S	sp1e	0x200	0x0	GPU B VDDCI low side voltage (Volts) (VG1S)
J90	power	35	VH0R	sp2d	0x200	0x0	SSD 3V3 low side voltage (Volts) (VH0R)
J90	power	220	PZ0F	flt 	0x400	0x0	Zone 0 Filtered Power (PZ0F)
J90	power	221	PZ0E	flt 	0x400	0x0	Zone 0 Target Power (PZ0E)
J90	power	222	PZ0T	ui16	0x200	0x0	Zone 0 Abstract Throttle (PZ0T)
J90	power	223	PZ1F	flt 	0x400	0x0	Zone 1 Filtered Power (PZ1F)
J90	power	224	PZ1E	flt 	0x400	0x0	Zone 1 Target Power (PZ1E)
J90	power	225	PZ1T	ui16	0x200	0x0	Zone 1 Abstract Throttle (PZ1T)
J90	power	226	PZ2F	flt 	0x400	0x0	Zone 2 Filtered Power (PZ2F)
J90	power	227	PZ2E	flt 	0x400	0x0	Zone 2 Target Power (PZ2E)
J90	power	228	PZ2T	ui16	0x200	0x0	Zone 2 Abstract Throttle (PZ2T)
J90	power	229	PZ3F	flt 	0x400	0x0	Zone 3 Filtered Power (PZ3F)
J90	power	230	PZ3E	flt 	0x400	0x0	Zone 3 Target Power (PZ3E)
J90	power	231	PZ3T	ui16	0x200	0x0	Zone 3 Abstract Throttle (PZ3T)
J90	power	232	PZ4F	flt 	0x400	0x0	Zone 4 Filtered Power (PZ4F)
J90	power	233	PZ4E	flt 	0x400	0x0	Zone 4 Target Power (PZ4E)
J90	power	234	PZ4T	ui16	0x200	0x0	Zone 4 Abstract Throttle (PZ4T)
J90	power	235	PZ5F	flt 	0x400	0x0	Zone 5 Filtered Power (PZ5F)
J90	power	236	PZ5E	flt 	0x400	0x0	Zone 5 Target Power (PZ5E)
J90	power	237	PZ5T	ui16	0x200	0x0	Zone 5 Abstract Throttle (PZ5T)
J90	power	240	MSTc	ui8 	0x100	0x0	CPU Plimit (MSTc)
J90	power	241	MSTg	ui8 	0x100	0x0	GPU Plimit (MSTg)
J90	power	242	MSTm	ui8 	0x100	0x0	MEM Plimit (MSTm)
J90	power	243	MSTi	ui8 	0x100	0x0	2nd GPU Plimit (MSTi)
J90	power	244	MSTf	ui8 	0x100	0x0	Forced Idle Limit (MSTf)
J90	temp	1	TA0p	sp78	0x200	0x0	Ambient raw temp (DegC) (TA0p)
J90	temp	2	PCPC	spa5	0x200	0x0	CPU package core power (PECI) (Watts) (PCPC)
J90	temp	3	PCPT	spa5	0x200	0x0	CPU package total power (PECI) (Watts) (PCPT)
J90	temp	4	TA0P	sp78	0x200	0x0	Ambient cooked temp 0 (DegC) (TA0P)
J90	temp	5	TA1P	sp78	0x200	0x0	Ambient cooked temp 1 (DegC) (TA1P)
J90	temp	6	TA2P	sp78	0x200	0x0	Ambient cooked temp 2 (DegC) (TA2P)
J90	temp	7	TC0E	sp78	0x200	0x0	CPU PECI Die filtered temp (DegC) (TC0E)
J90	temp	8	TC0F	sp78	0x200	0x0	CPU PECI Die filtered and adjusted temp for fan/power control (DegC) (TC0F)
J90	temp	9	TC0J	sp78	0x200	0x0	CPU PECI Die temp max error used in TC0F=TC0E+ (DegC) (TC0J)
J90	temp	10	TC0L	ui16	0x200	0x0	CPU PECI Die dynamic filter coeff (Seconds) (TC0L)
J90	temp	11	TC0P	sp78	0x200	0x0	CPU Proximity cooked temp (DegC) (TC0P)
J90	temp	12	TC0T	sp78	0x200	0x0	CPU PECI Die temp Trend (DegC) (TC0T)
J90	temp	13	TC1P	sp78	0x200	0x0	CPU VR Proximity cooked temp (DegC) (TC1P)
J90	temp	14	TCXR	sp78	0x200	0x0	CPU Max Package Core relative cooked temp (PECI) (DegC) (TCXR)
J90	temp	15	TG0D	sp78	0x200	0x0	GPU A Die cooked temp (DegC) (TG0D)
J90	temp	16	TG0P	sp78	0x200	0x0	GPU A Proximity cooked temp (DegC) (TG0P)
J90	temp	17	TG1D	sp78	0x200	0x0	GPU B Die cooked temp (DegC) (TG1D)
J90	temp	18	TG1P	sp78	0x200	0x0	GPU A VRAM Proximity cooked temp (DegC) (TG1P)
J90	temp	19	TG2P	sp78	0x200	0x0	GPU A VR Proximity cooked temp (DegC) (TG2P)
J90	temp	20	TG3P	sp78	0x200	0x0	GPU B Proximity cooked temp (DegC) (TG3P)
J90	temp	21	TG4P	sp78	0x200	0x0	GPU B VRAM Proximity cooked temp (DegC) (TG4P)
J90	temp	22	TG5P	sp78	0x200	0x0	GPU B VR Proximity cooked temp (DegC) (TG5P)
J90	temp	23	TH0A	sp78	0x200	0x0	Drive OOBv3 absolute cooked temp A (DegC) (TH0A)
J90	temp	24	TH0B	sp78	0x200	0x0	Drive OOBv3 absolute cooked temp B (DegC) (TH0B)
J90	temp	25	TH0C	sp78	0x200	0x0	Drive OOBv3 absolute cooked temp C (DegC) (TH0C)
J90	temp	26	TH0F	sp78	0x200	0x0	Drive OOBv3 relative filtered temp Max (DegC) (TH0F)
J90	temp	27	TH0R	sp78	0x200	0x0	Drive 0 OOBv3 relative cooked temp Max (DegC) (TH0R)
J90	temp	28	TI0P	sp78	0x200	0x0	I/O Board Proximity cooked temp (DegC) (TI0P)
J90	temp	29	TI0T	sp78	0x200	0x0	Thunderbolt Proximity cooked temp (DegC) (TI0T)
J90	temp	30	TI1P	sp78	0x200	0x0	5V/3V3 VR Proximity cooked temp (DegC) (TI1P)
J90	temp	31	TM0D	sp78	0x200	0x0	DIMM 0 PECI cooked temp (DegC) (TM0D)
J90	temp	32	TM0P	sp78	0x200	0x0	DIMM 0/1 Top Proximity cooked temp (DegC) (TM0P)
J90	temp	33	TM1D	sp78	0x200	0x0	DIMM 1 PECI cooked temp (DegC) (TM1D)
J90	temp	34	TM1P	sp78	0x200	0x0	DIMM 2/3 Top Proximity cooked temp (DegC) (TM1P)
J90	temp	35	TM2D	sp78	0x200	0x0	DIMM 2 PECI cooked temp (DegC) (TM2D)
J90	temp	36	TM2P	sp78	0x200	0x0	DIMM 0/1 VR Proximity cooked temp (DegC) (TM2P)
J90	temp	37	TM3D	sp78	0x200	0x0	DIMM 3 PECI cooked temp (DegC) (TM3D)
J90	temp	38	TM3P	sp78	0x200	0x0	DIMM 2/3 VR Proximity cooked temp (DegC) (TM3P)
J90	temp	39	TMXD	sp78	0x200	0x0	DIMM max cooked temp (DegC) (TMXD)
J90	temp	40	TMXP	sp78	0x200	0x0	DIMM Proximity max cooked temp (DegC) (TMXP)
J90	temp	41	TPCD	sp78	0x200	0x0	PCH Die cooked temp (DegC) (TPCD)
J90	temp	42	Te0T	sp78	0x200	0x0	Te0T
J90	temp	43	Tm0P	sp78	0x200	0x0	MLB Proximity 0 cooked temp (DegC) (Tm0P)
J90	temp	44	Tp0T	sp78	0x200	0x0	PSU Secondary H/S Diode cooked temp (DegC) (Tp0T)
J90	temp	220	F0Ac	fpe2	0x200	0x0	Fan0 Actual RPM(F0Ac)
J90	temp	239	PSTR	spa5	0x200	0x0	System Total Power Consumed (Delayed 1 Second) (Watts) (PSTR)
J16	power	1	IC0C	sp78	0x200	0x0	CPU Core load-side current (Amps) (IC0C)
J16	power	2	IC0M	sp5a	0x200	0x0	CPU Mem  load-side current (Amps) (IC0M)
J16	power	3	ID2R	sp69	0x200	0x0	Power Supply 12V current (Amps) (ID2R)
J16	power	4	IH05	sp2d	0x200	0x0	Drive 0 5V   load-side current (Amps) (IH05)
J16	power	5	IH1R	sp3c	0x200	0x0	Drive 1 3.3V load-side current (Amps) (IH1R)
J16	power	6	IM0R	sp5a	0x200	0x0	DIMM load-side current (Amps) (IM0R)
J16	power	7	IW0R	sp3c	0x200	0x0	Wifi load-side current (Amps) (IW0R)
J16	power	8	PC0C	sp96	0x200	0x0	CPU Core load-side power (Watts) (PC0C)
J16	power	9	PC0M	sp96	0x200	0x0	CPU Mem  load-side power (Watts) (PC0M)
J16	power	10	PCPR	sp96	0x200	0x0	CPU package total power (SMC) (PCPR)
J16	power	11	PCTR	sp96	0x200	0x0	CPU total equivalent input-side power (PCTR)
J16	power	12	PD2R	sp96	0x200	0x0	Power Supply 12V power (Watts) (PD2R)
J16	power	13	PH0R	sp96	0x200	0x0	Drive 0 total (5V) load-side power (Watts) (PH0R)
J16	power	14	PH1R	sp96	0x200	0x0	Drive 1 load-side power (Watts) (PH1R)
J16	power	15	PM0R	sp96	0x200	0x0	DIMM load-side power (Watts) (PM0R)
J16	power	16	PW0R	sp96	0x200	0x0	Wifi load-side power (Watts) (PW0R)
J16	power	17	PZ0G	sp96	0x200	0x0	Zone 0 average power (Watts) (PZ0G)
J16	power	18	PZ4G	sp96	0x200	0x0	Zone 4 average power (Watts) (PZ4G)
J16	power	19	VC0C	sp2d	0x200	0x0	CPU Core load-side voltage (Volts) (VC0C)
J16	power	20	VC0M	sp2d	0x200	0x0	CPU Mem  load-side voltage (Volts) (VC0M)
J16	power	21	VD2R	sp4b	0x200	0x0	Power Supply 12V voltage (Volts) (VD2R)
J16	power	22	VH05	sp3c	0x200	0x0	Drive 0 5V load-side voltage (Volts) (VH05)
J16	power	23	VM0R	sp2d	0x200	0x0	DIMM load-side voltage (Volts) (VM0R)
J16	power	24	VR1R	sp2d	0x200	0x0	PCH/GPU/TBT load-side voltage (Volts) (VR1R)
J16	power	25	VR3R	sp3c	0x200	0x0	3.3V S5 load-side voltage (Volts) (VR3R)
J16	power	220	PZ0F	flt 	0x400	0x0	Zone 0 Filtered Power (PZ0F)
J16	power	221	PZ0E	flt 	0x400	0x0	Zone 0 Target Power (PZ0E)
J16	power	222	PZ0T	flt 	0x400	0x0	Zone 0 Abstract Throttle (PZ0T)
J16	power	223	PZ5F	flt 	0x400	0x0	Zone 5 Filtered Power (PZ5F)
J16	power	224	PZ5E	flt 	0x400	0x0	Zone 5 Target Power (PZ5E)
J16	power	225	PZ5T	flt 	0x400	0x0	Zone 5 Abstract Throttle (PZ5T)
J16	power	240	MSTc	ui8 	0x100	0x0	CPU Plimit (MSTc)
J16	power	241	MSTg	ui8 	0x100	0x0	GPU Plimit (MSTg)
J16	power	242	MSTm	ui8 	0x100	0x0	MEM Plimit (MSTm)
J16	power	244	MSTf	ui8 	0x100	0x0	Forced Idle Limit (MSTf)
J16	temp	1	TA0p	sp78	0x200	0x0	Ambient raw temp (DegC) (TA0p)
J16	temp	2	Tb0p	sp78	0x200	0x0	Backlight Controller proximity raw temp (DegC) (Tb0p)
J16	temp	3	TC0p	sp78	0x200	0x0	CPU Proximity raw temp (DegC) (TC0p)
J16	temp	4	TCXc	sp78	0x200	0x0	CPU Max Package Core absolute raw temp (PECI) (DegC) (TCXc)
J16	temp	5	TCXr	sp78	0x200	0x0	CPU Max Package Core relative raw temp (PECI) (DegC) (TCXr)
J16	temp	6	TH0a	sp78	0x200	0x0	Drive 0 OOBv3 absolute raw temp A (DegC) (TH0a)
J16	temp	7	TH0b	sp78	0x200	0x0	Drive 0 OOBv3 absolute raw temp B (DegC) (TH0b)
J16	temp	8	TH0c	sp78	0x200	0x0	Drive 0 OOBv3 absolute raw temp C (DegC) (TH0c)
J16	temp	9	TH0o	ui16	0x200	0x0	Drive 0 OOBv1 raw bit-mapped temp (TH0o)
J16	temp	10	TH1a	sp78	0x200	0x0	Drive 1 OOBv3 absolute raw temp A (DegC) (TH1a)
J16	temp	11	TH1b	sp78	0x200	0x0	Drive 1 OOBv3 absolute raw temp B (DegC) (TH1b)
J16	temp	12	TH1c	sp78	0x200	0x0	Drive 1 OOBv3 absolute raw temp C (DegC) (TH1c)
J16	temp	13	TH1o	ui16	0x200	0x0	Drive 1 OOBv1 raw bit-mapped temp (TH1o)
J16	temp	14	TL0p	sp78	0x200	0x0	LCD unfiltered front-of-screen raw temp (DegC) (TL0p)
J16	temp	15	TL1p	sp78	0x200	0x0	LCD TCON Proximity raw temp (DegC) (TL1p)
J16	temp	16	TL2p	sp87	0x200	0x0	LCD IR target hotspot calculated temp (DegC) (TL2p)
J16	temp	17	TL3p	spa5	0x200	0x0	LCD IR temp sensor die raw temp (DegC) (TL3p)
J16	temp	18	TM0p	sp78	0x200	0x0	DIMM 0 Proximity raw temp (DegC) (TM0p)
J16	temp	19	Tm0p	sp78	0x200	0x0	MLB Proximity 0 raw    temp (Tm0p)
J16	temp	20	Tm1p	sp78	0x200	0x0	MLB Proximity 1 raw    temp (Tm1p)
J16	temp	21	Tm2p	sp78	0x200	0x0	MLB Proximity 2 raw    temp (Tm2p)
J16	temp	22	Tp2h	sp78	0x200	0x0	Power Supply T2 Secondary Heatsink raw temp (DegC) (Tp2h)
J16	temp	23	VL3t	si16	0x200	0x0	LCD IR temp sensor voltage (Raw Register) (VL3t)
J16	temp	24	PCPC	sp96	0x200	0x0	CPU package core power (PECI) (Watts) (PCPC)
J16	temp	25	PCPG	sp96	0x200	0x0	CPU package Gfx power (PECI) (Watts) (PCPG)
J16	temp	26	PCPT	sp96	0x200	0x0	CPU package total power (PECI) (Watts) (PCPT)
J16	temp	27	PH0F	sp78	0x200	0x0	Drive 0 total (5V) filtered load-side power * 2 (Watts) (PH0F)
J16	temp	28	PH1F	sp78	0x200	0x0	Drive 1 filtered load-side power * 3 (Watts) (PH1F)
J16	temp	29	TA0P	sp78	0x200	0x0	Ambient cooked temp (DegC) (TA0P)
J16	temp	30	TA0V	sp78	0x200	0x0	Ambient virtual temp (DegC) (TA0V)
J16	temp	31	TC0E	sp78	0x200	0x0	CPU PECI Die filtered temp (DegC) (TC0E)
J16	temp	32	TC0F	sp78	0x200	0x0	CPU PECI Die filtered and adjusted temp for fan/power control (DegC) (TC0F)
J16	temp	33	TH0F	sp78	0x200	0x0	Drive 0 OOBv3 relative filtered temp Max (DegC) (TH0F)
J16	temp	34	TH0O	sp78	0x200	0x0	Drive 0 OOBv1 mapped temp (DegC) (TH0O)
J16	temp	35	TH0P	sp78	0x200	0x0	Drive 0 OOBv1 filtered temp (DegC) (TH0P)
J16	temp	36	TH0R	sp78	0x200	0x0	Drive 0 OOBv3 relative cooked temp Max (DegC) (TH0R)
J16	temp	37	TH1F	sp78	0x200	0x0	Drive 1 OOBv3 relative filtered temp Max (DegC) (TH1F)
J16	temp	38	TH1O	sp78	0x200	0x0	Drive 1 OOBv1 mapped temp (DegC) (TH1O)
J16	temp	39	TH1P	sp78	0x200	0x0	Drive 1 OOBv1 filtered temp (DegC) (TH1P)
J16	temp	40	TH1R	sp78	0x200	0x0	Drive 1 OOBv3 relative cooked temp Max (DegC) (TH1R)
J16	temp	41	TL1V	sp78	0x200	0x0	LCD TL1v-filtered center front-of-screen temp for color compensation (DegC) (TL1V)
J16	temp	42	TL1v	sp78	0x200	0x0	LCD filtered center front-of-screen temp that feeds TL1V (DegC) (TL1v)
J16	temp	43	TM0V	sp78	0x200	0x0	DIMM virtual temp (DegC) (TM0V)
J16	temp	44	TMXP	sp78	0x200	0x0	DIMM Proximity max cooked temp (DegC) (TMXP)
J16	temp	45	TPCD	sp78	0x200	0x0	PCH Die cooked temp (DegC) (TPCD)
J16	temp	46	Tp2F	sp78	0x200	0x0	Power Supply T2 Secondary Heatsink filtered temp (DegC) (Tp2F)
J16	temp	47	Tp2H	sp78	0x200	0x0	Power Supply T2 Secondary Heatsink cooked temp (DegC) (Tp2H)
J16	temp	48	TS0V	sp78	0x200	0x0	Skin 0 virtual temp (DegC) (TS0V)
J16	temp	220	F0Ac	fpe2	0x200	0x0	Fan0 Actual RPM(F0Ac)
J16	temp	239	PSTR	sp96	0x200	0x0	System Total Power Consumed (Delayed 1 Second) (Watts) (PSTR)
J17	power	1	IC0C	sp78	0x200	0x0	CPU Core load-side current (Amps) (IC0C)
J17	power	2	IC0M	sp5a	0x200	0x0	CPU Mem  load-side current (Amps) (IC0M)
J17	power	3	ID2R	sp69	0x200	0x0	Power Supply 12V current (Amps) (ID2R)
J17	power	4	IG0C	sp87	0x200	0x0	GPU Core  load-side current (Amps) (IG0C)
J17	power	5	IG0F	sp3c	0x200	0x0	GPU FB   input-side current (Amps) (IG0F)
J17	power	6	IG1C	sp4b	0x200	0x0	GPU Core input-side current (Amps) (IG1C)
J17	power	7	IH05	sp2d	0x200	0x0	Drive 0 5V   load-side current (Amps) (IH05)
J17	power	8	IH02	sp3c	0x200	0x0	Drive 0 12V load-side current (Amps) (IH02)
J17	power	9	IH1R	sp3c	0x200	0x0	Drive 1 3.3V load-side current (Amps) (IH1R)
J17	power	10	IM0R	sp5a	0x200	0x0	DIMM load-side current (Amps) (IM0R)
J17	power	11	IW0R	sp3c	0x200	0x0	Wifi load-side current (Amps) (IW0R)
J17	power	12	PC0C	sp96	0x200	0x0	CPU Core load-side power (Watts) (PC0C)
J17	power	13	PC0M	sp96	0x200	0x0	CPU Mem  load-side power (Watts) (PC0M)
J17	power	14	PCPR	sp96	0x200	0x0	CPU package total power (SMC) (PCPR)
J17	power	15	PCTR	sp96	0x200	0x0	CPU total equivalent input-side power (PCTR)
J17	power	16	PD2R	sp96	0x200	0x0	Power Supply 12V power (Watts) (PD2R)
J17	power	17	PG0C	sp96	0x200	0x0	GPU Core       load-side power (Watts) (PG0C)
J17	power	18	PG0F	sp96	0x200	0x0	GPU Frame Buf input-side power (Watts) (PG0F)
J17	power	19	PG1C	sp96	0x200	0x0	GPU Core      input-side power (Watts) (PG1C)
J17	power	20	PGPR	sp96	0x200	0x0	GPU package total power (SMC) (PGPR)
J17	power	21	PGTR	sp96	0x200	0x0	GPU total equivalent high-side power (PGTR)
J17	power	22	PH05	sp96	0x200	0x0	Drive 0 5V load-side power (Watts) (PH05)
J17	power	23	PH02	sp96	0x200	0x0	Drive 0 12V load-side power (Watts) (PH02)
J17	power	24	PH0R	sp96	0x200	0x0	Drive 0 total load-side power (PH02 + PH05) (Watts) (PH0R)
J17	power	25	PH1R	sp96	0x200	0x0	Drive 1 load-side power (Watts) (PH1R)
J17	power	26	PM0R	sp96	0x200	0x0	DIMM load-side power (Watts) (PM0R)
J17	power	27	PW0R	sp96	0x200	0x0	Wifi load-side power (Watts) (PW0R)
J17	power	28	PZ0G	sp96	0x200	0x0	Zone 0 average power (Watts) (PZ0G)
J17	power	29	PZ1G	sp96	0x200	0x0	Zone 1 average power (Watts) (PZ1G)
J17	power	30	PZ2G	sp96	0x200	0x0	Zone 2 average power (Watts) (PZ2G)
J17	power	31	PZ3G	sp96	0x200	0x0	Zone 3 average power (Watts) (PZ3G)
J17	power	32	PZ4G	sp96	0x200	0x0	Zone 4 average power (Watts) (PZ4G)
J17	power	33	VC0C	sp2d	0x200	0x0	CPU Core load-side voltage (Volts) (VC0C)
J17	power	34	VC0M	sp2d	0x200	0x0	CPU Mem  load-side voltage (Volts) (VC0M)
J17	power	35	VD2R	sp4b	0x200	0x0	Power Supply 12V voltage (Volts) (VD2R)
J17	power	36	VG0C	sp2d	0x200	0x0	GPU Core  load-side voltage (Volts) (VG0C)
J17	power	37	VG0F	sp4b	0x200	0x0	GPU Frame Buffer input-side voltage (Volts) (VG0F)
J17	power	38	VG1C	sp4b	0x200	0x0	GPU Core input-side voltage (Volts) (VG1C)
J17	power	39	VH05	sp3c	0x200	0x0	Drive 0 5V load-side voltage (Volts) (VH05)
J17	power	40	VM0R	sp2d	0x200	0x0	DIMM load-side voltage (Volts) (VM0R)
J17	power	41	VR1R	sp2d	0x200	0x0	PCH/GPU/TBT load-side voltage (Volts) (VR1R)
J17	power	42	VR3R	sp3c	0x200	0x0	3.3V S5 load-side voltage (Volts) (VR3R)
J17	power	220	PZ0F	flt 	0x400	0x0	Zone 0 Filtered Power (PZ0F)
J17	power	221	PZ0E	flt 	0x400	0x0	Zone 0 Target Power (PZ0E)
J17	power	222	PZ0T	flt 	0x400	0x0	Zone 0 Abstract Throttle (PZ0T)
J17	power	223	PZ1F	flt 	0x400	0x0	Zone 1 Filtered Power (PZ1F)
J17	power	224	PZ1E	flt 	0x400	0x0	Zone 1 Target Power (PZ1E)
J17	power	225	PZ1T	flt 	0x400	0x0	Zone 1 Abstract Throttle (PZ1T)
J17	power	226	PZ2F	flt 	0x400	0x0	Zone 2 Filtered Power (PZ2F)
J17	power	227	PZ2E	flt 	0x400	0x0	Zone 2 Target Power (PZ2E)
J17	power	228	PZ2T	flt 	0x400	0x0	Zone 2 Abstract Throttle (PZ2T)
J17	power	229	PZ3F	flt 	0x400	0x0	Zone 3 Filtered Power (PZ3F)
J17	power	230	PZ3E	flt 	0x400	0x0	Zone 3 Target Power (PZ3E)
J17	power	231	PZ3T	flt 	0x400	0x0	Zone 3 Abstract Throttle (PZ3T)
J17	power	232	PZ4F	flt 	0x400	0x0	Zone 4 Filtered Power (PZ4F)
J17	power	233	PZ4E	flt 	0x400	0x0	Zone 4 Target Power (PZ4E)
J17	power	234	PZ4T	flt 	0x400	0x0	Zone 4 Abstract Throttle (PZ4T)
J17	power	235	PZ5F	flt 	0x400	0x0	Zone 5 Filtered Power (PZ5F)
J17	power	236	PZ5E	flt 	0x400	0x0	Zone 5 Target Power (PZ5E)
J17	power	237	PZ5T	flt 	0x400	0x0	Zone 5 Abstract Throttle (PZ5T)
J17	power	240	MSTc	ui8 	0x100	0x0	CPU Plimit (MSTc)
J17	power	241	MSTg	ui8 	0x100	0x0	GPU Plimit (MSTg)
J17	power	242	MSTm	ui8 	0x100	0x0	MEM Plimit (MSTm)
J17	power	243	MSTi	ui8 	0x100	0x0	2nd GPU Plimit (MSTi)
J17	power	244	MSTf	ui8 	0x100	0x0	Forced Idle Limit (MSTf)
J17	temp	1	TA0p	sp78	0x200	0x0	Ambient raw temp (DegC) (TA0p)
J17	temp	2	Tb0p	sp78	0x200	0x0	Backlight Controller proximity raw temp (DegC) (Tb0p)
J17	temp	3	TC0p	sp78	0x200	0x0	CPU Proximity raw temp (DegC) (TC0p)
J17	temp	4	TCXc	sp78	0x200	0x0	CPU Max Package Core absolute raw temp (PECI) (DegC) (TCXc)
J17	temp	5	TCXr	sp78	0x200	0x0	CPU Max Package Core relative raw temp (PECI) (DegC) (TCXr)
J17	temp	6	TG0p	sp78	0x200	0x0	GPU 0 Proximity raw temp (DegC) (TG0p)
J17	temp	7	TH0a	sp78	0x200	0x0	Drive 0 OOBv3 absolute raw temp A (DegC) (TH0a)
J17	temp	8	TH0b	sp78	0x200	0x0	Drive 0 OOBv3 absolute raw temp B (DegC) (TH0b)
J17	temp	9	TH0c	sp78	0x200	0x0	Drive 0 OOBv3 absolute raw temp C (DegC) (TH0c)
J17	temp	10	TH0e	sp78	0x200	0x0	Drive 0 temp sensor existence used for TM0V (0) = present (TH0e)
J17	temp	11	TH0o	ui16	0x200	0x0	Drive 0 OOBv1 raw bit-mapped temp (TH0o)
J17	temp	12	TH1a	sp78	0x200	0x0	Drive 1 OOBv3 absolute raw temp A (DegC) (TH1a)
J17	temp	13	TH1b	sp78	0x200	0x0	Drive 1 OOBv3 absolute raw temp B (DegC) (TH1b)
J17	temp	14	TH1c	sp78	0x200	0x0	Drive 1 OOBv3 absolute raw temp C (DegC) (TH1c)
J17	temp	15	TH1o	ui16	0x200	0x0	Drive 1 OOBv1 raw bit-mapped temp (TH1o)
J17	temp	16	TL0p	sp78	0x200	0x0	LCD unfiltered front-of-screen raw temp (DegC) (TL0p)
J17	temp	17	TL1p	sp78	0x200	0x0	LCD TCON Proximity raw temp (DegC) (TL1p)
J17	temp	18	TL2p	sp87	0x200	0x0	LCD IR target hotspot calculated temp (DegC) (TL2p)
J17	temp	19	TL3p	spa5	0x200	0x0	LCD IR temp sensor die raw temp (DegC) (TL3p)
J17	temp	20	TM0p	sp78	0x200	0x0	DIMM 0 Proximity raw temp (DegC) (TM0p)
J17	temp	21	TM1p	sp78	0x200	0x0	DIMM 1 Proximity raw temp (DegC) (TM1p)
J17	temp	22	TM2p	sp78	0x200	0x0	DIMM 2 Proximity raw temp (DegC) (TM2p)
J17	temp	23	TM3p	sp78	0x200	0x0	DIMM 3 Proximity raw temp (DegC) (TM3p)
J17	temp	24	TS0p	sp78	0x200	0x0	Skin 0 raw temp (DegC) (TS0p)
J17	temp	25	Tm0p	sp78	0x200	0x0	MLB Proximity 0 raw temp (DegC) (Tm0p)
J17	temp	26	Tm1p	sp78	0x200	0x0	MLB Proximity 1 raw temp (DegC) (Tm1p)
J17	temp	27	Tp2h	sp78	0x200	0x0	Power Supply T2 Secondary Heatsink raw temp (DegC) (Tp2h)
J17	temp	28	VL3t	si16	0x200	0x0	LCD IR temp sensor voltage (Raw Register) (VL3t)
J17	temp	29	PCPC	sp96	0x200	0x0	CPU package core power (PECI) (Watts) (PCPC)
J17	temp	30	PCPG	sp96	0x200	0x0	CPU package Gfx power (PECI) (Watts) (PCPG)
J17	temp	31	PCPT	sp96	0x200	0x0	CPU package total power (PECI) (Watts) (PCPT)
J17	temp	32	PH0F	sp78	0x200	0x0	Drive 0 filtered total load-side power (PH02 + PH05) * 2 (Watts) (PH0F)
J17	temp	33	PH1F	sp78	0x200	0x0	Drive 1 filtered load-side power * 3 (Watts) (PH1F)
J17	temp	34	TA0P	sp78	0x200	0x0	Ambient cooked temp (DegC) (TA0P)
J17	temp	35	TA0V	sp78	0x200	0x0	Ambient virtual temp (DegC) (TA0V)
J17	temp	36	TC0E	sp78	0x200	0x0	CPU PECI Die filtered temp (DegC) (TC0E)
J17	temp	37	TC0F	sp78	0x200	0x0	CPU PECI Die filtered and adjusted temp for fan/power control (DegC) (TC0F)
J17	temp	38	TG0D	sp78	0x200	0x0	GPU 0 Die cooked temp (DegC) (TG0D)
J17	temp	39	TG0E	sp78	0x200	0x0	GPU 0 Die filtered temp (DegC) (TG0E)
J17	temp	40	TG0F	sp78	0x200	0x0	GPU 0 Die filtered and adjusted temp for fan/power control (DegC) (TG0F)
J17	temp	41	TH0F	sp78	0x200	0x0	Drive 0 OOBv3 relative filtered temp Max (DegC) (TH0F)
J17	temp	42	TH0O	sp78	0x200	0x0	Drive 0 OOBv1 mapped temp (DegC) (TH0O)
J17	temp	43	TH0P	sp78	0x200	0x0	Drive 0 OOBv1 filtered temp (DegC) (TH0P)
J17	temp	44	TH0R	sp78	0x200	0x0	Drive 0 OOBv3 relative cooked temp Max (DegC) (TH0R)
J17	temp	45	TH1F	sp78	0x200	0x0	Drive 1 OOBv3 relative filtered temp Max (DegC) (TH1F)
J17	temp	46	TH1P	sp78	0x200	0x0	Drive 1 OOBv1 filtered temp (DegC) (TH1P)
J17	temp	47	TH1R	sp78	0x200	0x0	Drive 1 OOBv3 relative cooked temp Max (DegC) (TH1R)
J17	temp	48	TL0V	sp78	0x200	0x0	LCD filtered front-of-screen hotspot virtual temp (DegC) (TL0V)
J17	temp	49	TL1V	sp78	0x200	0x0	LCD TL1v-filtered center front-of-screen temp for color compensation (DegC) (TL1V)
J17	temp	50	TL1v	sp78	0x200	0x0	LCD filtered center front-of-screen temp that feeds TL1V (DegC) (TL1v)
J17	temp	51	TM0V	sp78	0x200	0x0	DIMM virtual temp (DegC) (TM0V)
J17	temp	52	TMXP	sp78	0x200	0x0	DIMM Proximity max cooked temp (DegC) (TMXP)
J17	temp	53	TPCD	sp78	0x200	0x0	PCH Die cooked temp (DegC) (TPCD)
J17	temp	54	Tp2F	sp78	0x200	0x0	Power Supply T2 Secondary Heatsink filtered temp (DegC) (Tp2F)
J17	temp	55	Tp2H	sp78	0x200	0x0	Power Supply T2 Secondary Heatsink cooked temp (DegC) (Tp2H)
J17	temp	56	TS0V	sp78	0x200	0x0	Skin 0 virtual temp (DegC) (TS0V)
J17	temp	220	F0Ac	fpe2	0x200	0x0	Fan0 Actual RPM(F0Ac)
J17	temp	239	PSTR	sp96	0x200	0x0	System Total Power Consumed (Delayed 1 Second) (Watts) (PSTR)
J16G	power	1	VD2R	sp4b	0x200	0x0	Power Supply 12V voltage (Volts) (VD2R)
J16G	power	2	ID2R	sp69	0x200	0x0	Power Supply 12V current (Amps) (ID2R)
J16G	power	3	VG1C	sp4b	0x200	0x0	GPU Core input-side voltage (Volts) (VG1C)
J16G	power	4	IG1C	sp4b	0x200	0x0	GPU Core input-side current (Amps) (IG1C)
J16G	power	5	VC0M	sp2d	0x200	0x0	CPU Mem  load-side voltage (Volts) (VC0M)
J16G	power	6	IC0M	sp5a	0x200	0x0	CPU Mem  load-side current (Amps) (IC0M)
J16G	power	7	VM0R	sp2d	0x200	0x0	DIMM load-side voltage (Volts) (VM0R)
J16G	power	8	IM0R	sp5a	0x200	0x0	DIMM load-side current (Amps) (IM0R)
J16G	power	9	VG0F	sp4b	0x200	0x0	GPU Frame Buffer input-side voltage (Volts) (VG0F)
J16G	power	10	IG0F	sp3c	0x200	0x0	GPU FB   input-side current (Amps) (IG0F)
J16G	power	11	VC0C	sp2d	0x200	0x0	CPU Core load-side voltage (Volts) (VC0C)
J16G	power	12	IC0C	sp78	0x200	0x0	CPU Core load-side current (Amps) (IC0C)
J16G	power	13	VG0C	sp2d	0x200	0x0	GPU Core  load-side voltage (Volts) (VG0C)
J16G	power	14	IG0C	sp87	0x200	0x0	GPU Core  load-side current (Amps) (IG0C)
J16G	power	15	VH05	sp3c	0x200	0x0	Drive 0 5V load-side voltage (Volts) (VH05)
J16G	power	16	IH05	sp2d	0x200	0x0	Drive 0 5V   load-side current (Amps) (IH05)
J16G	power	17	VR1R	sp2d	0x200	0x0	PCH/GPU/TBT load-side voltage (Volts) (VR1R)
J16G	power	18	IH1R	sp3c	0x200	0x0	Drive 1 3.3V load-side current (Amps) (IH1R)
J16G	power	19	VR3R	sp3c	0x200	0x0	3.3V S5 load-side voltage (Volts) (VR3R)
J16G	power	20	PD2R	sp96	0x200	0x0	Power Supply 12V power (Watts) (PD2R)
J16G	power	21	PG1C	sp96	0x200	0x0	GPU Core      input-side power (Watts) (PG1C)
J16G	power	22	PC0M	sp96	0x200	0x0	CPU Mem  load-side power (Watts) (PC0M)
J16G	power	23	PM0R	sp96	0x200	0x0	DIMM load-side power (Watts) (PM0R)
J16G	power	24	PG0F	sp96	0x200	0x0	GPU Frame Buf input-side power (Watts) (PG0F)
J16G	power	25	PC0C	sp96	0x200	0x0	CPU Core load-side power (Watts) (PC0C)
J16G	power	26	PG0C	sp96	0x200	0x0	GPU Core       load-side power (Watts) (PG0C)
J16G	power	27	PH05	sp96	0x200	0x0	Drive 0 5V load-side power (Watts) (PH05)
J16G	power	28	PH1R	sp96	0x200	0x0	Drive 1 load-side power (Watts) (PH1R)
J16G	power	29	PH0R	sp96	0x200	0x0	Drive 0 total (5V) load-side power (Watts) (PH0R)
J16G	power	30	PGPR	sp96	0x200	0x0	GPU package total power (SMC) (PGPR)
J16G	power	31	PGTR	sp96	0x200	0x0	GPU total equivalent high-side power (PGTR)
J16G	power	32	PCPR	sp96	0x200	0x0	CPU package total power (SMC) (PCPR)
J16G	power	33	PCTR	sp96	0x200	0x0	CPU total equivalent input-side power (PCTR)
J16G	power	34	PZ0G	sp96	0x200	0x0	Zone 0 average power (Watts) (PZ0G)
J16G	power	35	PZ1G	sp96	0x200	0x0	Zone 1 average power (Watts) (PZ1G)
J16G	power	36	PZ2G	sp96	0x200	0x0	Zone 2 average power (Watts) (PZ2G)
J16G	power	37	PZ3G	sp96	0x200	0x0	Zone 3 average power (Watts) (PZ3G)
J16G	power	38	PZ4G	sp96	0x200	0x0	Zone 4 average power (Watts) (PZ4G)
J16G	power	39	PZ5G	sp96	0x200	0x0	Zone 5 average power (Watts) (PZ5G)
J16G	power	40	ID2E	sp78	0x200	0x0	Power Supply 12V current filtered (Amps) (ID2E)
J16G	power	41	ID2F	sp78	0x200	0x0	Power Supply 12V current filtered and adjusted (ID2F)
J16G	power	42	ID2I	sp78	0x200	0x0	Power Supply 12V current filter input S7.8 (Amps) (ID2I)
J16G	power	43	ID2J	sp78	0x200	0x0	Power Supply 12V current max error (Amps) (ID2J)
J16G	power	44	ID2L	ui16	0x200	0x0	Power Supply 12V current dynamic filter coeff (Seconds) (ID2L)
J16G	power	45	ID2T	sp78	0x200	0x0	Power Supply 12V current trend (Amps) (ID2T)
J16G	power	220	PZ0F	flt 	0x400	0x0	Zone 0 Filtered Power (PZ0F)
J16G	power	221	PZ0E	flt 	0x400	0x0	Zone 0 Target Power (PZ0E)
J16G	power	222	PZ0T	flt 	0x400	0x0	Zone 0 Abstract Throttle (PZ0T)
J16G	power	223	PZ1F	flt 	0x400	0x0	Zone 1 Filtered Power (PZ1F)
J16G	power	224	PZ1E	flt 	0x400	0x0	Zone 1 Target Power (PZ1E)
J16G	power	225	PZ1T	flt 	0x400	0x0	Zone 1 Abstract Throttle (PZ1T)
J16G	power	226	PZ2F	flt 	0x400	0x0	Zone 2 Filtered Power (PZ2F)
J16G	power	227	PZ2E	flt 	0x400	0x0	Zone 2 Target Power (PZ2E)
J16G	power	228	PZ2T	flt 	0x400	0x0	Zone 2 Abstract Throttle (PZ2T)
J16G	power	229	PZ3F	flt 	0x400	0x0	Zone 3 Filtered Power (PZ3F)
J16G	power	230	PZ3E	flt 	0x400	0x0	Zone 3 Target Power (PZ3E)
J16G	power	231	PZ3T	flt 	0x400	0x0	Zone 3 Abstract Throttle (PZ3T)
J16G	power	232	PZ4F	flt 	0x400	0x0	Zone 4 Filtered Power (PZ4F)
J16G	power	233	PZ4E	flt 	0x400	0x0	Zone 4 Target Power (PZ4E)
J16G	power	234	PZ4T	flt 	0x400	0x0	Zone 4 Abstract Throttle (PZ4T)
J16G	power	235	PZ5F	flt 	0x400	0x0	Zone 5 Filtered Power (PZ5F)
J16G	power	236	PZ5E	flt 	0x400	0x0	Zone 5 Target Power (PZ5E)
J16G	power	237	PZ5T	flt 	0x400	0x0	Zone 5 Abstract Throttle (PZ5T)
J16G	power	240	MSTc	ui8 	0x100	0x0	CPU Plimit (MSTc)
J16G	power	241	MSTg	ui8 	0x100	0x0	GPU Plimit (MSTg)
J16G	power	243	MSTi	ui8 	0x100	0x0	2nd GPU Plimit (MSTi)
J16G	power	244	MSTf	ui8 	0x100	0x0	Forced Idle Limit (MSTf)
J16G	temp	1	TA0p	sp78	0x200	0x0	Ambient raw temp (DegC) (TA0p)
J16G	temp	2	Tb0p	sp78	0x200	0x0	Backlight Controller proximity raw temp (DegC) (Tb0p)
J16G	temp	3	TC0p	sp78	0x200	0x0	CPU Proximity raw temp (DegC) (TC0p)
J16G	temp	4	TM0p	sp78	0x200	0x0	DIMM 0 Proximity raw temp (DegC) (TM0p)
J16G	temp	5	TG0d	sp78	0x200	0x0	GPU 0 Die raw temp (DegC) (TG0d)
J16G	temp	6	TG0p	sp78	0x200	0x0	GPU 0 Proximity raw temp (DegC) (TG0p)
J16G	temp	7	TH0o	ui16	0x200	0x0	Drive 0 OOBv1 raw bit-mapped temp (TH0o)
J16G	temp	8	TH1o	ui16	0x200	0x0	Drive 1 OOBv1 raw bit-mapped temp (TH1o)
J16G	temp	9	TL0p	sp78	0x200	0x0	LCD unfiltered front-of-screen raw temp (DegC) (TL0p)
J16G	temp	10	TL1p	sp78	0x200	0x0	LCD TCON Proximity raw temp (DegC) (TL1p)
J16G	temp	11	TL2p	sp87	0x200	0x0	LCD IR target hotspot calculated temp (DegC) (TL2p)
J16G	temp	12	TL3p	spa5	0x200	0x0	LCD IR temp sensor die raw temp (DegC) (TL3p)
J16G	temp	13	VL3t	si16	0x200	0x0	LCD IR temp sensor voltage (Raw Register) (VL3t)
J16G	temp	14	Tm0p	sp78	0x200	0x0	MLB Proximity 0 raw    temp: MLB bottom near memory (DegC) (Tm0p)
J16G	temp	15	Tm1p	sp78	0x200	0x0	MLB Proximity 1 raw    temp: MLB top near GPU (DegC) (Tm1p)
J16G	temp	16	Tm2p	sp78	0x200	0x0	MLB Proximity 2 raw    temp: MLB bottom near memory VR (DegC) (Tm2p)
J16G	temp	17	TC0c	sp78	0x200	0x0	CPU Core 0 absolute raw temp (PECI) (DegC) (TC0c)
J16G	temp	18	TC1c	sp78	0x200	0x0	CPU Core 1 absolute raw temp (PECI) (DegC) (TC1c)
J16G	temp	19	TC2c	sp78	0x200	0x0	CPU Core 2 absolute raw temp (PECI) (DegC) (TC2c)
J16G	temp	20	TC3c	sp78	0x200	0x0	CPU Core 3 absolute raw temp (PECI) (DegC) (TC3c)
J16G	temp	21	TCGc	sp78	0x200	0x0	CPU Gfx absolute raw temp (PECI) (DegC) (TCGc)
J16G	temp	22	TCSc	sp78	0x200	0x0	CPU System Agent Core absolute raw temp (PECI) (DegC) (TCSc)
J16G	temp	23	TCXc	sp78	0x200	0x0	CPU Max Package Core absolute raw temp (PECI) (DegC) (TCXc)
J16G	temp	24	TCXr	sp78	0x200	0x0	CPU Max Package Core relative raw temp (PECI) (DegC) (TCXr)
J16G	temp	25	Tp2h	sp78	0x200	0x0	Power Supply T2 Secondary Heatsink raw temp (DegC) (Tp2h)
J16G	temp	26	TH0a	sp78	0x200	0x0	Drive 0 OOBv3 absolute raw temp A (DegC) (TH0a)
J16G	temp	27	TH0b	sp78	0x200	0x0	Drive 0 OOBv3 absolute raw temp B (DegC) (TH0b)
J16G	temp	28	TH0c	sp78	0x200	0x0	Drive 0 OOBv3 absolute raw temp C (DegC) (TH0c)
J16G	temp	29	TH1a	sp78	0x200	0x0	Drive 1 OOBv3 absolute raw temp A (DegC) (TH1a)
J16G	temp	30	TH1b	sp78	0x200	0x0	Drive 1 OOBv3 absolute raw temp B (DegC) (TH1b)
J16G	temp	31	TH1c	sp78	0x200	0x0	Drive 1 OOBv3 absolute raw temp C (DegC) (TH1c)
J16G	temp	32	TA0P	sp78	0x200	0x0	Ambient cooked temp (DegC) (TA0P)
J16G	temp	33	Tb0P	sp78	0x200	0x0	Backlight Controller proximity cooked temp (DegC) (Tb0P)
J16G	temp	34	TC0L	ui16	0x200	0x0	CPU PECI Die dynamic filter coeff (Seconds) (TC0L)
J16G	temp	35	TC0P	sp78	0x200	0x0	CPU Proximity cooked temp (DegC) (TC0P)
J16G	temp	36	TM0P	sp78	0x200	0x0	DIMM 0 Proximity cooked temp (DegC) (TM0P)
J16G	temp	37	TMXP	sp78	0x200	0x0	DIMM Proximity max cooked temp (DegC) (TMXP)
J16G	temp	38	TH0O	sp78	0x200	0x0	Drive 0 OOBv1 mapped temp (DegC) (TH0O)
J16G	temp	39	TH1O	sp78	0x200	0x0	Drive 1 OOBv1 mapped temp (DegC) (TH1O)
J16G	temp	40	TG0D	sp78	0x200	0x0	GPU 0 Die cooked temp (DegC) (TG0D)
J16G	temp	41	TG0L	ui16	0x200	0x0	GPU 0 Die dynamic filter coeff (Seconds) (TG0L)
J16G	temp	42	TG0P	sp78	0x200	0x0	GPU 0 Proximity cooked temp (DegC) (TG0P)
J16G	temp	43	TL0P	sp78	0x200	0x0	LCD unfiltered front-of-screen cooked temp (DegC) (TL0P)
J16G	temp	44	TL1P	sp78	0x200	0x0	LCD TCON Proximity cooked temp (DegC) (TL1P)
J16G	temp	45	Tm0P	sp78	0x200	0x0	MLB Proximity 0 cooked temp: MLB bottom near memory (DegC) (Tm0P)
J16G	temp	46	Tm1P	sp78	0x200	0x0	MLB Proximity 1 cooked temp: MLB top near GPU (DegC) (Tm1P)
J16G	temp	47	Tm2P	sp78	0x200	0x0	MLB Proximity 2 cooked temp: MLB bottom near memory VR (DegC) (Tm2P)
J16G	temp	48	TPCD	sp78	0x200	0x0	PCH Die cooked temp (DegC) (TPCD)
J16G	temp	49	TCXR	sp78	0x200	0x0	CPU Max Package Core relative cooked temp (PECI) (DegC) (TCXR)
J16G	temp	50	PCPC	sp96	0x200	0x0	CPU package core power (PECI) (Watts) (PCPC)
J16G	temp	51	PCPG	sp96	0x200	0x0	CPU package Gfx power (PECI) (Watts) (PCPG)
J16G	temp	52	PCPT	sp96	0x200	0x0	CPU package total power (PECI) (Watts) (PCPT)
J16G	temp	53	Tp2H	sp78	0x200	0x0	Power Supply T2 Secondary Heatsink cooked temp (DegC) (Tp2H)
J16G	temp	54	TH0A	sp78	0x200	0x0	Drive 0 OOBv3 absolute cooked temp A (DegC) (TH0A)
J16G	temp	55	TH0B	sp78	0x200	0x0	Drive 0 OOBv3 absolute cooked temp B (DegC) (TH0B)
J16G	temp	56	TH0C	sp78	0x200	0x0	Drive 0 OOBv3 absolute cooked temp C (DegC) (TH0C)
J16G	temp	57	TH0R	sp78	0x200	0x0	Drive 0 OOBv3 relative cooked temp Max (DegC) (TH0R)
J16G	temp	58	TH1A	sp78	0x200	0x0	Drive 1 OOBv3 absolute cooked temp A (DegC) (TH1A)
J16G	temp	59	TH1B	sp78	0x200	0x0	Drive 1 OOBv3 absolute cooked temp B (DegC) (TH1B)
J16G	temp	60	TH1C	sp78	0x200	0x0	Drive 1 OOBv3 absolute cooked temp C (DegC) (TH1C)
J16G	temp	61	TH1R	sp78	0x200	0x0	Drive 1 OOBv3 relative cooked temp Max (DegC) (TH1R)
J16G	temp	62	TA0V	sp78	0x200	0x0	Ambient virtual temp (DegC) (TA0V)
J16G	temp	63	TM0V	sp78	0x200	0x0	DIMM virtual temp (DegC) (TM0V)
J16G	temp	64	TH0P	sp78	0x200	0x0	Drive 0 OOBv1 filtered temp (DegC) (TH0P)
J16G	temp	65	PH0F	sp78	0x200	0x0	Drive 0 total (5V) filtered load-side power * 2 (Watts) (PH0F)
J16G	temp	66	TH1P	sp78	0x200	0x0	Drive 1 OOBv1 filtered temp (DegC) (TH1P)
J16G	temp	67	PH1F	sp78	0x200	0x0	Drive 1 filtered load-side power * 3 (Watts) (PH1F)
J16G	temp	68	TC0E	sp78	0x200	0x0	CPU PECI Die filtered temp (DegC) (TC0E)
J16G	temp	69	TC0F	sp78	0x200	0x0	CPU PECI Die filtered and adjusted temp for fan/power control (DegC) (TC0F)
J16G	temp	70	TC0J	sp78	0x200	0x0	CPU PECI Die temp max error used in TC0F=TC0E+ (DegC) (TC0J)
J16G	temp	71	TC0T	sp78	0x200	0x0	CPU PECI Die temp Trend (DegC) (TC0T)
J16G	temp	72	TG0E	sp78	0x200	0x0	GPU 0 Die filtered temp (DegC) (TG0E)
J16G	temp	73	TG0F	sp78	0x200	0x0	GPU 0 Die filtered and adjusted temp for fan/power control (DegC) (TG0F)
J16G	temp	74	TG0J	sp78	0x200	0x0	GPU 0 Die temp max error used in TG0F=TG0E+ (DegC) (TG0J)
J16G	temp	75	TG0T	sp78	0x200	0x0	GPU 0 Die temp Trend (DegC) (TG0T)
J16G	temp	76	TL1v	sp78	0x200	0x0	LCD filtered center front-of-screen temp that feeds TL1V (DegC) (TL1v)
J16G	temp	77	TL1V	sp78	0x200	0x0	LCD TL1v-filtered center front-of-screen temp for color compensation (DegC) (TL1V)
J16G	temp	78	Tp2F	sp78	0x200	0x0	Power Supply T2 Secondary Heatsink filtered temp (DegC) (Tp2F)
J16G	temp	79	TS0V	sp78	0x200	0x0	Skin 0 virtual temp (DegC) (TS0V)
J16G	temp	80	TH0F	sp78	0x200	0x0	Drive 0 OOBv3 relative filtered temp Max (DegC) (TH0F)
J16G	temp	81	TH1F	sp78	0x200	0x0	Drive 1 OOBv3 relative filtered temp Max (DegC) (TH1F)
J16G	temp	82	PM0f	sp2d	0x200	0x0	DIMM load-side power / SQR(Fan RPM) (PM0f)
J16G	temp	220	F0Ac	fpe2	0x200	0x0	Fan0 Actual RPM(F0Ac)
J16G	temp	239	PSTR	sp96	0x200	0x0	System Total Power Consumed (Delayed 1 Second) (Watts) (PSTR)
J70	power	1	VD2R	sp4b	0x200	0x0	Power Supply 12V voltage (Volts) (VD2R)
J70	power	2	ID2R	sp69	0x200	0x0	Power Supply 12V current (Amps) (ID2R)
J70	power	3	VM0R	sp2d	0x200	0x0	DIMM load-side voltage (Volts) (VM0R)
J70	power	4	IM0R	sp5a	0x200	0x0	DIMM load-side current (Amps) (IM0R)
J70	power	5	VC0C	sp2d	0x200	0x0	CPU Core load-side voltage (Volts) (VC0C)
J70	power	6	IC0C	sp78	0x200	0x0	CPU Core load-side current (Amps) (IC0C)
J70	power	7	VR3R	sp3c	0x200	0x0	3.3V load-side voltage (Volts) (VR3R)
J70	power	8	IH1R	sp3c	0x200	0x0	Drive 1 3.3V load-side current (Amps) (IH1R)
J70	power	9	PD2R	sp96	0x200	0x0	Power Supply 12V power (Watts) (PD2R)
J70	power	10	PM0R	sp96	0x200	0x0	DIMM load-side power (Watts) (PM0R)
J70	power	11	PC0C	sp96	0x200	0x0	CPU Core load-side power (Watts) (PC0C)
J70	power	12	PH1R	sp96	0x200	0x0	Drive 1 load-side power (Watts) (PH1R)
J70	power	13	PCPR	sp96	0x200	0x0	CPU package total power (SMC) (PCPR)
J70	power	14	PCTR	sp96	0x200	0x0	CPU total equivalent input-side power (PCTR)
J70	power	15	PZ0G	sp96	0x200	0x0	Zone 0 average power (Watts) (PZ0G)
J70	power	16	PZ5G	sp96	0x200	0x0	Zone 5 average power (Watts) (PZ5G)
J70	power	17	ID2I	sp78	0x200	0x0	Power Supply 12V current filter input S7.8 (Amps) (ID2I)
J70	power	220	PZ0F	flt 	0x400	0x0	Zone 0 Filtered Power (PZ0F)
J70	power	221	PZ0E	flt 	0x400	0x0	Zone 0 Target Power (PZ0E)
J70	power	222	PZ0T	flt 	0x400	0x0	Zone 0 Abstract Throttle (PZ0T)
J70	power	223	PZ1F	flt 	0x400	0x0	Zone 1 Filtered Power (PZ1F)
J70	power	224	PZ1E	flt 	0x400	0x0	Zone 1 Target Power (PZ1E)
J70	power	225	PZ1T	flt 	0x400	0x0	Zone 1 Abstract Throttle (PZ1T)
J70	power	226	PZ2F	flt 	0x400	0x0	Zone 2 Filtered Power (PZ2F)
J70	power	227	PZ2E	flt 	0x400	0x0	Zone 2 Target Power (PZ2E)
J70	power	228	PZ2T	flt 	0x400	0x0	Zone 2 Abstract Throttle (PZ2T)
J70	power	229	PZ3F	flt 	0x400	0x0	Zone 3 Filtered Power (PZ3F)
J70	power	230	PZ3E	flt 	0x400	0x0	Zone 3 Target Power (PZ3E)
J70	power	231	PZ3T	flt 	0x400	0x0	Zone 3 Abstract Throttle (PZ3T)
J70	power	232	PZ4F	flt 	0x400	0x0	Zone 4 Filtered Power (PZ4F)
J70	power	233	PZ4E	flt 	0x400	0x0	Zone 4 Target Power (PZ4E)
J70	power	234	PZ4T	flt 	0x400	0x0	Zone 4 Abstract Throttle (PZ4T)
J70	power	235	PZ5F	flt 	0x400	0x0	Zone 5 Filtered Power (PZ5F)
J70	power	236	PZ5E	flt 	0x400	0x0	Zone 5 Target Power (PZ5E)
J70	power	237	PZ5T	flt 	0x400	0x0	Zone 5 Abstract Throttle (PZ5T)
J70	power	240	MSTc	ui8 	0x100	0x0	CPU Plimit (MSTc)
J70	power	241	MSTg	ui8 	0x100	0x0	GPU Plimit (MSTg)
J70	power	244	MSTf	ui8 	0x100	0x0	Forced Idle Limit (MSTf)
J70	temp	1	TA0p	sp78	0x200	0x0	Ambient raw temp (DegC) (TA0p)
J70	temp	2	Tb0p	sp78	0x200	0x0	Backlight Controller proximity raw temp (DegC) (Tb0p)
J70	temp	3	TC0p	sp78	0x200	0x0	CPU Proximity raw temp (DegC) (TC0p)
J70	temp	4	TM0p	sp78	0x200	0x0	DIMM 0 Proximity raw temp (DegC) (TM0p)
J70	temp	5	TH0o	ui16	0x200	0x0	Drive 0 OOBv1 raw bit-mapped temp (TH0o)
J70	temp	6	TH1o	ui16	0x200	0x0	Drive 1 OOBv1 raw bit-mapped temp (TH1o)
J70	temp	7	TL0p	sp78	0x200	0x0	LCD unfiltered front-of-screen raw temp (DegC) (TL0p)
J70	temp	8	TL1p	sp78	0x200	0x0	LCD TCON Proximity raw temp (DegC) (TL1p)
J70	temp	9	Tm0p	sp78	0x200	0x0	MLB Proximity 0 raw    temp: MLB top near CPU (DegC) (Tm0p)
J70	temp	10	Tm2p	sp78	0x200	0x0	MLB Proximity 2 raw    temp: MLB bottom near CPU VR (DegC) (Tm2p)
J70	temp	11	TC0c	sp78	0x200	0x0	CPU Core 0 absolute raw temp (PECI) (DegC) (TC0c)
J70	temp	12	TC1c	sp78	0x200	0x0	CPU Core 1 absolute raw temp (PECI) (DegC) (TC1c)
J70	temp	13	TC2c	sp78	0x200	0x0	CPU Core 2 absolute raw temp (PECI) (DegC) (TC2c)
J70	temp	14	TC3c	sp78	0x200	0x0	CPU Core 3 absolute raw temp (PECI) (DegC) (TC3c)
J70	temp	15	TCGc	sp78	0x200	0x0	CPU Gfx absolute raw temp (PECI) (DegC) (TCGc)
J70	temp	16	TCSc	sp78	0x200	0x0	CPU System Agent Core absolute raw temp (PECI) (DegC) (TCSc)
J70	temp	17	TCXc	sp78	0x200	0x0	CPU Max Package Core absolute raw temp (PECI) (DegC) (TCXc)
J70	temp	18	TCXr	sp78	0x200	0x0	CPU Max Package Core relative raw temp (PECI) (DegC) (TCXr)
J70	temp	19	Tp2h	sp78	0x200	0x0	Power Supply T2 Secondary Heatsink raw temp (DegC) (Tp2h)
J70	temp	20	TH0a	sp78	0x200	0x0	Drive 0 OOBv3 absolute raw temp A (DegC) (TH0a)
J70	temp	21	TH0b	sp78	0x200	0x0	Drive 0 OOBv3 absolute raw temp B (DegC) (TH0b)
J70	temp	22	TH0c	sp78	0x200	0x0	Drive 0 OOBv3 absolute raw temp C (DegC) (TH0c)
J70	temp	23	TH1a	sp78	0x200	0x0	Drive 1 OOBv3 absolute raw temp A (DegC) (TH1a)
J70	temp	24	TH1b	sp78	0x200	0x0	Drive 1 OOBv3 absolute raw temp B (DegC) (TH1b)
J70	temp	25	TH1c	sp78	0x200	0x0	Drive 1 OOBv3 absolute raw temp C (DegC) (TH1c)
J70	temp	26	TI0p	sp78	0x200	0x0	TBT Proximity raw temp (DegC) (TI0p)
J70	temp	27	TA0P	sp78	0x200	0x0	Ambient cooked temp (DegC) (TA0P)
J70	temp	28	TC0L	ui16	0x200	0x0	CPU PECI Die dynamic filter coeff (Seconds) (TC0L)
J70	temp	29	TC0P	sp78	0x200	0x0	CPU Proximity cooked temp (DegC) (TC0P)
J70	temp	30	TM0P	sp78	0x200	0x0	DIMM 0 Proximity cooked temp (DegC) (TM0P)
J70	temp	31	TMXP	sp78	0x200	0x0	DIMM Proximity max cooked temp (DegC) (TMXP)
J70	temp	32	TH0O	sp78	0x200	0x0	Drive 0 OOBv1 mapped temp (DegC) (TH0O)
J70	temp	33	TH1O	sp78	0x200	0x0	Drive 1 OOBv1 mapped temp (DegC) (TH1O)
J70	temp	34	TL0P	sp78	0x200	0x0	LCD unfiltered front-of-screen cooked temp (DegC) (TL0P)
J70	temp	35	TL1P	sp78	0x200	0x0	LCD TCON Proximity cooked temp (DegC) (TL1P)
J70	temp	36	TPCD	sp78	0x200	0x0	PCH Die cooked temp (DegC) (TPCD)
J70	temp	37	TCXR	sp78	0x200	0x0	CPU Max Package Core relative cooked temp (PECI) (DegC) (TCXR)
J70	temp	38	PCPC	sp96	0x200	0x0	CPU package core power (PECI) (Watts) (PCPC)
J70	temp	39	PCPG	sp96	0x200	0x0	CPU package Gfx power (PECI) (Watts) (PCPG)
J70	temp	40	PCPT	sp96	0x200	0x0	CPU package total power (PECI) (Watts) (PCPT)
J70	temp	41	Tp2H	sp78	0x200	0x0	Power Supply T2 Secondary Heatsink cooked temp (DegC) (Tp2H)
J70	temp	42	TH0A	sp78	0x200	0x0	Drive 0 OOBv3 absolute cooked temp A (DegC) (TH0A)
J70	temp	43	TH0B	sp78	0x200	0x0	Drive 0 OOBv3 absolute cooked temp B (DegC) (TH0B)
J70	temp	44	TH0C	sp78	0x200	0x0	Drive 0 OOBv3 absolute cooked temp C (DegC) (TH0C)
J70	temp	45	TH0R	sp78	0x200	0x0	Drive 0 OOBv3 relative cooked temp Max (DegC) (TH0R)
J70	temp	46	TH1A	sp78	0x200	0x0	Drive 1 OOBv3 absolute cooked temp A (DegC) (TH1A)
J70	temp	47	TH1B	sp78	0x200	0x0	Drive 1 OOBv3 absolute cooked temp B (DegC) (TH1B)
J70	temp	48	TH1C	sp78	0x200	0x0	Drive 1 OOBv3 absolute cooked temp C (DegC) (TH1C)
J70	temp	49	TH1R	sp78	0x200	0x0	Drive 1 OOBv3 relative cooked temp Max (DegC) (TH1R)
J70	temp	50	TA0V	sp78	0x200	0x0	Ambient virtual temp (DegC) (TA0V)
J70	temp	51	TM0V	sp78	0x200	0x0	DIMM virtual temp (DegC) (TM0V)
J70	temp	52	TH0P	sp78	0x200	0x0	Drive 0 OOBv1 filtered temp (DegC) (TH0P)
J70	temp	53	TH1P	sp78	0x200	0x0	Drive 1 OOBv1 filtered temp (DegC) (TH1P)
J70	temp	54	PH1F	sp78	0x200	0x0	Drive 1 filtered load-side power * 3 (Watts) (PH1F)
J70	temp	55	TC0E	sp78	0x200	0x0	CPU PECI Die filtered temp (DegC) (TC0E)
J70	temp	56	TC0F	sp78	0x200	0x0	CPU PECI Die filtered and adjusted temp for fan/power control (DegC) (TC0F)
J70	temp	57	TC0J	sp78	0x200	0x0	CPU PECI Die temp max error used in TC0F=TC0E+ (DegC) (TC0J)
J70	temp	58	TC0T	sp78	0x200	0x0	CPU PECI Die temp Trend (DegC) (TC0T)
J70	temp	59	TL1v	sp78	0x200	0x0	LCD filtered center front-of-screen temp that feeds TL1V (DegC) (TL1v)
J70	temp	60	TL1V	sp78	0x200	0x0	LCD TL1v-filtered center front-of-screen temp for color compensation (DegC) (TL1V)
J70	temp	61	Tp2F	sp78	0x200	0x0	Power Supply T2 Secondary Heatsink filtered temp (DegC) (Tp2F)
J70	temp	62	TS0V	sp78	0x200	0x0	Skin 0 virtual temp (DegC) (TS0V)
J70	temp	63	TH0F	sp78	0x200	0x0	Drive 0 OOBv3 relative filtered temp Max (DegC) (TH0F)
J70	temp	64	TH1F	sp78	0x200	0x0	Drive 1 OOBv3 relative filtered temp Max (DegC) (TH1F)
J70	temp	65	PM0f	sp2d	0x200	0x0	DIMM load-side power / SQR(Fan RPM) (PM0f)
J70	temp	220	F0Ac	fpe2	0x200	0x0	Fan0 Actual RPM(F0Ac)
J70	temp	239	PSTR	sp96	0x200	0x0	System Total Power Consumed (Delayed 1 Second) (Watts) (PSTR)
J78	power	1	VD2R	sp4b	0x200	0x0	Power Supply 12V voltage (Volts) (VD2R)
J78	power	2	ID2R	sp69	0x200	0x0	Power Supply 12V current (Amps) (ID2R)
J78	power	3	VG1C	sp4b	0x200	0x0	GPU Core input-side voltage (Volts) (VG1C)
J78	power	4	IG1C	sp69	0x200	0x0	GPU Core input-side current (Amps) (IG1C)
J78	power	5	VC0M	sp2d	0x200	0x0	CPU Mem  load-side voltage (Volts) (VC0M)
J78	power	6	IC0M	sp5a	0x200	0x0	CPU Mem  load-side current (Amps) (IC0M)
J78	power	7	VM0R	sp2d	0x200	0x0	DIMM load-side voltage (Volts) (VM0R)
J78	power	8	IM0R	sp5a	0x200	0x0	DIMM load-side current (Amps) (IM0R)
J78	power	9	VG1F	sp4b	0x200	0x0	GPU Frame Buffer input-side voltage (Volts) (VG1F)
J78	power	10	IG1F	sp3c	0x200	0x0	GPU FB   input-side current (Amps) (IG1F)
J78	power	11	VC0C	sp2d	0x200	0x0	CPU Core load-side voltage (Volts) (VC0C)
J78	power	12	IC0C	sp78	0x200	0x0	CPU Core load-side current (Amps) (IC0C)
J78	power	13	VG0C	sp2d	0x200	0x0	GPU Core  load-side voltage (Volts) (VG0C)
J78	power	14	IG0C	sp87	0x200	0x0	GPU Core  load-side current (Amps) (IG0C)
J78	power	15	VH05	sp3c	0x200	0x0	Drive 0 5V load-side voltage (Volts) (VH05)
J78	power	16	IH05	sp2d	0x200	0x0	Drive 0 5V   load-side current (Amps) (IH05)
J78	power	17	IW0R	sp3c	0x200	0x0	Wifi load-side current (Amps) (IW0R)
J78	power	18	IH02	sp3c	0x200	0x0	Drive 0 12V load-side current (Amps) (IH02)
J78	power	19	VR1R	sp2d	0x200	0x0	PCH/GPU/TBT load-side voltage (Volts) (VR1R)
J78	power	20	IG1A	sp3c	0x200	0x0	GPU Aux  input-side current (Amps) (IG1A)
J78	power	21	VR3R	sp3c	0x200	0x0	3.3V load-side voltage (Volts) (VR3R)
J78	power	22	IH1R	sp3c	0x200	0x0	Drive 1 3.3V load-side current (Amps) (IH1R)
J78	power	23	VG0I	sp2d	0x200	0x0	GPU VDDCI load-side voltage (Volts) (VG0I)
J78	power	24	IG0I	sp5a	0x200	0x0	GPU VDDCI load-side current (Amps) (IG0I)
J78	power	25	PD2R	sp96	0x200	0x0	Power Supply 12V power (Watts) (PD2R)
J78	power	26	PG1C	sp96	0x200	0x0	GPU Core+VDDCI input-side power (Watts) (PG1C)
J78	power	27	PC0M	sp96	0x200	0x0	CPU Mem  load-side power (Watts) (PC0M)
J78	power	28	PM0R	sp96	0x200	0x0	DIMM load-side power (Watts) (PM0R)
J78	power	29	PG1F	sp96	0x200	0x0	GPU Frame Buf  input-side power (Watts) (PG1F)
J78	power	30	PC0C	sp96	0x200	0x0	CPU Core load-side power (Watts) (PC0C)
J78	power	31	PG0C	sp96	0x200	0x0	GPU Core    load-side power (Watts) (PG0C)
J78	power	32	PG1A	sp96	0x200	0x0	GPU Aux    input-side power (Watts) (PG1A)
J78	power	33	PG0A	sp96	0x200	0x0	GPU Aux     load-side power (= x% of PG1A) (Watts) (PG0A)
J78	power	34	PG0I	sp96	0x200	0x0	GPU VDDCI   load-side power (Watts) (PG0I)
J78	power	35	PG0M	sp96	0x200	0x0	GPU Mem Ctl load-side power (= 30% of PG1F * efficiency) (Watts) (PG0M)
J78	power	36	PG0V	sp96	0x200	0x0	GPU VRAM    load-side power (= 70% of PG1F * efficiency) (Watts) (PG0V)
J78	power	37	PH05	sp96	0x200	0x0	Drive 0 5V load-side power (Watts) (PH05)
J78	power	38	PH02	sp96	0x200	0x0	Drive 0 12V load-side power (Watts) (PH02)
J78	power	39	PW0R	sp96	0x200	0x0	Wifi load-side power (Watts) (PW0R)
J78	power	40	PH1R	sp96	0x200	0x0	Drive 1 load-side power (Watts) (PH1R)
J78	power	41	PH0R	sp96	0x200	0x0	Drive 0 total load-side power (PH02 + PH05) (Watts) (PH0R)
J78	power	42	PGPR	sp96	0x200	0x0	GPU package total load-side power (SMC) (PGPR)
J78	power	43	PGTR	sp96	0x200	0x0	GPU total input-side power (PGTR)
J78	power	44	PCPR	sp96	0x200	0x0	CPU package total power (SMC) (PCPR)
J78	power	45	PCTR	sp96	0x200	0x0	CPU total equivalent input-side power (PCTR)
J78	power	46	PZ0G	sp96	0x200	0x0	Zone 0 average power (Watts) (PZ0G)
J78	power	47	PZ1G	sp96	0x200	0x0	Zone 1 average power (Watts) (PZ1G)
J78	power	48	PZ2G	sp96	0x200	0x0	Zone 2 average power (Watts) (PZ2G)
J78	power	49	PZ3G	sp96	0x200	0x0	Zone 3 average power (Watts) (PZ3G)
J78	power	50	PZ4G	sp96	0x200	0x0	Zone 4 average power (Watts) (PZ4G)
J78	power	51	PZ5G	sp96	0x200	0x0	Zone 5 average power (Watts) (PZ5G)
J78	power	52	ID2I	sp78	0x200	0x0	Power Supply 12V current filter input S7.8 (Amps) (ID2I)
J78	power	220	PZ0F	flt 	0x400	0x0	Zone 0 Filtered Power (PZ0F)
J78	power	221	PZ0E	flt 	0x400	0x0	Zone 0 Target Power (PZ0E)
J78	power	222	PZ0T	flt 	0x400	0x0	Zone 0 Abstract Throttle (PZ0T)
J78	power	223	PZ1F	flt 	0x400	0x0	Zone 1 Filtered Power (PZ1F)
J78	power	224	PZ1E	flt 	0x400	0x0	Zone 1 Target Power (PZ1E)
J78	power	225	PZ1T	flt 	0x400	0x0	Zone 1 Abstract Throttle (PZ1T)
J78	power	226	PZ2F	flt 	0x400	0x0	Zone 2 Filtered Power (PZ2F)
J78	power	227	PZ2E	flt 	0x400	0x0	Zone 2 Target Power (PZ2E)
J78	power	228	PZ2T	flt 	0x400	0x0	Zone 2 Abstract Throttle (PZ2T)
J78	power	229	PZ3F	flt 	0x400	0x0	Zone 3 Filtered Power (PZ3F)
J78	power	230	PZ3E	flt 	0x400	0x0	Zone 3 Target Power (PZ3E)
J78	power	231	PZ3T	flt 	0x400	0x0	Zone 3 Abstract Throttle (PZ3T)
J78	power	232	PZ4F	flt 	0x400	0x0	Zone 4 Filtered Power (PZ4F)
J78	power	233	PZ4E	flt 	0x400	0x0	Zone 4 Target Power (PZ4E)
J78	power	234	PZ4T	flt 	0x400	0x0	Zone 4 Abstract Throttle (PZ4T)
J78	power	235	PZ5F	flt 	0x400	0x0	Zone 5 Filtered Power (PZ5F)
J78	power	236	PZ5E	flt 	0x400	0x0	Zone 5 Target Power (PZ5E)
J78	power	237	PZ5T	flt 	0x400	0x0	Zone 5 Abstract Throttle (PZ5T)
J78	power	240	MSTc	ui8 	0x100	0x0	CPU Plimit (MSTc)
J78	power	241	MSTg	ui8 	0x100	0x0	GPU Plimit (MSTg)
J78	power	243	MSTi	ui8 	0x100	0x0	2nd GPU Plimit (MSTi)
J78	power	244	MSTf	ui8 	0x100	0x0	Forced Idle Limit (MSTf)
J78	temp	1	TA0p	sp78	0x200	0x0	Ambient raw temp (DegC) (TA0p)
J78	temp	2	Tb0p	sp78	0x200	0x0	Backlight Controller proximity raw temp (DegC) (Tb0p)
J78	temp	3	TC0p	sp78	0x200	0x0	CPU Proximity raw temp (DegC) (TC0p)
J78	temp	4	TM0p	sp78	0x200	0x0	DIMM 0 Proximity raw temp (DegC) (TM0p)
J78	temp	5	TM1p	sp78	0x200	0x0	DIMM 1 Proximity raw temp (DegC) (TM1p)
J78	temp	6	TM2p	sp78	0x200	0x0	DIMM 2 Proximity raw temp (DegC) (TM2p)
J78	temp	7	TM3p	sp78	0x200	0x0	DIMM 3 Proximity raw temp (DegC) (TM3p)
J78	temp	8	TG0d	sp78	0x200	0x0	GPU Die raw temp (DegC) (TG0d)
J78	temp	9	TG0p	sp78	0x200	0x0	GPU Proximity 0 (internal EMC1414) raw temp (DegC) (TG0p)
J78	temp	10	TG1p	sp78	0x200	0x0	GPU GDDR5 Proximity 1 raw temp (DegC) (TG1p)
J78	temp	11	TG2p	sp78	0x200	0x0	GPU VR Proximity 2 raw temp (DegC) (TG2p)
J78	temp	12	TG3p	sp78	0x200	0x0	GPU FB VR Proximity 3 (via diode connected to EMC1428) raw temp (DegC) (TG3p)
J78	temp	13	TH0o	ui16	0x200	0x0	Drive 0 OOBv1 raw bit-mapped temp (TH0o)
J78	temp	14	TH1o	ui16	0x200	0x0	Drive 1 OOBv1 raw bit-mapped temp (TH1o)
J78	temp	15	TL0p	sp78	0x200	0x0	LCD unfiltered front-of-screen raw temp (DegC) (TL0p)
J78	temp	16	TL1p	sp78	0x200	0x0	LCD TCON Proximity raw temp (DegC) (TL1p)
J78	temp	17	Tm0p	sp78	0x200	0x0	MLB Proximity 0 raw    temp: MLB top near power connector (DegC) (Tm0p)
J78	temp	18	Tm1p	sp78	0x200	0x0	MLB Proximity 1 raw    temp: MLB top near GPU (DegC) (Tm1p)
J78	temp	19	Tm2p	sp78	0x200	0x0	MLB Proximity 2 raw    temp: MLB bottom near CPU (DegC) (Tm2p)
J78	temp	20	TC0c	sp78	0x200	0x0	CPU Core 0 absolute raw temp (PECI) (DegC) (TC0c)
J78	temp	21	TC1c	sp78	0x200	0x0	CPU Core 1 absolute raw temp (PECI) (DegC) (TC1c)
J78	temp	22	TC2c	sp78	0x200	0x0	CPU Core 2 absolute raw temp (PECI) (DegC) (TC2c)
J78	temp	23	TC3c	sp78	0x200	0x0	CPU Core 3 absolute raw temp (PECI) (DegC) (TC3c)
J78	temp	24	TCGc	sp78	0x200	0x0	CPU Gfx absolute raw temp (PECI) (DegC) (TCGc)
J78	temp	25	TCSc	sp78	0x200	0x0	CPU System Agent Core absolute raw temp (PECI) (DegC) (TCSc)
J78	temp	26	TCXc	sp78	0x200	0x0	CPU Max Package Core absolute raw temp (PECI) (DegC) (TCXc)
J78	temp	27	TCXr	sp78	0x200	0x0	CPU Max Package Core relative raw temp (PECI) (DegC) (TCXr)
J78	temp	28	Tp2h	sp78	0x200	0x0	Power Supply T2 Secondary Heatsink raw temp (DegC) (Tp2h)
J78	temp	29	TH0a	sp78	0x200	0x0	Drive 0 OOBv3 absolute raw temp A (DegC) (TH0a)
J78	temp	30	TH0b	sp78	0x200	0x0	Drive 0 OOBv3 absolute raw temp B (DegC) (TH0b)
J78	temp	31	TH0c	sp78	0x200	0x0	Drive 0 OOBv3 absolute raw temp C (DegC) (TH0c)
J78	temp	32	TH0e	sp78	0x200	0x0	Drive 0 temp sensor existence used for TM0V (0) = present (TH0e)
J78	temp	33	TH1a	sp78	0x200	0x0	Drive 1 OOBv3 absolute raw temp A (DegC) (TH1a)
J78	temp	34	TH1b	sp78	0x200	0x0	Drive 1 OOBv3 absolute raw temp B (DegC) (TH1b)
J78	temp	35	TH1c	sp78	0x200	0x0	Drive 1 OOBv3 absolute raw temp C (DegC) (TH1c)
J78	temp	36	TA0P	sp78	0x200	0x0	Ambient cooked temp (DegC) (TA0P)
J78	temp	37	Tb0P	sp78	0x200	0x0	Backlight Controller proximity cooked temp (DegC) (Tb0P)
J78	temp	38	TC0L	ui16	0x200	0x0	CPU PECI Die dynamic filter coeff (Seconds) (TC0L)
J78	temp	39	TC0P	sp78	0x200	0x0	CPU Proximity cooked temp (DegC) (TC0P)
J78	temp	40	TM0P	sp78	0x200	0x0	DIMM 0 Proximity cooked temp (DegC) (TM0P)
J78	temp	41	TM1P	sp78	0x200	0x0	DIMM 1 Proximity cooked temp (DegC) (TM1P)
J78	temp	42	TM2P	sp78	0x200	0x0	DIMM 2 Proximity cooked temp (DegC) (TM2P)
J78	temp	43	TM3P	sp78	0x200	0x0	DIMM 3 Proximity cooked temp (DegC) (TM3P)
J78	temp	44	TMXP	sp78	0x200	0x0	DIMM Proximity max cooked temp (DegC) (TMXP)
J78	temp	45	TH0O	sp78	0x200	0x0	Drive 0 OOBv1 mapped temp (DegC) (TH0O)
J78	temp	46	TH1O	sp78	0x200	0x0	Drive 1 OOBv1 mapped temp (DegC) (TH1O)
J78	temp	47	TG0D	sp78	0x200	0x0	GPU Die cooked temp (DegC) (TG0D)
J78	temp	48	TG0L	ui16	0x200	0x0	GPU Die dynamic filter coeff (Seconds) (TG0L)
J78	temp	49	TG0P	sp78	0x200	0x0	GPU Proximity 0 (internal EMC1414) cooked temp (DegC) (TG0P)
J78	temp	50	TG1P	sp78	0x200	0x0	GPU GDDR5 Proximity 1 cooked temp (DegC) (TG1P)
J78	temp	51	TG2P	sp78	0x200	0x0	GPU VR Proximity 2 cooked temp (DegC) (TG2P)
J78	temp	52	TG3P	sp78	0x200	0x0	GPU FB VR Proximity 3 (via diode connected to EMC1428) cooked temp (DegC) (TG3P)
J78	temp	53	TL0P	sp78	0x200	0x0	LCD unfiltered front-of-screen cooked temp (DegC) (TL0P)
J78	temp	54	TL1P	sp78	0x200	0x0	LCD TCON Proximity cooked temp (DegC) (TL1P)
J78	temp	55	Tm0P	sp78	0x200	0x0	MLB Proximity 0 cooked temp: MLB top near power connector (DegC) (Tm0P)
J78	temp	56	Tm1P	sp78	0x200	0x0	MLB Proximity 1 cooked temp: MLB top near GPU (DegC) (Tm1P)
J78	temp	57	Tm2P	sp78	0x200	0x0	MLB Proximity 2 cooked temp: MLB bottom near CPU (DegC) (Tm2P)
J78	temp	58	TPCD	sp78	0x200	0x0	PCH Die cooked temp (DegC) (TPCD)
J78	temp	59	TCXR	sp78	0x200	0x0	CPU Max Package Core relative cooked temp (PECI) (DegC) (TCXR)
J78	temp	60	PCPC	sp96	0x200	0x0	CPU package core power (PECI) (Watts) (PCPC)
J78	temp	61	PCPG	sp96	0x200	0x0	CPU package Gfx power (PECI) (Watts) (PCPG)
J78	temp	62	PCPT	sp96	0x200	0x0	CPU package total power (PECI) (Watts) (PCPT)
J78	temp	63	Tp2H	sp78	0x200	0x0	Power Supply T2 Secondary Heatsink cooked temp (DegC) (Tp2H)
J78	temp	64	TH0A	sp78	0x200	0x0	Drive 0 OOBv3 absolute cooked temp A (DegC) (TH0A)
J78	temp	65	TH0B	sp78	0x200	0x0	Drive 0 OOBv3 absolute cooked temp B (DegC) (TH0B)
J78	temp	66	TH0C	sp78	0x200	0x0	Drive 0 OOBv3 absolute cooked temp C (DegC) (TH0C)
J78	temp	67	TH0R	sp78	0x200	0x0	Drive 0 OOBv3 relative cooked temp Max (DegC) (TH0R)
J78	temp	68	TH1A	sp78	0x200	0x0	Drive 1 OOBv3 absolute cooked temp A (DegC) (TH1A)
J78	temp	69	TH1B	sp78	0x200	0x0	Drive 1 OOBv3 absolute cooked temp B (DegC) (TH1B)
J78	temp	70	TH1C	sp78	0x200	0x0	Drive 1 OOBv3 absolute cooked temp C (DegC) (TH1C)
J78	temp	71	TH1R	sp78	0x200	0x0	Drive 1 OOBv3 relative cooked temp Max (DegC) (TH1R)
J78	temp	72	TA0V	sp78	0x200	0x0	Ambient virtual temp (DegC) (TA0V)
J78	temp	73	TM0V	sp78	0x200	0x0	DIMM virtual temp (DegC) (TM0V)
J78	temp	74	TM1a	sp78	0x200	0x0	DIMM virtual temp for 2x DIMM Slot1+2+3+4 config (DegC) (TM1a)
J78	temp	75	TM2a	sp78	0x200	0x0	DIMM virtual temp for 2x DIMM Slot1+3 config (DegC) (TM2a)
J78	temp	76	TM2b	sp78	0x200	0x0	DIMM virtual temp for 2x DIMM Slot1+2 or Slot2+3 config (DegC) (TM2b)
J78	temp	77	TM2c	sp78	0x200	0x0	DIMM virtual temp for 2x DIMM Slot1+4 or Slot2+4 config (DegC) (TM2c)
J78	temp	78	TM2d	sp78	0x200	0x0	DIMM virtual temp for 2x DIMM Slot3+4 config (DegC) (TM2d)
J78	temp	79	TM3a	sp78	0x200	0x0	DIMM virtual temp for 3x DIMM Slot2+3+4 config (DegC) (TM3a)
J78	temp	80	TM3b	sp78	0x200	0x0	DIMM virtual temp for 3x DIMM Slot1+3+4 config (DegC) (TM3b)
J78	temp	81	TM3c	sp78	0x200	0x0	DIMM virtual temp for 3x DIMM Slot1+2+4 config (DegC) (TM3c)
J78	temp	82	TM3d	sp78	0x200	0x0	DIMM virtual temp for 3x DIMM Slot1+2+3 config (DegC) (TM3d)
J78	temp	83	TM4a	sp78	0x200	0x0	DIMM virtual temp for 4x DIMM Slot1+2+3+4 config (DegC) (TM4a)
J78	temp	84	TH0P	sp78	0x200	0x0	Drive 0 OOBv1 filtered temp (DegC) (TH0P)
J78	temp	85	PH0F	sp78	0x200	0x0	Drive 0 filtered total load-side power (PH02 + PH05) * 2 (Watts) (PH0F)
J78	temp	86	TH1P	sp78	0x200	0x0	Drive 1 OOBv1 filtered temp (DegC) (TH1P)
J78	temp	87	PH1F	sp78	0x200	0x0	Drive 1 filtered load-side power * 3 (Watts) (PH1F)
J78	temp	88	TC0E	sp78	0x200	0x0	CPU PECI Die filtered temp (DegC) (TC0E)
J78	temp	89	TC0F	sp78	0x200	0x0	CPU PECI Die filtered and adjusted temp for fan/power control (DegC) (TC0F)
J78	temp	90	TC0J	sp78	0x200	0x0	CPU PECI Die temp max error used in TC0F=TC0E+ (DegC) (TC0J)
J78	temp	91	TC0T	sp78	0x200	0x0	CPU PECI Die temp Trend (DegC) (TC0T)
J78	temp	92	TG0E	sp78	0x200	0x0	GPU Die filtered temp (DegC) (TG0E)
J78	temp	93	TG0F	sp78	0x200	0x0	GPU Die filtered and adjusted temp for fan/power control (DegC) (TG0F)
J78	temp	94	TG0J	sp78	0x200	0x0	GPU Die temp max error used in TG0F=TG0E+ (DegC) (TG0J)
J78	temp	95	TG0T	sp78	0x200	0x0	GPU Die temp Trend (DegC) (TG0T)
J78	temp	96	TL0V	sp78	0x200	0x0	LCD filtered front-of-screen hotspot virtual temp (DegC) (TL0V)
J78	temp	97	TL1v	sp78	0x200	0x0	LCD filtered center front-of-screen temp that feeds TL1V (DegC) (TL1v)
J78	temp	98	TL1V	sp78	0x200	0x0	LCD TL1v-filtered center front-of-screen temp for color compensation (DegC) (TL1V)
J78	temp	99	Tp2F	sp78	0x200	0x0	Power Supply T2 Secondary Heatsink filtered temp (DegC) (Tp2F)
J78	temp	100	TS0V	sp78	0x200	0x0	Skin 0 virtual temp (DegC) (TS0V)
J78	temp	101	TH0F	sp78	0x200	0x0	Drive 0 OOBv3 relative filtered temp Max (DegC) (TH0F)
J78	temp	102	TH1F	sp78	0x200	0x0	Drive 1 OOBv3 relative filtered temp Max (DegC) (TH1F)
J78	temp	103	PM0f	sp2d	0x200	0x0	DIMM load-side power / SQR(Fan RPM) (PM0f)
J78	temp	220	F0Ac	fpe2	0x200	0x0	Fan0 Actual RPM(F0Ac)
J78	temp	239	PSTR	sp96	0x200	0x0	System Total Power Consumed (Delayed 1 Second) (Watts) (PSTR)
J78am	power	1	VD2R	sp4b	0x200	0x0	Power Supply 12V voltage (Volts) (VD2R)
J78am	power	2	ID2R	sp69	0x200	0x0	Power Supply 12V current (Amps) (ID2R)
J78am	power	3	VG1C	sp4b	0x200	0x0	GPU Core input-side voltage (Volts) (VG1C)
J78am	power	4	IG1C	sp69	0x200	0x0	GPU Core input-side current (Amps) (IG1C)
J78am	power	5	VC0M	sp2d	0x200	0x0	CPU Mem  load-side voltage (Volts) (VC0M)
J78am	power	6	IC0M	sp5a	0x200	0x0	CPU Mem  load-side current (Amps) (IC0M)
J78am	power	7	VM0R	sp2d	0x200	0x0	DIMM load-side voltage (Volts) (VM0R)
J78am	power	8	IM0R	sp5a	0x200	0x0	DIMM load-side current (Amps) (IM0R)
J78am	power	9	VG1F	sp4b	0x200	0x0	GPU Frame Buffer input-side voltage (Volts) (VG1F)
J78am	power	10	IG1F	sp3c	0x200	0x0	GPU FB   input-side current (Amps) (IG1F)
J78am	power	11	VC0C	sp2d	0x200	0x0	CPU Core load-side voltage (Volts) (VC0C)
J78am	power	12	IC0C	sp78	0x200	0x0	CPU Core load-side current (Amps) (IC0C)
J78am	power	13	VG0C	sp2d	0x200	0x0	GPU Core  load-side voltage (Volts) (VG0C)
J78am	power	14	IG0C	sp87	0x200	0x0	GPU Core  load-side current (Amps) (IG0C)
J78am	power	15	VH05	sp3c	0x200	0x0	Drive 0 5V load-side voltage (Volts) (VH05)
J78am	power	16	IH05	sp2d	0x200	0x0	Drive 0 5V   load-side current (Amps) (IH05)
J78am	power	17	IW0R	sp3c	0x200	0x0	Wifi load-side current (Amps) (IW0R)
J78am	power	18	IH02	sp3c	0x200	0x0	Drive 0 12V load-side current (Amps) (IH02)
J78am	power	19	VR1R	sp2d	0x200	0x0	PCH/GPU/TBT load-side voltage (Volts) (VR1R)
J78am	power	20	IG1A	sp3c	0x200	0x0	GPU Aux  input-side current (Amps) (IG1A)
J78am	power	21	VR3R	sp3c	0x200	0x0	3.3V load-side voltage (Volts) (VR3R)
J78am	power	22	IH1R	sp3c	0x200	0x0	Drive 1 3.3V load-side current (Amps) (IH1R)
J78am	power	23	VG0I	sp2d	0x200	0x0	GPU VDDCI load-side voltage (Volts) (VG0I)
J78am	power	24	IG0I	sp5a	0x200	0x0	GPU VDDCI load-side current (Amps) (IG0I)
J78am	power	25	PD2R	sp96	0x200	0x0	Power Supply 12V power (Watts) (PD2R)
J78am	power	26	PG1C	sp96	0x200	0x0	GPU Core+VDDCI input-side power (Watts) (PG1C)
J78am	power	27	PC0M	sp96	0x200	0x0	CPU Mem  load-side power (Watts) (PC0M)
J78am	power	28	PM0R	sp96	0x200	0x0	DIMM load-side power (Watts) (PM0R)
J78am	power	29	PG1F	sp96	0x200	0x0	GPU Frame Buf  input-side power (Watts) (PG1F)
J78am	power	30	PC0C	sp96	0x200	0x0	CPU Core load-side power (Watts) (PC0C)
J78am	power	31	PG0C	sp96	0x200	0x0	GPU Core    load-side power (Watts) (PG0C)
J78am	power	32	PG1A	sp96	0x200	0x0	GPU Aux    input-side power (Watts) (PG1A)
J78am	power	33	PG0A	sp96	0x200	0x0	GPU Aux     load-side power (= x% of PG1A) (Watts) (PG0A)
J78am	power	34	PG0I	sp96	0x200	0x0	GPU VDDCI   load-side power (Watts) (PG0I)
J78am	power	35	PG0M	sp96	0x200	0x0	GPU Mem Ctl load-side power (= 30% of PG1F * efficiency) (Watts) (PG0M)
J78am	power	36	PG0V	sp96	0x200	0x0	GPU VRAM    load-side power (= 70% of PG1F * efficiency) (Watts) (PG0V)
J78am	power	37	PH05	sp96	0x200	0x0	Drive 0 5V load-side power (Watts) (PH05)
J78am	power	38	PH02	sp96	0x200	0x0	Drive 0 12V load-side power (Watts) (PH02)
J78am	power	39	PW0R	sp96	0x200	0x0	Wifi load-side power (Watts) (PW0R)
J78am	power	40	PH1R	sp96	0x200	0x0	Drive 1 load-side power (Watts) (PH1R)
J78am	power	41	PH0R	sp96	0x200	0x0	Drive 0 total load-side power (PH02 + PH05) (Watts) (PH0R)
J78am	power	42	PGPR	sp96	0x200	0x0	GPU package total load-side power (SMC) (PGPR)
J78am	power	43	PGTR	sp96	0x200	0x0	GPU total input-side power (PGTR)
J78am	power	44	PCPR	sp96	0x200	0x0	CPU package total power (SMC) (PCPR)
J78am	power	45	PCTR	sp96	0x200	0x0	CPU total equivalent input-side power (PCTR)
J78am	power	46	PZ0G	sp96	0x200	0x0	Zone 0 average power (Watts) (PZ0G)
J78am	power	47	PZ1G	sp96	0x200	0x0	Zone 1 average power (Watts) (PZ1G)
J78am	power	48	PZ2G	sp96	0x200	0x0	Zone 2 average power (Watts) (PZ2G)
J78am	power	49	PZ3G	sp96	0x200	0x0	Zone 3 average power (Watts) (PZ3G)
J78am	power	50	PZ4G	sp96	0x200	0x0	Zone 4 average power (Watts) (PZ4G)
J78am	power	51	PZ5G	sp96	0x200	0x0	Zone 5 average power (Watts) (PZ5G)
J78am	power	52	ID2I	sp78	0x200	0x0	Power Supply 12V current filter input S7.8 (Amps) (ID2I)
J78am	power	220	PZ0F	flt 	0x400	0x0	Zone 0 Filtered Power (PZ0F)
J78am	power	221	PZ0E	flt 	0x400	0x0	Zone 0 Target Power (PZ0E)
J78am	power	222	PZ0T	flt 	0x400	0x0	Zone 0 Abstract Throttle (PZ0T)
J78am	power	223	PZ1F	flt 	0x400	0x0	Zone 1 Filtered Power (PZ1F)
J78am	power	224	PZ1E	flt 	0x400	0x0	Zone 1 Target Power (PZ1E)
J78am	power	225	PZ1T	flt 	0x400	0x0	Zone 1 Abstract Throttle (PZ1T)
J78am	power	226	PZ2F	flt 	0x400	0x0	Zone 2 Filtered Power (PZ2F)
J78am	power	227	PZ2E	flt 	0x400	0x0	Zone 2 Target Power (PZ2E)
J78am	power	228	PZ2T	flt 	0x400	0x0	Zone 2 Abstract Throttle (PZ2T)
J78am	power	229	PZ3F	flt 	0x400	0x0	Zone 3 Filtered Power (PZ3F)
J78am	power	230	PZ3E	flt 	0x400	0x0	Zone 3 Target Power (PZ3E)
J78am	power	231	PZ3T	flt 	0x400	0x0	Zone 3 Abstract Throttle (PZ3T)
J78am	power	232	PZ4F	flt 	0x400	0x0	Zone 4 Filtered Power (PZ4F)
J78am	power	233	PZ4E	flt 	0x400	0x0	Zone 4 Target Power (PZ4E)
J78am	power	234	PZ4T	flt 	0x400	0x0	Zone 4 Abstract Throttle (PZ4T)
J78am	power	235	PZ5F	flt 	0x400	0x0	Zone 5 Filtered Power (PZ5F)
J78am	power	236	PZ5E	flt 	0x400	0x0	Zone 5 Target Power (PZ5E)
J78am	power	237	PZ5T	flt 	0x400	0x0	Zone 5 Abstract Throttle (PZ5T)
J78am	power	240	MSTc	ui8 	0x100	0x0	CPU Plimit (MSTc)
J78am	power	241	MSTg	ui8 	0x100	0x0	GPU Plimit (MSTg)
J78am	power	243	MSTi	ui8 	0x100	0x0	2nd GPU Plimit (MSTi)
J78am	power	244	MSTf	ui8 	0x100	0x0	Forced Idle Limit (MSTf)
J78am	temp	1	TA0p	sp78	0x200	0x0	Ambient raw temp (DegC) (TA0p)
J78am	temp	2	Tb0p	sp78	0x200	0x0	Backlight Controller proximity raw temp (DegC) (Tb0p)
J78am	temp	3	TC0p	sp78	0x200	0x0	CPU Proximity raw temp (DegC) (TC0p)
J78am	temp	4	TM0p	sp78	0x200	0x0	DIMM 0 Proximity raw temp (DegC) (TM0p)
J78am	temp	5	TM1p	sp78	0x200	0x0	DIMM 1 Proximity raw temp (DegC) (TM1p)
J78am	temp	6	TM2p	sp78	0x200	0x0	DIMM 2 Proximity raw temp (DegC) (TM2p)
J78am	temp	7	TM3p	sp78	0x200	0x0	DIMM 3 Proximity raw temp (DegC) (TM3p)
J78am	temp	8	TG0d	sp78	0x200	0x0	GPU Die raw temp (DegC) (TG0d)
J78am	temp	9	TG0p	sp78	0x200	0x0	GPU Proximity 0 (internal EMC1414) raw temp (DegC) (TG0p)
J78am	temp	10	TG1p	sp78	0x200	0x0	GPU GDDR5 Proximity 1 raw temp (DegC) (TG1p)
J78am	temp	11	TG2p	sp78	0x200	0x0	GPU VR Proximity 2 raw temp (DegC) (TG2p)
J78am	temp	12	TG3p	sp78	0x200	0x0	GPU FB VR Proximity 3 (via diode connected to EMC1428) raw temp (DegC) (TG3p)
J78am	temp	13	TH0o	ui16	0x200	0x0	Drive 0 OOBv1 raw bit-mapped temp (TH0o)
J78am	temp	14	TH1o	ui16	0x200	0x0	Drive 1 OOBv1 raw bit-mapped temp (TH1o)
J78am	temp	15	TL0p	sp78	0x200	0x0	LCD unfiltered front-of-screen raw temp (DegC) (TL0p)
J78am	temp	16	TL1p	sp78	0x200	0x0	LCD TCON Proximity raw temp (DegC) (TL1p)
J78am	temp	17	Tm0p	sp78	0x200	0x0	MLB Proximity 0 raw    temp: MLB top near power connector (DegC) (Tm0p)
J78am	temp	18	Tm1p	sp78	0x200	0x0	MLB Proximity 1 raw    temp: MLB top near GPU (DegC) (Tm1p)
J78am	temp	19	Tm2p	sp78	0x200	0x0	MLB Proximity 2 raw    temp: MLB bottom near CPU (DegC) (Tm2p)
J78am	temp	20	TC0c	sp78	0x200	0x0	CPU Core 0 absolute raw temp (PECI) (DegC) (TC0c)
J78am	temp	21	TC1c	sp78	0x200	0x0	CPU Core 1 absolute raw temp (PECI) (DegC) (TC1c)
J78am	temp	22	TC2c	sp78	0x200	0x0	CPU Core 2 absolute raw temp (PECI) (DegC) (TC2c)
J78am	temp	23	TC3c	sp78	0x200	0x0	CPU Core 3 absolute raw temp (PECI) (DegC) (TC3c)
J78am	temp	24	TCGc	sp78	0x200	0x0	CPU Gfx absolute raw temp (PECI) (DegC) (TCGc)
J78am	temp	25	TCSc	sp78	0x200	0x0	CPU System Agent Core absolute raw temp (PECI) (DegC) (TCSc)
J78am	temp	26	TCXc	sp78	0x200	0x0	CPU Max Package Core absolute raw temp (PECI) (DegC) (TCXc)
J78am	temp	27	TCXr	sp78	0x200	0x0	CPU Max Package Core relative raw temp (PECI) (DegC) (TCXr)
J78am	temp	28	Tp2h	sp78	0x200	0x0	Power Supply T2 Secondary Heatsink raw temp (DegC) (Tp2h)
J78am	temp	29	TH0a	sp78	0x200	0x0	Drive 0 OOBv3 absolute raw temp A (DegC) (TH0a)
J78am	temp	30	TH0b	sp78	0x200	0x0	Drive 0 OOBv3 absolute raw temp B (DegC) (TH0b)
J78am	temp	31	TH0c	sp78	0x200	0x0	Drive 0 OOBv3 absolute raw temp C (DegC) (TH0c)
J78am	temp	32	TH0e	sp78	0x200	0x0	Drive 0 temp sensor existence used for TM0V (0) = present (TH0e)
J78am	temp	33	TH1a	sp78	0x200	0x0	Drive 1 OOBv3 absolute raw temp A (DegC) (TH1a)
J78am	temp	34	TH1b	sp78	0x200	0x0	Drive 1 OOBv3 absolute raw temp B (DegC) (TH1b)
J78am	temp	35	TH1c	sp78	0x200	0x0	Drive 1 OOBv3 absolute raw temp C (DegC) (TH1c)
J78am	temp	36	TA0P	sp78	0x200	0x0	Ambient cooked temp (DegC) (TA0P)
J78am	temp	37	Tb0P	sp78	0x200	0x0	Backlight Controller proximity cooked temp (DegC) (Tb0P)
J78am	temp	38	TC0L	ui16	0x200	0x0	CPU PECI Die dynamic filter coeff (Seconds) (TC0L)
J78am	temp	39	TC0P	sp78	0x200	0x0	CPU Proximity cooked temp (DegC) (TC0P)
J78am	temp	40	TM0P	sp78	0x200	0x0	DIMM 0 Proximity cooked temp (DegC) (TM0P)
J78am	temp	41	TM1P	sp78	0x200	0x0	DIMM 1 Proximity cooked temp (DegC) (TM1P)
J78am	temp	42	TM2P	sp78	0x200	0x0	DIMM 2 Proximity cooked temp (DegC) (TM2P)
J78am	temp	43	TM3P	sp78	0x200	0x0	DIMM 3 Proximity cooked temp (DegC) (TM3P)
J78am	temp	44	TMXP	sp78	0x200	0x0	DIMM Proximity max cooked temp (DegC) (TMXP)
J78am	temp	45	TH0O	sp78	0x200	0x0	Drive 0 OOBv1 mapped temp (DegC) (TH0O)
J78am	temp	46	TH1O	sp78	0x200	0x0	Drive 1 OOBv1 mapped temp (DegC) (TH1O)
J78am	temp	47	TG0D	sp78	0x200	0x0	GPU Die cooked temp (DegC) (TG0D)
J78am	temp	48	TG0L	ui16	0x200	0x0	GPU Die dynamic filter coeff (Seconds) (TG0L)
J78am	temp	49	TG0P	sp78	0x200	0x0	GPU Proximity 0 (internal EMC1414) cooked temp (DegC) (TG0P)
J78am	temp	50	TG1P	sp78	0x200	0x0	GPU GDDR5 Proximity 1 cooked temp (DegC) (TG1P)
J78am	temp	51	TG2P	sp78	0x200	0x0	GPU VR Proximity 2 cooked temp (DegC) (TG2P)
J78am	temp	52	TG3P	sp78	0x200	0x0	GPU FB VR Proximity 3 (via diode connected to EMC1428) cooked temp (DegC) (TG3P)
J78am	temp	53	TL0P	sp78	0x200	0x0	LCD unfiltered front-of-screen cooked temp (DegC) (TL0P)
J78am	temp	54	TL1P	sp78	0x200	0x0	LCD TCON Proximity cooked temp (DegC) (TL1P)
J78am	temp	55	Tm0P	sp78	0x200	0x0	MLB Proximity 0 cooked temp: MLB top near power connector (DegC) (Tm0P)
J78am	temp	56	Tm1P	sp78	0x200	0x0	MLB Proximity 1 cooked temp: MLB top near GPU (DegC) (Tm1P)
J78am	temp	57	Tm2P	sp78	0x200	0x0	MLB Proximity 2 cooked temp: MLB bottom near CPU (DegC) (Tm2P)
J78am	temp	58	TPCD	sp78	0x200	0x0	PCH Die cooked temp (DegC) (TPCD)
J78am	temp	59	TCXR	sp78	0x200	0x0	CPU Max Package Core relative cooked temp (PECI) (DegC) (TCXR)
J78am	temp	60	PCPC	sp96	0x200	0x0	CPU package core power (PECI) (Watts) (PCPC)
J78am	temp	61	PCPG	sp96	0x200	0x0	CPU package Gfx power (PECI) (Watts) (PCPG)
J78am	temp	62	PCPT	sp96	0x200	0x0	CPU package total power (PECI) (Watts) (PCPT)
J78am	temp	63	Tp2H	sp78	0x200	0x0	Power Supply T2 Secondary Heatsink cooked temp (DegC) (Tp2H)
J78am	temp	64	TH0A	sp78	0x200	0x0	Drive 0 OOBv3 absolute cooked temp A (DegC) (TH0A)
J78am	temp	65	TH0B	sp78	0x200	0x0	Drive 0 OOBv3 absolute cooked temp B (DegC) (TH0B)
J78am	temp	66	TH0C	sp78	0x200	0x0	Drive 0 OOBv3 absolute cooked temp C (DegC) (TH0C)
J78am	temp	67	TH0R	sp78	0x200	0x0	Drive 0 OOBv3 relative cooked temp Max (DegC) (TH0R)
J78am	temp	68	TH1A	sp78	0x200	0x0	Drive 1 OOBv3 absolute cooked temp A (DegC) (TH1A)
J78am	temp	69	TH1B	sp78	0x200	0x0	Drive 1 OOBv3 absolute cooked temp B (DegC) (TH1B)
J78am	temp	70	TH1C	sp78	0x200	0x0	Drive 1 OOBv3 absolute cooked temp C (DegC) (TH1C)
J78am	temp	71	TH1R	sp78	0x200	0x0	Drive 1 OOBv3 relative cooked temp Max (DegC) (TH1R)
J78am	temp	72	TA0V	sp78	0x200	0x0	Ambient virtual temp (DegC) (TA0V)
J78am	temp	73	TM0V	sp78	0x200	0x0	DIMM virtual temp (DegC) (TM0V)
J78am	temp	74	TM1a	sp78	0x200	0x0	DIMM virtual temp for 2x DIMM Slot1+2+3+4 config (DegC) (TM1a)
J78am	temp	75	TM2a	sp78	0x200	0x0	DIMM virtual temp for 2x DIMM Slot1+3 config (DegC) (TM2a)
J78am	temp	76	TM2b	sp78	0x200	0x0	DIMM virtual temp for 2x DIMM Slot1+2 or Slot2+3 config (DegC) (TM2b)
J78am	temp	77	TM2c	sp78	0x200	0x0	DIMM virtual temp for 2x DIMM Slot1+4 or Slot2+4 config (DegC) (TM2c)
J78am	temp	78	TM2d	sp78	0x200	0x0	DIMM virtual temp for 2x DIMM Slot3+4 config (DegC) (TM2d)
J78am	temp	79	TM3a	sp78	0x200	0x0	DIMM virtual temp for 3x DIMM Slot2+3+4 config (DegC) (TM3a)
J78am	temp	80	TM3b	sp78	0x200	0x0	DIMM virtual temp for 3x DIMM Slot1+3+4 config (DegC) (TM3b)
J78am	temp	81	TM3c	sp78	0x200	0x0	DIMM virtual temp for 3x DIMM Slot1+2+4 config (DegC) (TM3c)
J78am	temp	82	TM3d	sp78	0x200	0x0	DIMM virtual temp for 3x DIMM Slot1+2+3 config (DegC) (TM3d)
J78am	temp	83	TM4a	sp78	0x200	0x0	DIMM virtual temp for 4x DIMM Slot1+2+3+4 config (DegC) (TM4a)
J78am	temp	84	TH0P	sp78	0x200	0x0	Drive 0 OOBv1 filtered temp (DegC) (TH0P)
J78am	temp	85	PH0F	sp78	0x200	0x0	Drive 0 filtered total load-side power (PH02 + PH05) * 2 (Watts) (PH0F)
J78am	temp	86	TH1P	sp78	0x200	0x0	Drive 1 OOBv1 filtered temp (DegC) (TH1P)
J78am	temp	87	PH1F	sp78	0x200	0x0	Drive 1 filtered load-side power * 3 (Watts) (PH1F)
J78am	temp	88	TC0E	sp78	0x200	0x0	CPU PECI Die filtered temp (DegC) (TC0E)
J78am	temp	89	TC0F	sp78	0x200	0x0	CPU PECI Die filtered and adjusted temp for fan/power control (DegC) (TC0F)
J78am	temp	90	TC0J	sp78	0x200	0x0	CPU PECI Die temp max error used in TC0F=TC0E+ (DegC) (TC0J)
J78am	temp	91	TC0T	sp78	0x200	0x0	CPU PECI Die temp Trend (DegC) (TC0T)
J78am	temp	92	TG0E	sp78	0x200	0x0	GPU Die filtered temp (DegC) (TG0E)
J78am	temp	93	TG0F	sp78	0x200	0x0	GPU Die filtered and adjusted temp for fan/power control (DegC) (TG0F)
J78am	temp	94	TG0J	sp78	0x200	0x0	GPU Die temp max error used in TG0F=TG0E+ (DegC) (TG0J)
J78am	temp	95	TG0T	sp78	0x200	0x0	GPU Die temp Trend (DegC) (TG0T)
J78am	temp	96	TL0V	sp78	0x200	0x0	LCD filtered front-of-screen hotspot virtual temp (DegC) (TL0V)
J78am	temp	97	TL1v	sp78	0x200	0x0	LCD filtered center front-of-screen temp that feeds TL1V (DegC) (TL1v)
J78am	temp	98	TL1V	sp78	0x200	0x0	LCD TL1v-filtered center front-of-screen temp for color compensation (DegC) (TL1V)
J78am	temp	99	Tp2F	sp78	0x200	0x0	Power Supply T2 Secondary Heatsink filtered temp (DegC) (Tp2F)
J78am	temp	100	TS0V	sp78	0x200	0x0	Skin 0 virtual temp (DegC) (TS0V)
J78am	temp	101	TH0F	sp78	0x200	0x0	Drive 0 OOBv3 relative filtered temp Max (DegC) (TH0F)
J78am	temp	102	TH1F	sp78	0x200	0x0	Drive 1 OOBv3 relative filtered temp Max (DegC) (TH1F)
J78am	temp	103	PM0f	sp2d	0x200	0x0	DIMM load-side power / SQR(Fan RPM) (PM0f)
J78am	temp	220	F0Ac	fpe2	0x200	0x0	Fan0 Actual RPM(F0Ac)
J78am	temp	239	PSTR	sp96	0x200	0x0	System Total Power Consumed (Delayed 1 Second) (Watts) (PSTR)
J92	power	1	PPBR	sp78	0x200	0x0	PBus on battery power (Watts) (PPBR)
J92	power	2	PDTR	sp78	0x200	0x0	DC-In total power  (Watts) (PDTR)
J92	power	3	PC0R	sp78	0x200	0x0	CPU Computing High Side Power (Watts) (PC0R)
J92	power	4	PHPC	sp78	0x200	0x0	Thermal control Power (Watts) (PHPC)
J92	power	5	VP0R	sp5a	0x200	0x0	PBus rail voltage. (Volts) (VP0R)
J92	power	6	VD0R	sp5a	0x200	0x0	DC In voltage. (Volts) (VD0R)
J92	power	7	IPBR	sp5a	0x200	0x0	PBus on battery current. (Amps) (IPBR)
J92	power	8	ID0R	sp5a	0x200	0x0	DC In rail current. (Amps) (ID0R)
J92	power	9	IC0R	sp5a	0x200	0x0	CPU Computing High Side current. (Amps) (IC0R)
J92	power	10	VCFR	sp5a	0x200	0x0	FIVR CPU supply voltage. (Volts) (VCFR)
J92	power	11	VACC	sp5a	0x200	0x0	ACC voltage. (Volts) (VACC)
J92	power	220	PZ0F	flt 	0x400	0x0	Zone 0 Filtered Power (PZ0F)
J92	power	221	PZ0E	flt 	0x400	0x0	Zone 0 Target Power (PZ0E)
J92	power	222	PZ0T	flt 	0x400	0x0	Zone 0 Abstract Throttle (PZ0T)
J92	power	223	PZ1F	flt 	0x400	0x0	Zone 1 Filtered Power (PZ1F)
J92	power	224	PZ1E	flt 	0x400	0x0	Zone 1 Target Power (PZ1E)
J92	power	225	PZ1T	flt 	0x400	0x0	Zone 1 Abstract Throttle (PZ1T)
J92	power	226	PZ2F	flt 	0x400	0x0	Zone 2 Filtered Power (PZ2F)
J92	power	227	PZ2E	flt 	0x400	0x0	Zone 2 Target Power (PZ2E)
J92	power	228	PZ2T	flt 	0x400	0x0	Zone 2 Abstract Throttle (PZ2T)
J92	power	240	MSTc	ui8 	0x100	0x0	CPU Plimit (MSTc)
J92	power	241	MSTg	ui8 	0x100	0x0	GPU Plimit (MSTg)
J92	power	244	MSTf	ui8 	0x100	0x0	Forced Idle Limit (MSTf)
J92	temp	1	TC0P	sp78	0x200	0x0	CPU proximity temp (DegC) (TC0P)
J92	temp	2	TM0P	sp78	0x200	0x0	Memory proximity (DegC) (TM0P)
J92	temp	3	TCHP	sp78	0x200	0x0	Charger proximity temp  (DegC) (TCHP)
J92	temp	4	TW0P	sp78	0x200	0x0	Wireless proximity (DegC) (TW0P)
J92	temp	5	Ts0P	sp78	0x200	0x0	Trackpad Temp (DegC) (Ts0P)
J92	temp	6	Ts1P	sp78	0x200	0x0	Actuator Temp (DegC) (Ts1P)
J92	temp	7	Th0N	sp78	0x200	0x0	Nand temp  (DegC) (Th0N)
J92	temp	8	TPCD	sp78	0x200	0x0	PCH Die temp (DegC) (TPCD)
J92	temp	9	Th0R	sp78	0x200	0x0	RIO temp  (DegC) (Th0R)
J92	temp	10	TCXC	sp78	0x200	0x0	CPU Core PECI temp (DegC) (SIS! force bit 7) (TCXC)
J92	temp	11	PCPT	sp78	0x200	0x0	CPU package total power (PECI) (Watts) (PCPT)
J92	temp	12	PCPC	sp78	0x200	0x0	CPU package core power (PECI) (Watts) (PCPC)
J92	temp	13	PCPG	sp78	0x200	0x0	CPU package Gfx power (PECI) (Watts) (PCPG)
J92	temp	14	TC1C	sp78	0x200	0x0	CPU Core 0 temp (PECI) (DegC) (TC1C)
J92	temp	15	TC2C	sp78	0x200	0x0	CPU Core 1 temp (PECI) (DegC) (TC2C)
J92	temp	16	TCGC	sp78	0x200	0x0	CPU Gfx Core temp (PECI) (DegC) (TCGC)
J92	temp	17	TCSA	sp78	0x200	0x0	CPU System Agent Core temp (PECI) (DegC) (TCSA)
J92	temp	18	TH0a	sp78	0x200	0x0	Drive 0 OOBv3 raw temp A (DegC) (TH0a)
J92	temp	21	TBXT	sp78	0x200	0x0	Battery temp (Same as TB0T) (DegC) (TBXT)
J92	temp	22	Ts0S	sp78	0x200	0x0	Synthetic bottom skin (DegC) (Ts0S)
J92	temp	23	TCMX	sp78	0x200	0x0	Max PECI reported temp  (DegC) (TCMX)
J92	temp	24	TC0E	sp78	0x200	0x0	CPU die Virtual temp (DegC) (TC0E)
J92	temp	26	TC0F	sp78	0x200	0x0	CPU PECI die temp filtered then adjusted (DegC) (TC0F)
J92	temp	27	IBAC	sp78	0x200	0x0	Battery Current (IBAC)
J92	temp	28	TH0A	sp78	0x200	0x0	Drive 0 OOBv3 cooked temp A (DegC) (TH0A)
J92	temp	31	TH0R	sp78	0x200	0x0	Drive 0 OOBv3 relative cooked temp Max (DegC) (TH0R)
J92	temp	32	TH0V	sp78	0x200	0x0	Drive 0 backup virtual DRAM temp (DegC) (TH0V)
J92	temp	33	TH0F	sp78	0x200	0x0	Drive 0 OOBv3 relative filtered temp Max (DegC) (TH0F)
J92	temp	239	PSTR	sp78	0x200	0x0	System Total Power Consumed (Delayed 1 Second) (Watts) (PSTR)
J92	temp	240	B0FC	ui16	0x200	0x0	Battery full charge capacity. (mAh) (B0FC)
J92	temp	241	B0RM	ui16	0x200	0x0	Battery remain capacity. (mAh) (B0RM)
J92	temp	242	CHBI	ui16	0x200	0x0	Battery charge current. (mAh) (CHBI)
J92	temp	243	B0AC	si16	0x200	0x0	Battery Actual current. (A) (B0AC)
J92	temp	244	B0AV	ui16	0x200	0x0	Battery Actual Voltage. (V) (B0AV)
J680	runtime-power		PA8C				A8 load-side rail power (Watts) (PA8C)
J680	runtime-power		PBLR				BL 12V rail power (Watts) (PBLR)
J680	runtime-power		PCIC				CPU I/O load-side rail power (Watts) (PCIC)
J680	runtime-power		PCTC				CT load-side rail power (Watts) (PCTC)
J680	runtime-power		PF3C				F3 load-side rail power (Watts) (PF3C)
J680	runtime-power		PG4C				External GPU rail 4 power (Watts) (PG4C)
J680	runtime-power		PH0C				SSD 3.3V load-side rail 0 power (Watts) (PH0C)
J680	runtime-power		PH1C				SSD 3.3V load-side rail 1 power (Watts) (PH1C)
J680	runtime-power		PMCC				MC load-side rail power (Watts) (PMCC)
J680	runtime-power		POLR				Left Thunderbolt/I/O rail power (Watts) (POLR)
J680	runtime-power		PORR				Right Thunderbolt/I/O rail power (Watts) (PORR)
J680	runtime-power		PS1C				S1 load-side rail power (Watts) (PS1C)
J680	runtime-power		PSLC				SL 3.3V rail power (Watts) (PSLC)
J680	runtime-power		PULC				Left USB-C load-side rail power (Watts) (PULC)
J680	runtime-power		PURC				Right USB-C load-side rail power (Watts) (PURC)
J680	runtime-temp		TF0S	sp78			Fan 0 synthetic temperature (DegC) (TF0S)
